review_id,username,product,rating,review_text,sentiment,verified,helpful_votes
REV00001,user_0747,sunglasses,5,"Excellent sunglasses, exactly as described. Durable construction — dropped it a few times with no damage. 10/10 would recommend!",1,Verified Purchase,30
REV00002,user_0279,backpack,5,This backpack exceeded my expectations. Durable construction — dropped it a few times with no damage. Will be buying more products from this brand.,1,Verified Purchase,81
REV00003,user_0987,robot vacuum,5,Very impressed with this robot vacuum. Comfortable to use for long periods without any fatigue. 10/10 would recommend!,1,Verified Purchase,37
REV00004,user_0851,resistance bands,5,This resistance bands is worth every penny. Fits perfectly and matches exactly what was shown in the photos. A must-buy!,1,,22
REV00005,user_0227,fitness tracker,2,"Huge disappointment, expected much better from this fitness tracker. Customer support never responded to my multiple messages. Very angry and will not buy from this seller again.",0,,124
REV00006,user_0873,gaming mouse,1,"Huge disappointment, expected much better from this gaming mouse. Took forever to arrive and the item was not as described at all. Very angry and will not buy from this seller again.",0,Verified Purchase,64
REV00007,user_0707,gaming mouse,5,"Super happy with my gaming mouse purchase. Fits perfectly and matches exactly what was shown in the photos. Very satisfied, no complaints.",1,,42
REV00008,user_0909,coffee maker,2,"Huge disappointment, expected much better from this coffee maker. Took forever to arrive and the item was not as described at all. Buyer beware — stay far away.",0,,147
REV00009,user_0298,USB hub,4,"Solid USB hub, highly satisfied. Connectivity is seamless and lag-free every single time. 10/10 would recommend!",1,Verified Purchase,64
REV00010,user_0883,wireless headphones,5,Super happy with my wireless headphones purchase. The build quality is top-notch and it arrived quickly. A must-buy!,1,,18
REV00011,user_0385,earbuds,1,This earbuds stopped working after one week. The packaging was damaged and the product arrived broken. Requested a refund right away.,0,Verified Purchase,17
REV00012,user_0608,toaster oven,5,Absolutely love this toaster oven! Comfortable to use for long periods without any fatigue. 5 stars without hesitation.,1,Verified Purchase,55
REV00013,user_0204,wallet,5,"Solid wallet, highly satisfied. Fits perfectly and matches exactly what was shown in the photos. Highly recommend to anyone looking for reliability.",1,,143
REV00014,user_0983,running shoes,4,"Solid running shoes, highly satisfied. Packaging was great and the product feels premium. Will be buying more products from this brand.",1,,75
REV00015,user_0330,yoga mat,1,This yoga mat stopped working after one week. Already broke and I only used it twice — total waste of money. Do not waste your money.,0,Verified Purchase,83
REV00016,user_0369,instant pot,5,This instant pot is worth every penny. Much better than my previous one — noticeable improvement. Would definitely buy again!,1,Verified Purchase,77
REV00017,user_0568,phone case,5,"Amazing quality phone case, highly recommend. The performance quality is incredible for the price. A must-buy!",1,,10
REV00018,user_0352,screen protector,4,"Solid screen protector, highly satisfied. Much better than my previous one — noticeable improvement. Will be buying more products from this brand.",1,Verified Purchase,78
REV00019,user_0097,blender,4,"Excellent blender, exactly as described. I've been using it daily for weeks and it still works like new. Will be buying more products from this brand.",1,Verified Purchase,128
REV00020,user_0905,USB hub,4,Very impressed with this USB hub. Packaging was great and the product feels premium. 5 stars without hesitation.,1,Verified Purchase,67
REV00021,user_0995,instant pot,1,Deeply unsatisfied with this instant pot. Performance is terrible compared to competitors at the same price. Requested a refund right away.,0,Verified Purchase,66
REV00022,user_0807,coffee maker,1,Very disappointed with this coffee maker. Took forever to arrive and the item was not as described at all. Buyer beware — stay far away.,0,Verified Purchase,106
REV00023,user_0903,resistance bands,5,"Fantastic resistance bands, works perfectly. I've been using it daily for weeks and it still works like new. 10/10 would recommend!",1,Verified Purchase,132
REV00024,user_0097,bluetooth speaker,5,This bluetooth speaker is worth every penny. Much better than my previous one — noticeable improvement. Will be buying more products from this brand.,1,Verified Purchase,117
REV00025,user_0927,resistance bands,5,This resistance bands is worth every penny. Battery life is phenomenal — lasts much longer than advertised. 5 stars without hesitation.,1,,118
REV00026,user_0277,laptop stand,1,Zero stars if I could for this laptop stand. The packaging was damaged and the product arrived broken. Returning this immediately.,0,Verified Purchase,75
REV00027,user_0540,gaming mouse,4,Absolutely love this gaming mouse! Packaging was great and the product feels premium. Already ordered a second one as a gift.,1,,0
REV00028,user_0998,backpack,4,This backpack exceeded my expectations. The performance quality is incredible for the price. Would definitely buy again!,1,Verified Purchase,15
REV00029,user_0173,smart bulb,5,This smart bulb is worth every penny. Durable construction — dropped it a few times with no damage. 10/10 would recommend!,1,Verified Purchase,59
REV00030,user_0259,electric kettle,5,Best electric kettle I've ever purchased. My whole family loves it and we've recommended it to friends. Already ordered a second one as a gift.,1,,112
REV00031,user_0373,tablet,5,"Super happy with my tablet purchase. The design is sleek and modern, looks great on my desk. 10/10 would recommend!",1,Verified Purchase,72
REV00032,user_0349,electric kettle,5,Great value for money electric kettle. Customer support was very responsive when I had questions. Would definitely buy again!,1,Verified Purchase,88
REV00033,user_0043,robot vacuum,5,This robot vacuum exceeded my expectations. Comfortable to use for long periods without any fatigue. Will be buying more products from this brand.,1,Verified Purchase,94
REV00034,user_0097,tablet,2,Not as described — very misleading tablet listing. The packaging was damaged and the product arrived broken. Returning this immediately.,0,Verified Purchase,0
REV00035,user_0545,smartwatch,2,"Faulty smartwatch, does not work as advertised. Connection drops constantly and the device overheats quickly. Buyer beware — stay far away.",0,Verified Purchase,81
REV00036,user_0837,smartwatch,5,"Amazing quality smartwatch, highly recommend. Connectivity is seamless and lag-free every single time. 5 stars without hesitation.",1,Verified Purchase,77
REV00037,user_0716,air purifier,1,Very disappointed with this air purifier. Very uncomfortable to use and causes strain after just minutes. Buyer beware — stay far away.,0,,65
REV00038,user_0730,monitor,1,Very disappointed with this monitor. Instructions were incomprehensible and setup took hours. Requested a refund right away.,0,Verified Purchase,111
REV00039,user_0472,earbuds,5,"Solid earbuds, highly satisfied. Packaging was great and the product feels premium. Highly recommend to anyone looking for reliability.",1,Verified Purchase,29
REV00040,user_0191,earbuds,5,This earbuds is a game changer. Customer support was very responsive when I had questions. A must-buy!,1,,21
REV00041,user_0030,USB hub,2,This USB hub is cheaply made and falls apart. Performance is terrible compared to competitors at the same price. Worst purchase I've made this year.,0,Verified Purchase,93
REV00042,user_0747,resistance bands,1,Deeply unsatisfied with this resistance bands. Already broke and I only used it twice — total waste of money. Worst purchase I've made this year.,0,Verified Purchase,123
REV00043,user_0783,screen protector,5,"Solid screen protector, highly satisfied. Connectivity is seamless and lag-free every single time. Would definitely buy again!",1,Verified Purchase,96
REV00044,user_0195,running shoes,5,Super happy with my running shoes purchase. Durable construction — dropped it a few times with no damage. 10/10 would recommend!,1,Verified Purchase,55
REV00045,user_0160,instant pot,1,"Poor quality instant pot, save your money. Already broke and I only used it twice — total waste of money. Do not waste your money.",0,Verified Purchase,10
REV00046,user_0656,coffee maker,5,Super happy with my coffee maker purchase. Fits perfectly and matches exactly what was shown in the photos. Would definitely buy again!,1,,112
REV00047,user_0974,air purifier,5,"Fantastic air purifier, works perfectly. Comfortable to use for long periods without any fatigue. Would definitely buy again!",1,Verified Purchase,20
REV00048,user_0240,electric kettle,1,Deeply unsatisfied with this electric kettle. The design looks nothing like the photos — very misleading listing. Absolute rubbish.,0,,69
REV00049,user_0379,charging cable,4,Great value for money charging cable. Durable construction — dropped it a few times with no damage. Highly recommend to anyone looking for reliability.,1,Verified Purchase,39
REV00050,user_0981,laptop stand,5,"Amazing quality laptop stand, highly recommend. The performance quality is incredible for the price. Will be buying more products from this brand.",1,Verified Purchase,141
REV00051,user_0134,wireless headphones,2,This wireless headphones is a total scam. Cheaply made materials that scratched and peeled after first use. Buyer beware — stay far away.,0,Verified Purchase,87
REV00052,user_0916,running shoes,1,Very disappointed with this running shoes. Customer support never responded to my multiple messages. Do not waste your money.,0,,100
REV00053,user_0863,sunglasses,2,Deeply unsatisfied with this sunglasses. Took forever to arrive and the item was not as described at all. Do not waste your money.,0,Verified Purchase,99
REV00054,user_0834,water bottle,5,This water bottle is a game changer. Connectivity is seamless and lag-free every single time. Will be buying more products from this brand.,1,,138
REV00055,user_0732,screen protector,5,Great value for money screen protector. Battery life is phenomenal — lasts much longer than advertised. 5 stars without hesitation.,1,Verified Purchase,136
REV00056,user_0490,laptop stand,2,Deeply unsatisfied with this laptop stand. The packaging was damaged and the product arrived broken. Do not waste your money.,0,Verified Purchase,132
REV00057,user_0405,sunglasses,1,This sunglasses is cheaply made and falls apart. Battery dies within an hour — completely unusable for daily tasks. Requested a refund right away.,0,Verified Purchase,113
REV00058,user_0350,backpack,4,This backpack exceeded my expectations. Setup was easy and it works flawlessly right out of the box. Already ordered a second one as a gift.,1,Verified Purchase,74
REV00059,user_0891,webcam,5,Super happy with my webcam purchase. Durable construction — dropped it a few times with no damage. A must-buy!,1,Verified Purchase,113
REV00060,user_0152,USB hub,5,"Very impressed with this USB hub. Packaging was great and the product feels premium. Very satisfied, no complaints.",1,Verified Purchase,38
REV00061,user_0009,electric kettle,1,"Terrible electric kettle, complete waste of money. Loud rattling noise that makes it completely unusable. Very angry and will not buy from this seller again.",0,Verified Purchase,78
REV00062,user_0439,smart bulb,5,"This smart bulb exceeded my expectations. Setup was easy and it works flawlessly right out of the box. Very satisfied, no complaints.",1,Verified Purchase,4
REV00063,user_0693,backpack,2,This backpack is a total scam. Connection drops constantly and the device overheats quickly. Do not waste your money.,0,,1
REV00064,user_0475,phone case,2,Worst phone case I have ever purchased. Loud rattling noise that makes it completely unusable. Worst purchase I've made this year.,0,Verified Purchase,37
REV00065,user_0654,electric kettle,1,"Terrible electric kettle, complete waste of money. Cheaply made materials that scratched and peeled after first use. Absolute rubbish.",0,,62
REV00066,user_0791,mechanical keyboard,5,"This mechanical keyboard exceeded my expectations. Battery life is phenomenal — lasts much longer than advertised. Very satisfied, no complaints.",1,Verified Purchase,111
REV00067,user_0048,laptop stand,5,"Amazing quality laptop stand, highly recommend. Packaging was great and the product feels premium. 10/10 would recommend!",1,Verified Purchase,71
REV00068,user_0170,blender,4,"Excellent blender, exactly as described. Fits perfectly and matches exactly what was shown in the photos. Highly recommend to anyone looking for reliability.",1,Verified Purchase,84
REV00069,user_0982,charging cable,5,"Excellent charging cable, exactly as described. The design is sleek and modern, looks great on my desk. Would definitely buy again!",1,Verified Purchase,83
REV00070,user_0675,water bottle,5,"Solid water bottle, highly satisfied. The design is sleek and modern, looks great on my desk. 5 stars without hesitation.",1,Verified Purchase,141
REV00071,user_0141,sunglasses,5,Absolutely love this sunglasses! Setup was easy and it works flawlessly right out of the box. Will be buying more products from this brand.,1,,51
REV00072,user_0634,instant pot,2,This instant pot is a total scam. The design looks nothing like the photos — very misleading listing. Worst purchase I've made this year.,0,Verified Purchase,146
REV00073,user_0169,yoga mat,5,Very impressed with this yoga mat. Connectivity is seamless and lag-free every single time. Highly recommend to anyone looking for reliability.,1,Verified Purchase,50
REV00074,user_0483,power bank,5,Purchased this power bank last month and love it. The performance quality is incredible for the price. 10/10 would recommend!,1,Verified Purchase,115
REV00075,user_0447,gaming mouse,5,"Fantastic gaming mouse, works perfectly. Much better than my previous one — noticeable improvement. Highly recommend to anyone looking for reliability.",1,,134
REV00076,user_0309,robot vacuum,1,Deeply unsatisfied with this robot vacuum. Customer support never responded to my multiple messages. Do not waste your money.,0,Verified Purchase,92
REV00077,user_0781,earbuds,1,This earbuds stopped working after one week. Already broke and I only used it twice — total waste of money. 1 star — would give zero if possible.,0,Verified Purchase,71
REV00078,user_0590,tablet,2,Zero stars if I could for this tablet. Performance is terrible compared to competitors at the same price. Very angry and will not buy from this seller again.,0,Verified Purchase,81
REV00079,user_0076,laptop stand,5,"Outstanding laptop stand, five stars. Customer support was very responsive when I had questions. 10/10 would recommend!",1,Verified Purchase,109
REV00080,user_0076,laptop stand,1,This laptop stand is a total scam. It stopped working completely after just a few days of light use. Absolute rubbish.,0,Verified Purchase,107
REV00081,user_0018,power bank,5,Great value for money power bank. Packaging was great and the product feels premium. 10/10 would recommend!,1,Verified Purchase,124
REV00082,user_0140,laptop stand,5,Super happy with my laptop stand purchase. Fits perfectly and matches exactly what was shown in the photos. Would definitely buy again!,1,Verified Purchase,119
REV00083,user_0187,smart bulb,1,"Poor quality smart bulb, save your money. Very uncomfortable to use and causes strain after just minutes. Worst purchase I've made this year.",0,Verified Purchase,64
REV00084,user_0015,screen protector,4,This screen protector exceeded my expectations. Battery life is phenomenal — lasts much longer than advertised. 5 stars without hesitation.,1,,116
REV00085,user_0550,USB hub,5,"Couldn't be happier with this USB hub. The design is sleek and modern, looks great on my desk. 10/10 would recommend!",1,Verified Purchase,27
REV00086,user_0724,smartwatch,2,Zero stars if I could for this smartwatch. Already broke and I only used it twice — total waste of money. 1 star — would give zero if possible.,0,,54
REV00087,user_0025,smart bulb,5,Absolutely love this smart bulb! The build quality is top-notch and it arrived quickly. Already ordered a second one as a gift.,1,,103
REV00088,user_0415,wallet,1,Not as described — very misleading wallet listing. Battery dies within an hour — completely unusable for daily tasks. Worst purchase I've made this year.,0,Verified Purchase,80
REV00089,user_0006,air purifier,1,This air purifier is a total scam. Instructions were incomprehensible and setup took hours. 1 star — would give zero if possible.,0,,148
REV00090,user_0390,charging cable,5,Absolutely love this charging cable! Fits perfectly and matches exactly what was shown in the photos. 10/10 would recommend!,1,Verified Purchase,16
REV00091,user_0068,wireless headphones,2,This wireless headphones broke within days. Loud rattling noise that makes it completely unusable. Very angry and will not buy from this seller again.,0,,124
REV00092,user_0491,backpack,5,"Solid backpack, highly satisfied. The performance quality is incredible for the price. Will be buying more products from this brand.",1,Verified Purchase,62
REV00093,user_0068,smart bulb,5,Absolutely love this smart bulb! Battery life is phenomenal — lasts much longer than advertised. 10/10 would recommend!,1,,7
REV00094,user_0663,smartwatch,4,"Fantastic smartwatch, works perfectly. Durable construction — dropped it a few times with no damage. 5 stars without hesitation.",1,Verified Purchase,17
REV00095,user_0664,running shoes,5,Super happy with my running shoes purchase. Fits perfectly and matches exactly what was shown in the photos. Will be buying more products from this brand.,1,Verified Purchase,76
REV00096,user_0674,bluetooth speaker,5,This bluetooth speaker exceeded my expectations. The performance quality is incredible for the price. Will be buying more products from this brand.,1,Verified Purchase,65
REV00097,user_0304,robot vacuum,1,This robot vacuum broke within days. Already broke and I only used it twice — total waste of money. Absolute rubbish.,0,Verified Purchase,140
REV00098,user_0627,toaster oven,5,Couldn't be happier with this toaster oven. The performance quality is incredible for the price. 10/10 would recommend!,1,Verified Purchase,141
REV00099,user_0678,mechanical keyboard,4,Couldn't be happier with this mechanical keyboard. Much better than my previous one — noticeable improvement. Highly recommend to anyone looking for reliability.,1,Verified Purchase,33
REV00100,user_0375,e-reader,5,Very impressed with this e-reader. Customer support was very responsive when I had questions. 10/10 would recommend!,1,,57
REV00101,user_0021,sunglasses,1,Zero stars if I could for this sunglasses. The quality is extremely poor and feels like it will break any day. Do not waste your money.,0,Verified Purchase,104
REV00102,user_0988,monitor,2,This monitor is a total scam. Connection drops constantly and the device overheats quickly. Returning this immediately.,0,Verified Purchase,10
REV00103,user_0813,webcam,2,This webcam is cheaply made and falls apart. The packaging was damaged and the product arrived broken. Worst purchase I've made this year.,0,Verified Purchase,12
REV00104,user_0380,instant pot,1,"Huge disappointment, expected much better from this instant pot. The packaging was damaged and the product arrived broken. Very angry and will not buy from this seller again.",0,Verified Purchase,144
REV00105,user_0001,instant pot,5,This instant pot exceeded my expectations. Setup was easy and it works flawlessly right out of the box. Already ordered a second one as a gift.,1,,89
REV00106,user_0145,charging cable,5,This charging cable is a game changer. Setup was easy and it works flawlessly right out of the box. Highly recommend to anyone looking for reliability.,1,,43
REV00107,user_0395,water bottle,1,Zero stars if I could for this water bottle. Took forever to arrive and the item was not as described at all. Very angry and will not buy from this seller again.,0,Verified Purchase,88
REV00108,user_0714,wallet,5,Absolutely love this wallet! Battery life is phenomenal — lasts much longer than advertised. A must-buy!,1,,104
REV00109,user_0328,gaming mouse,1,Do NOT buy this gaming mouse. Very uncomfortable to use and causes strain after just minutes. 1 star — would give zero if possible.,0,,46
REV00110,user_0400,tablet,5,"Excellent tablet, exactly as described. Much better than my previous one — noticeable improvement. Very satisfied, no complaints.",1,Verified Purchase,95
REV00111,user_0589,robot vacuum,5,This robot vacuum is worth every penny. Customer support was very responsive when I had questions. 10/10 would recommend!,1,Verified Purchase,17
REV00112,user_0463,USB hub,1,Very disappointed with this USB hub. Took forever to arrive and the item was not as described at all. Very angry and will not buy from this seller again.,0,Verified Purchase,33
REV00113,user_0555,water bottle,5,Great value for money water bottle. Fits perfectly and matches exactly what was shown in the photos. 10/10 would recommend!,1,Verified Purchase,147
REV00114,user_0651,mechanical keyboard,5,"Outstanding mechanical keyboard, five stars. I've been using it daily for weeks and it still works like new. 10/10 would recommend!",1,Verified Purchase,138
REV00115,user_0045,tablet,5,Absolutely love this tablet! Comfortable to use for long periods without any fatigue. 5 stars without hesitation.,1,Verified Purchase,46
REV00116,user_0955,blender,2,"Faulty blender, does not work as advertised. Very uncomfortable to use and causes strain after just minutes. Buyer beware — stay far away.",0,Verified Purchase,42
REV00117,user_0457,blender,2,Not as described — very misleading blender listing. Instructions were incomprehensible and setup took hours. Very angry and will not buy from this seller again.,0,,19
REV00118,user_0324,air purifier,5,Couldn't be happier with this air purifier. Packaging was great and the product feels premium. Highly recommend to anyone looking for reliability.,1,Verified Purchase,137
REV00119,user_0690,mechanical keyboard,1,This mechanical keyboard is a total scam. It stopped working completely after just a few days of light use. Buyer beware — stay far away.,0,Verified Purchase,25
REV00120,user_0279,air purifier,5,Super happy with my air purifier purchase. Packaging was great and the product feels premium. A must-buy!,1,Verified Purchase,133
REV00121,user_0203,phone case,5,Super happy with my phone case purchase. Battery life is phenomenal — lasts much longer than advertised. 10/10 would recommend!,1,Verified Purchase,9
REV00122,user_0308,toaster oven,5,"Outstanding toaster oven, five stars. Battery life is phenomenal — lasts much longer than advertised. 10/10 would recommend!",1,Verified Purchase,59
REV00123,user_0877,resistance bands,1,This resistance bands is a total scam. The design looks nothing like the photos — very misleading listing. Buyer beware — stay far away.,0,Verified Purchase,44
REV00124,user_0175,gaming mouse,1,This gaming mouse stopped working after one week. Loud rattling noise that makes it completely unusable. Very angry and will not buy from this seller again.,0,Verified Purchase,131
REV00125,user_0763,robot vacuum,1,Zero stars if I could for this robot vacuum. Performance is terrible compared to competitors at the same price. Absolute rubbish.,0,Verified Purchase,96
REV00126,user_0636,blender,1,Deeply unsatisfied with this blender. Already broke and I only used it twice — total waste of money. Do not waste your money.,0,Verified Purchase,147
REV00127,user_0108,sunglasses,5,This sunglasses is a game changer. Connectivity is seamless and lag-free every single time. Already ordered a second one as a gift.,1,Verified Purchase,98
REV00128,user_0291,instant pot,4,"Solid instant pot, highly satisfied. Durable construction — dropped it a few times with no damage. Highly recommend to anyone looking for reliability.",1,Verified Purchase,115
REV00129,user_0220,running shoes,5,"Amazing quality running shoes, highly recommend. The performance quality is incredible for the price. Highly recommend to anyone looking for reliability.",1,Verified Purchase,112
REV00130,user_0152,fitness tracker,1,Do NOT buy this fitness tracker. Performance is terrible compared to competitors at the same price. 1 star — would give zero if possible.,0,Verified Purchase,45
REV00131,user_0768,webcam,1,Zero stars if I could for this webcam. Took forever to arrive and the item was not as described at all. Buyer beware — stay far away.,0,Verified Purchase,6
REV00132,user_0913,phone case,5,This phone case is worth every penny. My whole family loves it and we've recommended it to friends. A must-buy!,1,,114
REV00133,user_0611,backpack,1,Worst backpack I have ever purchased. Took forever to arrive and the item was not as described at all. Very angry and will not buy from this seller again.,0,Verified Purchase,86
REV00134,user_0613,coffee maker,5,"Excellent coffee maker, exactly as described. The design is sleek and modern, looks great on my desk. 10/10 would recommend!",1,Verified Purchase,139
REV00135,user_0652,robot vacuum,1,This robot vacuum is a total scam. Customer support never responded to my multiple messages. Returning this immediately.,0,,125
REV00136,user_0406,e-reader,4,This e-reader is worth every penny. Setup was easy and it works flawlessly right out of the box. Will be buying more products from this brand.,1,Verified Purchase,62
REV00137,user_0786,water bottle,4,"Outstanding water bottle, five stars. My whole family loves it and we've recommended it to friends. Already ordered a second one as a gift.",1,,70
REV00138,user_0426,phone case,5,Great value for money phone case. The performance quality is incredible for the price. 10/10 would recommend!,1,,137
REV00139,user_0567,earbuds,5,Super happy with my earbuds purchase. The performance quality is incredible for the price. Would definitely buy again!,1,,75
REV00140,user_0474,instant pot,2,"Terrible instant pot, complete waste of money. Customer support never responded to my multiple messages. 1 star — would give zero if possible.",0,,7
REV00141,user_0452,power bank,5,This power bank is a game changer. Fits perfectly and matches exactly what was shown in the photos. 10/10 would recommend!,1,Verified Purchase,59
REV00142,user_0536,power bank,5,This power bank is a game changer. My whole family loves it and we've recommended it to friends. 5 stars without hesitation.,1,Verified Purchase,96
REV00143,user_0447,blender,5,This blender is a game changer. Comfortable to use for long periods without any fatigue. Would definitely buy again!,1,,108
REV00144,user_0377,smart bulb,2,Zero stars if I could for this smart bulb. Loud rattling noise that makes it completely unusable. Requested a refund right away.,0,Verified Purchase,5
REV00145,user_0343,backpack,5,This backpack is a game changer. The build quality is top-notch and it arrived quickly. A must-buy!,1,Verified Purchase,146
REV00146,user_0183,e-reader,5,"Super happy with my e-reader purchase. The performance quality is incredible for the price. Very satisfied, no complaints.",1,Verified Purchase,5
REV00147,user_0120,webcam,1,"Faulty webcam, does not work as advertised. Very uncomfortable to use and causes strain after just minutes. 1 star — would give zero if possible.",0,Verified Purchase,51
REV00148,user_0086,phone case,5,Couldn't be happier with this phone case. Fits perfectly and matches exactly what was shown in the photos. A must-buy!,1,Verified Purchase,36
REV00149,user_0416,robot vacuum,5,This robot vacuum is worth every penny. Packaging was great and the product feels premium. A must-buy!,1,Verified Purchase,138
REV00150,user_0622,power bank,5,"Excellent power bank, exactly as described. Connectivity is seamless and lag-free every single time. Highly recommend to anyone looking for reliability.",1,Verified Purchase,72
REV00151,user_0564,coffee maker,5,Great value for money coffee maker. Customer support was very responsive when I had questions. 10/10 would recommend!,1,,134
REV00152,user_0021,backpack,1,Worst backpack I have ever purchased. Connection drops constantly and the device overheats quickly. Returning this immediately.,0,Verified Purchase,91
REV00153,user_0144,yoga mat,2,This yoga mat stopped working after one week. The design looks nothing like the photos — very misleading listing. Worst purchase I've made this year.,0,,51
REV00154,user_0599,toaster oven,5,"Amazing quality toaster oven, highly recommend. My whole family loves it and we've recommended it to friends. Will be buying more products from this brand.",1,,22
REV00155,user_0103,bluetooth speaker,5,"Excellent bluetooth speaker, exactly as described. Fits perfectly and matches exactly what was shown in the photos. Highly recommend to anyone looking for reliability.",1,Verified Purchase,25
REV00156,user_0123,gaming mouse,1,Not as described — very misleading gaming mouse listing. Cheaply made materials that scratched and peeled after first use. 1 star — would give zero if possible.,0,Verified Purchase,107
REV00157,user_0699,resistance bands,4,Couldn't be happier with this resistance bands. Comfortable to use for long periods without any fatigue. Already ordered a second one as a gift.,1,Verified Purchase,88
REV00158,user_0102,air purifier,5,Couldn't be happier with this air purifier. Customer support was very responsive when I had questions. Would definitely buy again!,1,Verified Purchase,15
REV00159,user_0560,tablet,2,Zero stars if I could for this tablet. The design looks nothing like the photos — very misleading listing. Requested a refund right away.,0,Verified Purchase,30
REV00160,user_0178,sunglasses,5,"Solid sunglasses, highly satisfied. Durable construction — dropped it a few times with no damage. 5 stars without hesitation.",1,Verified Purchase,72
REV00161,user_0744,wireless headphones,2,Do NOT buy this wireless headphones. Customer support never responded to my multiple messages. Worst purchase I've made this year.,0,Verified Purchase,108
REV00162,user_0576,backpack,5,Best backpack I've ever purchased. Durable construction — dropped it a few times with no damage. Already ordered a second one as a gift.,1,Verified Purchase,133
REV00163,user_0935,tablet,1,This tablet is a total scam. Connection drops constantly and the device overheats quickly. Worst purchase I've made this year.,0,Verified Purchase,105
REV00164,user_0199,resistance bands,5,"Outstanding resistance bands, five stars. Battery life is phenomenal — lasts much longer than advertised. Would definitely buy again!",1,Verified Purchase,27
REV00165,user_0649,running shoes,1,"Terrible running shoes, complete waste of money. Already broke and I only used it twice — total waste of money. Do not waste your money.",0,Verified Purchase,69
REV00166,user_0825,instant pot,1,Not as described — very misleading instant pot listing. Already broke and I only used it twice — total waste of money. Buyer beware — stay far away.,0,Verified Purchase,56
REV00167,user_0224,smart bulb,5,This smart bulb exceeded my expectations. Customer support was very responsive when I had questions. Already ordered a second one as a gift.,1,,66
REV00168,user_0072,fitness tracker,1,"Huge disappointment, expected much better from this fitness tracker. Customer support never responded to my multiple messages. Worst purchase I've made this year.",0,Verified Purchase,135
REV00169,user_0144,smart bulb,5,"This smart bulb exceeded my expectations. The design is sleek and modern, looks great on my desk. 10/10 would recommend!",1,Verified Purchase,111
REV00170,user_0382,earbuds,4,Couldn't be happier with this earbuds. Durable construction — dropped it a few times with no damage. Already ordered a second one as a gift.,1,Verified Purchase,9
REV00171,user_0382,yoga mat,5,"Excellent yoga mat, exactly as described. Setup was easy and it works flawlessly right out of the box. Would definitely buy again!",1,,114
REV00172,user_0958,laptop stand,5,"Outstanding laptop stand, five stars. Setup was easy and it works flawlessly right out of the box. A must-buy!",1,Verified Purchase,52
REV00173,user_0629,screen protector,5,Very impressed with this screen protector. Connectivity is seamless and lag-free every single time. A must-buy!,1,Verified Purchase,113
REV00174,user_0972,charging cable,1,"Terrible charging cable, complete waste of money. The quality is extremely poor and feels like it will break any day. Absolute rubbish.",0,Verified Purchase,5
REV00175,user_0072,backpack,5,Absolutely love this backpack! The performance quality is incredible for the price. 5 stars without hesitation.,1,Verified Purchase,14
REV00176,user_0473,yoga mat,2,"Faulty yoga mat, does not work as advertised. Loud rattling noise that makes it completely unusable. Worst purchase I've made this year.",0,Verified Purchase,7
REV00177,user_0602,running shoes,2,Worst running shoes I have ever purchased. Very uncomfortable to use and causes strain after just minutes. Returning this immediately.,0,Verified Purchase,9
REV00178,user_0510,blender,4,"Excellent blender, exactly as described. The performance quality is incredible for the price. 5 stars without hesitation.",1,Verified Purchase,39
REV00179,user_0043,charging cable,5,"Excellent charging cable, exactly as described. Customer support was very responsive when I had questions. 10/10 would recommend!",1,Verified Purchase,15
REV00180,user_0450,wireless headphones,1,Do NOT buy this wireless headphones. Already broke and I only used it twice — total waste of money. Buyer beware — stay far away.,0,Verified Purchase,95
REV00181,user_0425,toaster oven,5,"Outstanding toaster oven, five stars. Durable construction — dropped it a few times with no damage. Highly recommend to anyone looking for reliability.",1,Verified Purchase,29
REV00182,user_0190,laptop stand,1,Worst laptop stand I have ever purchased. Cheaply made materials that scratched and peeled after first use. Worst purchase I've made this year.,0,,117
REV00183,user_0022,wallet,5,"Fantastic wallet, works perfectly. Connectivity is seamless and lag-free every single time. Very satisfied, no complaints.",1,,129
REV00184,user_0200,electric kettle,5,"Best electric kettle I've ever purchased. The build quality is top-notch and it arrived quickly. Very satisfied, no complaints.",1,Verified Purchase,27
REV00185,user_0134,smartwatch,2,Deeply unsatisfied with this smartwatch. Connection drops constantly and the device overheats quickly. Do not waste your money.,0,Verified Purchase,125
REV00186,user_0703,blender,1,Not as described — very misleading blender listing. Battery dies within an hour — completely unusable for daily tasks. Absolute rubbish.,0,Verified Purchase,44
REV00187,user_0114,monitor,5,This monitor exceeded my expectations. Comfortable to use for long periods without any fatigue. Already ordered a second one as a gift.,1,Verified Purchase,45
REV00188,user_0680,coffee maker,5,"Amazing quality coffee maker, highly recommend. Comfortable to use for long periods without any fatigue. Already ordered a second one as a gift.",1,Verified Purchase,121
REV00189,user_0843,backpack,1,This backpack is a total scam. Connection drops constantly and the device overheats quickly. Very angry and will not buy from this seller again.,0,,111
REV00190,user_0634,electric kettle,5,Best electric kettle I've ever purchased. Durable construction — dropped it a few times with no damage. Already ordered a second one as a gift.,1,Verified Purchase,56
REV00191,user_0622,webcam,4,Purchased this webcam last month and love it. Battery life is phenomenal — lasts much longer than advertised. Will be buying more products from this brand.,1,Verified Purchase,8
REV00192,user_0371,resistance bands,5,Best resistance bands I've ever purchased. Comfortable to use for long periods without any fatigue. Already ordered a second one as a gift.,1,Verified Purchase,73
REV00193,user_0271,toaster oven,4,This toaster oven exceeded my expectations. Connectivity is seamless and lag-free every single time. A must-buy!,1,Verified Purchase,116
REV00194,user_0426,mechanical keyboard,5,"Fantastic mechanical keyboard, works perfectly. Comfortable to use for long periods without any fatigue. Very satisfied, no complaints.",1,Verified Purchase,52
REV00195,user_0792,bluetooth speaker,1,"Faulty bluetooth speaker, does not work as advertised. It stopped working completely after just a few days of light use. Requested a refund right away.",0,,27
REV00196,user_0054,running shoes,2,"Huge disappointment, expected much better from this running shoes. Connection drops constantly and the device overheats quickly. Absolute rubbish.",0,,7
REV00197,user_0200,bluetooth speaker,1,Not as described — very misleading bluetooth speaker listing. Instructions were incomprehensible and setup took hours. Buyer beware — stay far away.,0,Verified Purchase,27
REV00198,user_0083,mechanical keyboard,1,Do NOT buy this mechanical keyboard. Cheaply made materials that scratched and peeled after first use. Very angry and will not buy from this seller again.,0,Verified Purchase,140
REV00199,user_0596,USB hub,2,Do NOT buy this USB hub. The packaging was damaged and the product arrived broken. Worst purchase I've made this year.,0,Verified Purchase,124
REV00200,user_0965,smartwatch,2,"Terrible smartwatch, complete waste of money. Took forever to arrive and the item was not as described at all. Worst purchase I've made this year.",0,Verified Purchase,13
REV00201,user_0705,fitness tracker,5,Super happy with my fitness tracker purchase. The performance quality is incredible for the price. Would definitely buy again!,1,Verified Purchase,97
REV00202,user_0555,power bank,5,This power bank is worth every penny. Much better than my previous one — noticeable improvement. A must-buy!,1,Verified Purchase,41
REV00203,user_0776,resistance bands,2,Very disappointed with this resistance bands. Loud rattling noise that makes it completely unusable. Do not waste your money.,0,,39
REV00204,user_0020,bluetooth speaker,1,Deeply unsatisfied with this bluetooth speaker. Already broke and I only used it twice — total waste of money. 1 star — would give zero if possible.,0,Verified Purchase,89
REV00205,user_0158,smartwatch,1,Very disappointed with this smartwatch. Cheaply made materials that scratched and peeled after first use. Requested a refund right away.,0,Verified Purchase,131
REV00206,user_0094,backpack,5,Purchased this backpack last month and love it. Customer support was very responsive when I had questions. 5 stars without hesitation.,1,Verified Purchase,115
REV00207,user_0678,resistance bands,1,Not as described — very misleading resistance bands listing. Loud rattling noise that makes it completely unusable. Do not waste your money.,0,Verified Purchase,35
REV00208,user_0263,backpack,1,Zero stars if I could for this backpack. Instructions were incomprehensible and setup took hours. Buyer beware — stay far away.,0,,119
REV00209,user_0030,toaster oven,5,"Outstanding toaster oven, five stars. Setup was easy and it works flawlessly right out of the box. Very satisfied, no complaints.",1,Verified Purchase,117
REV00210,user_0300,monitor,5,Purchased this monitor last month and love it. Connectivity is seamless and lag-free every single time. Already ordered a second one as a gift.,1,Verified Purchase,90
REV00211,user_0237,blender,2,"Huge disappointment, expected much better from this blender. The design looks nothing like the photos — very misleading listing. 1 star — would give zero if possible.",0,,35
REV00212,user_0761,e-reader,1,This e-reader is a total scam. The packaging was damaged and the product arrived broken. Do not waste your money.,0,Verified Purchase,139
REV00213,user_0665,fitness tracker,4,Best fitness tracker I've ever purchased. Battery life is phenomenal — lasts much longer than advertised. Already ordered a second one as a gift.,1,,148
REV00214,user_0126,fitness tracker,5,"Outstanding fitness tracker, five stars. I've been using it daily for weeks and it still works like new. 10/10 would recommend!",1,Verified Purchase,18
REV00215,user_0115,sunglasses,1,Worst sunglasses I have ever purchased. The quality is extremely poor and feels like it will break any day. Buyer beware — stay far away.,0,Verified Purchase,52
REV00216,user_0492,smart bulb,1,Deeply unsatisfied with this smart bulb. Performance is terrible compared to competitors at the same price. Requested a refund right away.,0,Verified Purchase,136
REV00217,user_0611,earbuds,2,This earbuds broke within days. Performance is terrible compared to competitors at the same price. Do not waste your money.,0,Verified Purchase,147
REV00218,user_0002,electric kettle,1,This electric kettle is a total scam. The design looks nothing like the photos — very misleading listing. Very angry and will not buy from this seller again.,0,Verified Purchase,80
REV00219,user_0073,laptop stand,5,"Amazing quality laptop stand, highly recommend. I've been using it daily for weeks and it still works like new. Will be buying more products from this brand.",1,Verified Purchase,67
REV00220,user_0026,laptop stand,5,Best laptop stand I've ever purchased. My whole family loves it and we've recommended it to friends. Highly recommend to anyone looking for reliability.,1,,56
REV00221,user_0100,electric kettle,1,Worst electric kettle I have ever purchased. Performance is terrible compared to competitors at the same price. Buyer beware — stay far away.,0,Verified Purchase,119
REV00222,user_0619,e-reader,1,Worst e-reader I have ever purchased. Cheaply made materials that scratched and peeled after first use. Absolute rubbish.,0,Verified Purchase,63
REV00223,user_0406,wireless headphones,4,Best wireless headphones I've ever purchased. Connectivity is seamless and lag-free every single time. Will be buying more products from this brand.,1,Verified Purchase,2
REV00224,user_0573,bluetooth speaker,1,Do NOT buy this bluetooth speaker. The design looks nothing like the photos — very misleading listing. 1 star — would give zero if possible.,0,Verified Purchase,28
REV00225,user_0937,earbuds,1,"Huge disappointment, expected much better from this earbuds. Took forever to arrive and the item was not as described at all. Absolute rubbish.",0,,130
REV00226,user_0993,webcam,2,"Huge disappointment, expected much better from this webcam. Took forever to arrive and the item was not as described at all. Very angry and will not buy from this seller again.",0,Verified Purchase,22
REV00227,user_0817,laptop stand,2,This laptop stand broke within days. The quality is extremely poor and feels like it will break any day. Buyer beware — stay far away.,0,Verified Purchase,128
REV00228,user_0461,tablet,2,This tablet stopped working after one week. Performance is terrible compared to competitors at the same price. 1 star — would give zero if possible.,0,Verified Purchase,68
REV00229,user_0470,gaming mouse,5,Couldn't be happier with this gaming mouse. Connectivity is seamless and lag-free every single time. 5 stars without hesitation.,1,,42
REV00230,user_0715,power bank,4,Couldn't be happier with this power bank. My whole family loves it and we've recommended it to friends. Will be buying more products from this brand.,1,Verified Purchase,126
REV00231,user_0665,monitor,2,This monitor is a total scam. The packaging was damaged and the product arrived broken. Do not waste your money.,0,Verified Purchase,60
REV00232,user_0191,running shoes,5,Great value for money running shoes. Packaging was great and the product feels premium. A must-buy!,1,,101
REV00233,user_0739,screen protector,5,This screen protector is a game changer. The performance quality is incredible for the price. A must-buy!,1,,17
REV00234,user_0324,backpack,1,Regret buying this backpack. Cheaply made materials that scratched and peeled after first use. Returning this immediately.,0,Verified Purchase,143
REV00235,user_0390,wireless headphones,5,Super happy with my wireless headphones purchase. Fits perfectly and matches exactly what was shown in the photos. Would definitely buy again!,1,Verified Purchase,120
REV00236,user_0828,bluetooth speaker,1,"Terrible bluetooth speaker, complete waste of money. Performance is terrible compared to competitors at the same price. Requested a refund right away.",0,Verified Purchase,1
REV00237,user_0290,earbuds,5,"Excellent earbuds, exactly as described. Setup was easy and it works flawlessly right out of the box. Highly recommend to anyone looking for reliability.",1,Verified Purchase,63
REV00238,user_0717,screen protector,5,Best screen protector I've ever purchased. The performance quality is incredible for the price. 10/10 would recommend!,1,Verified Purchase,133
REV00239,user_0530,electric kettle,5,Super happy with my electric kettle purchase. The performance quality is incredible for the price. A must-buy!,1,Verified Purchase,111
REV00240,user_0625,e-reader,2,This e-reader is a total scam. Instructions were incomprehensible and setup took hours. Very angry and will not buy from this seller again.,0,Verified Purchase,56
REV00241,user_0744,earbuds,4,Couldn't be happier with this earbuds. The performance quality is incredible for the price. A must-buy!,1,Verified Purchase,52
REV00242,user_0587,USB hub,5,"Solid USB hub, highly satisfied. Comfortable to use for long periods without any fatigue. A must-buy!",1,Verified Purchase,121
REV00243,user_0066,backpack,1,Zero stars if I could for this backpack. Loud rattling noise that makes it completely unusable. Worst purchase I've made this year.,0,Verified Purchase,124
REV00244,user_0728,yoga mat,1,"Faulty yoga mat, does not work as advertised. Customer support never responded to my multiple messages. Returning this immediately.",0,,37
REV00245,user_0002,gaming mouse,5,Super happy with my gaming mouse purchase. Setup was easy and it works flawlessly right out of the box. Already ordered a second one as a gift.,1,,138
REV00246,user_0800,laptop stand,5,Couldn't be happier with this laptop stand. Packaging was great and the product feels premium. Will be buying more products from this brand.,1,,144
REV00247,user_0695,coffee maker,2,Very disappointed with this coffee maker. The quality is extremely poor and feels like it will break any day. Worst purchase I've made this year.,0,Verified Purchase,55
REV00248,user_0120,sunglasses,1,This sunglasses is cheaply made and falls apart. Very uncomfortable to use and causes strain after just minutes. Worst purchase I've made this year.,0,Verified Purchase,65
REV00249,user_0220,e-reader,4,Best e-reader I've ever purchased. Comfortable to use for long periods without any fatigue. 5 stars without hesitation.,1,,13
REV00250,user_0289,USB hub,4,Very impressed with this USB hub. The build quality is top-notch and it arrived quickly. 5 stars without hesitation.,1,Verified Purchase,32
REV00251,user_0373,phone case,4,This phone case exceeded my expectations. Fits perfectly and matches exactly what was shown in the photos. 10/10 would recommend!,1,Verified Purchase,102
REV00252,user_0099,mechanical keyboard,1,"Terrible mechanical keyboard, complete waste of money. Cheaply made materials that scratched and peeled after first use. Requested a refund right away.",0,Verified Purchase,42
REV00253,user_0702,running shoes,5,"Very impressed with this running shoes. The design is sleek and modern, looks great on my desk. 10/10 would recommend!",1,Verified Purchase,142
REV00254,user_0083,mechanical keyboard,5,"Fantastic mechanical keyboard, works perfectly. Customer support was very responsive when I had questions. Would definitely buy again!",1,Verified Purchase,18
REV00255,user_0398,wallet,5,This wallet exceeded my expectations. Setup was easy and it works flawlessly right out of the box. Already ordered a second one as a gift.,1,,94
REV00256,user_0283,robot vacuum,2,"Faulty robot vacuum, does not work as advertised. Battery dies within an hour — completely unusable for daily tasks. Do not waste your money.",0,Verified Purchase,63
REV00257,user_0288,smartwatch,1,"Faulty smartwatch, does not work as advertised. Battery dies within an hour — completely unusable for daily tasks. Very angry and will not buy from this seller again.",0,,68
REV00258,user_0579,mechanical keyboard,1,"Poor quality mechanical keyboard, save your money. Instructions were incomprehensible and setup took hours. Do not waste your money.",0,Verified Purchase,73
REV00259,user_0381,fitness tracker,5,This fitness tracker is a game changer. Comfortable to use for long periods without any fatigue. Will be buying more products from this brand.,1,,8
REV00260,user_0266,smartwatch,5,Absolutely love this smartwatch! Durable construction — dropped it a few times with no damage. 5 stars without hesitation.,1,,112
REV00261,user_0620,phone case,1,"Huge disappointment, expected much better from this phone case. The quality is extremely poor and feels like it will break any day. Requested a refund right away.",0,,47
REV00262,user_0087,smart bulb,5,This smart bulb is worth every penny. Packaging was great and the product feels premium. Already ordered a second one as a gift.,1,Verified Purchase,102
REV00263,user_0547,water bottle,4,"Amazing quality water bottle, highly recommend. Setup was easy and it works flawlessly right out of the box. Would definitely buy again!",1,Verified Purchase,126
REV00264,user_0817,earbuds,5,"Solid earbuds, highly satisfied. Packaging was great and the product feels premium. A must-buy!",1,Verified Purchase,36
REV00265,user_0895,monitor,5,Very impressed with this monitor. Durable construction — dropped it a few times with no damage. Will be buying more products from this brand.,1,Verified Purchase,78
REV00266,user_0561,e-reader,1,Not as described — very misleading e-reader listing. Instructions were incomprehensible and setup took hours. Absolute rubbish.,0,Verified Purchase,95
REV00267,user_0269,coffee maker,1,"Poor quality coffee maker, save your money. The quality is extremely poor and feels like it will break any day. 1 star — would give zero if possible.",0,Verified Purchase,107
REV00268,user_0560,running shoes,1,"Huge disappointment, expected much better from this running shoes. The packaging was damaged and the product arrived broken. Absolute rubbish.",0,,22
REV00269,user_0178,wallet,4,Very impressed with this wallet. The performance quality is incredible for the price. Already ordered a second one as a gift.,1,Verified Purchase,113
REV00270,user_0255,phone case,1,Regret buying this phone case. Instructions were incomprehensible and setup took hours. Requested a refund right away.,0,Verified Purchase,54
REV00271,user_0464,robot vacuum,4,Purchased this robot vacuum last month and love it. I've been using it daily for weeks and it still works like new. Already ordered a second one as a gift.,1,,56
REV00272,user_0224,phone case,1,Regret buying this phone case. Customer support never responded to my multiple messages. Absolute rubbish.,0,Verified Purchase,19
REV00273,user_0903,fitness tracker,5,Very impressed with this fitness tracker. I've been using it daily for weeks and it still works like new. 5 stars without hesitation.,1,Verified Purchase,62
REV00274,user_0854,air purifier,1,Regret buying this air purifier. Already broke and I only used it twice — total waste of money. Requested a refund right away.,0,,30
REV00275,user_0417,laptop stand,2,Deeply unsatisfied with this laptop stand. Performance is terrible compared to competitors at the same price. Buyer beware — stay far away.,0,,82
REV00276,user_0125,robot vacuum,5,"Fantastic robot vacuum, works perfectly. Much better than my previous one — noticeable improvement. A must-buy!",1,,126
REV00277,user_0952,yoga mat,1,This yoga mat is cheaply made and falls apart. Battery dies within an hour — completely unusable for daily tasks. Worst purchase I've made this year.,0,,8
REV00278,user_0181,power bank,5,Super happy with my power bank purchase. Packaging was great and the product feels premium. Already ordered a second one as a gift.,1,Verified Purchase,77
REV00279,user_0930,monitor,1,"Terrible monitor, complete waste of money. Connection drops constantly and the device overheats quickly. Do not waste your money.",0,,84
REV00280,user_0428,sunglasses,5,This sunglasses exceeded my expectations. The build quality is top-notch and it arrived quickly. 10/10 would recommend!,1,Verified Purchase,53
REV00281,user_0521,bluetooth speaker,1,This bluetooth speaker stopped working after one week. The packaging was damaged and the product arrived broken. Worst purchase I've made this year.,0,Verified Purchase,18
REV00282,user_0517,webcam,4,"This webcam is worth every penny. Much better than my previous one — noticeable improvement. Very satisfied, no complaints.",1,Verified Purchase,10
REV00283,user_0395,e-reader,2,This e-reader is cheaply made and falls apart. Very uncomfortable to use and causes strain after just minutes. Buyer beware — stay far away.,0,Verified Purchase,115
REV00284,user_0987,gaming mouse,1,Not as described — very misleading gaming mouse listing. Very uncomfortable to use and causes strain after just minutes. Absolute rubbish.,0,,42
REV00285,user_0035,wireless headphones,5,"Amazing quality wireless headphones, highly recommend. Much better than my previous one — noticeable improvement. Will be buying more products from this brand.",1,Verified Purchase,43
REV00286,user_0827,coffee maker,1,"Terrible coffee maker, complete waste of money. Connection drops constantly and the device overheats quickly. Do not waste your money.",0,Verified Purchase,65
REV00287,user_0622,smartwatch,5,"Solid smartwatch, highly satisfied. Setup was easy and it works flawlessly right out of the box. 5 stars without hesitation.",1,Verified Purchase,1
REV00288,user_0678,sunglasses,1,Very disappointed with this sunglasses. Performance is terrible compared to competitors at the same price. Returning this immediately.,0,,111
REV00289,user_0580,wallet,5,"This wallet exceeded my expectations. Fits perfectly and matches exactly what was shown in the photos. Very satisfied, no complaints.",1,,66
REV00290,user_0368,resistance bands,1,Regret buying this resistance bands. Connection drops constantly and the device overheats quickly. 1 star — would give zero if possible.,0,Verified Purchase,45
REV00291,user_0313,sunglasses,1,"Terrible sunglasses, complete waste of money. Instructions were incomprehensible and setup took hours. 1 star — would give zero if possible.",0,Verified Purchase,81
REV00292,user_0132,electric kettle,4,"Very impressed with this electric kettle. The design is sleek and modern, looks great on my desk. Will be buying more products from this brand.",1,Verified Purchase,100
REV00293,user_0709,charging cable,1,This charging cable is cheaply made and falls apart. Instructions were incomprehensible and setup took hours. Buyer beware — stay far away.,0,Verified Purchase,134
REV00294,user_0033,mechanical keyboard,2,Zero stars if I could for this mechanical keyboard. Already broke and I only used it twice — total waste of money. Do not waste your money.,0,Verified Purchase,97
REV00295,user_0775,fitness tracker,1,"Faulty fitness tracker, does not work as advertised. Connection drops constantly and the device overheats quickly. Buyer beware — stay far away.",0,,114
REV00296,user_0532,yoga mat,5,Best yoga mat I've ever purchased. Fits perfectly and matches exactly what was shown in the photos. Will be buying more products from this brand.,1,,27
REV00297,user_0786,tablet,1,Worst tablet I have ever purchased. The packaging was damaged and the product arrived broken. Absolute rubbish.,0,Verified Purchase,113
REV00298,user_0155,USB hub,1,Zero stars if I could for this USB hub. Battery dies within an hour — completely unusable for daily tasks. 1 star — would give zero if possible.,0,,106
REV00299,user_0794,electric kettle,5,Purchased this electric kettle last month and love it. Customer support was very responsive when I had questions. Highly recommend to anyone looking for reliability.,1,Verified Purchase,114
REV00300,user_0985,sunglasses,5,Purchased this sunglasses last month and love it. The performance quality is incredible for the price. Will be buying more products from this brand.,1,Verified Purchase,13
REV00301,user_0588,e-reader,1,This e-reader is a total scam. Performance is terrible compared to competitors at the same price. Do not waste your money.,0,,68
REV00302,user_0305,smartwatch,5,"Fantastic smartwatch, works perfectly. Durable construction — dropped it a few times with no damage. Will be buying more products from this brand.",1,Verified Purchase,24
REV00303,user_0183,backpack,5,"This backpack exceeded my expectations. The design is sleek and modern, looks great on my desk. Already ordered a second one as a gift.",1,,27
REV00304,user_0977,resistance bands,1,This resistance bands broke within days. Cheaply made materials that scratched and peeled after first use. Buyer beware — stay far away.,0,Verified Purchase,11
REV00305,user_0650,fitness tracker,1,"Poor quality fitness tracker, save your money. Battery dies within an hour — completely unusable for daily tasks. Buyer beware — stay far away.",0,Verified Purchase,32
REV00306,user_0625,backpack,1,This backpack is a total scam. Already broke and I only used it twice — total waste of money. Returning this immediately.,0,,114
REV00307,user_0711,wireless headphones,5,Couldn't be happier with this wireless headphones. Durable construction — dropped it a few times with no damage. Already ordered a second one as a gift.,1,Verified Purchase,137
REV00308,user_0430,charging cable,4,"Solid charging cable, highly satisfied. Much better than my previous one — noticeable improvement. 5 stars without hesitation.",1,Verified Purchase,14
REV00309,user_0434,USB hub,5,This USB hub is worth every penny. Comfortable to use for long periods without any fatigue. Will be buying more products from this brand.,1,,21
REV00310,user_0119,webcam,1,Zero stars if I could for this webcam. Performance is terrible compared to competitors at the same price. Do not waste your money.,0,Verified Purchase,34
REV00311,user_0482,smartwatch,4,"Solid smartwatch, highly satisfied. Durable construction — dropped it a few times with no damage. Would definitely buy again!",1,,78
REV00312,user_0909,wallet,2,Not as described — very misleading wallet listing. Battery dies within an hour — completely unusable for daily tasks. Requested a refund right away.,0,Verified Purchase,52
REV00313,user_0490,electric kettle,5,Purchased this electric kettle last month and love it. Comfortable to use for long periods without any fatigue. Already ordered a second one as a gift.,1,Verified Purchase,92
REV00314,user_0259,instant pot,5,This instant pot exceeded my expectations. Customer support was very responsive when I had questions. A must-buy!,1,Verified Purchase,85
REV00315,user_0831,monitor,5,This monitor is worth every penny. Connectivity is seamless and lag-free every single time. Already ordered a second one as a gift.,1,Verified Purchase,109
REV00316,user_0400,tablet,5,Purchased this tablet last month and love it. Customer support was very responsive when I had questions. A must-buy!,1,,50
REV00317,user_0086,resistance bands,2,Do NOT buy this resistance bands. The design looks nothing like the photos — very misleading listing. Buyer beware — stay far away.,0,Verified Purchase,34
REV00318,user_0931,power bank,1,"Huge disappointment, expected much better from this power bank. Loud rattling noise that makes it completely unusable. 1 star — would give zero if possible.",0,Verified Purchase,84
REV00319,user_0139,screen protector,4,"Purchased this screen protector last month and love it. The design is sleek and modern, looks great on my desk. Highly recommend to anyone looking for reliability.",1,,121
REV00320,user_0412,USB hub,1,Do NOT buy this USB hub. The packaging was damaged and the product arrived broken. Worst purchase I've made this year.,0,Verified Purchase,19
REV00321,user_0936,robot vacuum,1,Deeply unsatisfied with this robot vacuum. Very uncomfortable to use and causes strain after just minutes. Absolute rubbish.,0,Verified Purchase,9
REV00322,user_0015,power bank,5,"Super happy with my power bank purchase. The design is sleek and modern, looks great on my desk. Will be buying more products from this brand.",1,Verified Purchase,75
REV00323,user_0859,electric kettle,5,"Super happy with my electric kettle purchase. The design is sleek and modern, looks great on my desk. Very satisfied, no complaints.",1,Verified Purchase,135
REV00324,user_0818,e-reader,1,Not as described — very misleading e-reader listing. Already broke and I only used it twice — total waste of money. Requested a refund right away.,0,Verified Purchase,54
REV00325,user_0204,toaster oven,1,"Faulty toaster oven, does not work as advertised. Performance is terrible compared to competitors at the same price. Worst purchase I've made this year.",0,Verified Purchase,48
REV00326,user_0345,charging cable,2,Deeply unsatisfied with this charging cable. Very uncomfortable to use and causes strain after just minutes. Absolute rubbish.,0,,65
REV00327,user_0783,gaming mouse,4,Couldn't be happier with this gaming mouse. Fits perfectly and matches exactly what was shown in the photos. A must-buy!,1,Verified Purchase,40
REV00328,user_0273,mechanical keyboard,5,Great value for money mechanical keyboard. The build quality is top-notch and it arrived quickly. Will be buying more products from this brand.,1,Verified Purchase,26
REV00329,user_0681,screen protector,5,Great value for money screen protector. Durable construction — dropped it a few times with no damage. A must-buy!,1,Verified Purchase,68
REV00330,user_0746,air purifier,1,"Terrible air purifier, complete waste of money. Instructions were incomprehensible and setup took hours. Requested a refund right away.",0,Verified Purchase,121
REV00331,user_0448,coffee maker,1,This coffee maker broke within days. Already broke and I only used it twice — total waste of money. 1 star — would give zero if possible.,0,Verified Purchase,11
REV00332,user_0100,sunglasses,1,Not as described — very misleading sunglasses listing. Cheaply made materials that scratched and peeled after first use. Buyer beware — stay far away.,0,Verified Purchase,13
REV00333,user_0107,backpack,2,Zero stars if I could for this backpack. Battery dies within an hour — completely unusable for daily tasks. Buyer beware — stay far away.,0,Verified Purchase,99
REV00334,user_0399,charging cable,4,"Absolutely love this charging cable! Comfortable to use for long periods without any fatigue. Very satisfied, no complaints.",1,Verified Purchase,117
REV00335,user_0349,e-reader,5,"Solid e-reader, highly satisfied. Comfortable to use for long periods without any fatigue. 5 stars without hesitation.",1,,19
REV00336,user_0145,earbuds,2,"Huge disappointment, expected much better from this earbuds. Connection drops constantly and the device overheats quickly. Buyer beware — stay far away.",0,Verified Purchase,34
REV00337,user_0071,laptop stand,5,This laptop stand is a game changer. Customer support was very responsive when I had questions. A must-buy!,1,Verified Purchase,3
REV00338,user_0304,yoga mat,1,This yoga mat is a total scam. Loud rattling noise that makes it completely unusable. Absolute rubbish.,0,Verified Purchase,96
REV00339,user_0853,gaming mouse,5,"Fantastic gaming mouse, works perfectly. My whole family loves it and we've recommended it to friends. Would definitely buy again!",1,,53
REV00340,user_0530,screen protector,5,Absolutely love this screen protector! The performance quality is incredible for the price. Will be buying more products from this brand.,1,,144
REV00341,user_0584,backpack,5,"Amazing quality backpack, highly recommend. Packaging was great and the product feels premium. Very satisfied, no complaints.",1,Verified Purchase,111
REV00342,user_0738,smartwatch,1,Regret buying this smartwatch. Loud rattling noise that makes it completely unusable. Returning this immediately.,0,Verified Purchase,53
REV00343,user_0584,tablet,1,"Faulty tablet, does not work as advertised. Battery dies within an hour — completely unusable for daily tasks. Do not waste your money.",0,Verified Purchase,2
REV00344,user_0181,resistance bands,5,"Excellent resistance bands, exactly as described. I've been using it daily for weeks and it still works like new. A must-buy!",1,Verified Purchase,47
REV00345,user_0988,sunglasses,5,Very impressed with this sunglasses. The performance quality is incredible for the price. Will be buying more products from this brand.,1,Verified Purchase,138
REV00346,user_0618,laptop stand,5,This laptop stand exceeded my expectations. Packaging was great and the product feels premium. Would definitely buy again!,1,Verified Purchase,124
REV00347,user_0612,coffee maker,1,Not as described — very misleading coffee maker listing. Loud rattling noise that makes it completely unusable. Buyer beware — stay far away.,0,Verified Purchase,111
REV00348,user_0979,resistance bands,5,Great value for money resistance bands. Durable construction — dropped it a few times with no damage. Highly recommend to anyone looking for reliability.,1,Verified Purchase,33
REV00349,user_0815,instant pot,5,"Solid instant pot, highly satisfied. Fits perfectly and matches exactly what was shown in the photos. Highly recommend to anyone looking for reliability.",1,,145
REV00350,user_0656,coffee maker,2,Deeply unsatisfied with this coffee maker. The quality is extremely poor and feels like it will break any day. 1 star — would give zero if possible.,0,,2
REV00351,user_0297,blender,5,Great value for money blender. Comfortable to use for long periods without any fatigue. 10/10 would recommend!,1,,34
REV00352,user_0780,blender,1,"Faulty blender, does not work as advertised. Very uncomfortable to use and causes strain after just minutes. Returning this immediately.",0,Verified Purchase,0
REV00353,user_0764,air purifier,5,This air purifier is a game changer. Connectivity is seamless and lag-free every single time. Will be buying more products from this brand.,1,Verified Purchase,78
REV00354,user_0950,phone case,1,Not as described — very misleading phone case listing. Connection drops constantly and the device overheats quickly. Worst purchase I've made this year.,0,Verified Purchase,110
REV00355,user_0146,running shoes,5,Best running shoes I've ever purchased. My whole family loves it and we've recommended it to friends. Would definitely buy again!,1,Verified Purchase,43
REV00356,user_0069,smart bulb,1,"Terrible smart bulb, complete waste of money. It stopped working completely after just a few days of light use. Buyer beware — stay far away.",0,Verified Purchase,101
REV00357,user_0821,sunglasses,1,Zero stars if I could for this sunglasses. Performance is terrible compared to competitors at the same price. 1 star — would give zero if possible.,0,,31
REV00358,user_0263,fitness tracker,5,"Amazing quality fitness tracker, highly recommend. Durable construction — dropped it a few times with no damage. Highly recommend to anyone looking for reliability.",1,Verified Purchase,0
REV00359,user_0558,blender,1,"Poor quality blender, save your money. The quality is extremely poor and feels like it will break any day. Buyer beware — stay far away.",0,Verified Purchase,24
REV00360,user_0406,electric kettle,5,Very impressed with this electric kettle. The build quality is top-notch and it arrived quickly. A must-buy!,1,Verified Purchase,83
REV00361,user_0614,gaming mouse,2,Zero stars if I could for this gaming mouse. The design looks nothing like the photos — very misleading listing. Absolute rubbish.,0,Verified Purchase,46
REV00362,user_0465,USB hub,4,"Amazing quality USB hub, highly recommend. Setup was easy and it works flawlessly right out of the box. A must-buy!",1,Verified Purchase,79
REV00363,user_0786,sunglasses,4,Very impressed with this sunglasses. Durable construction — dropped it a few times with no damage. Already ordered a second one as a gift.,1,,64
REV00364,user_0846,robot vacuum,5,"This robot vacuum is worth every penny. The design is sleek and modern, looks great on my desk. 5 stars without hesitation.",1,Verified Purchase,76
REV00365,user_0819,resistance bands,5,"Solid resistance bands, highly satisfied. My whole family loves it and we've recommended it to friends. Very satisfied, no complaints.",1,Verified Purchase,53
REV00366,user_0269,laptop stand,1,"Poor quality laptop stand, save your money. Very uncomfortable to use and causes strain after just minutes. Do not waste your money.",0,Verified Purchase,34
REV00367,user_0962,mechanical keyboard,2,"Terrible mechanical keyboard, complete waste of money. Took forever to arrive and the item was not as described at all. Absolute rubbish.",0,Verified Purchase,3
REV00368,user_0915,wireless headphones,5,"Solid wireless headphones, highly satisfied. My whole family loves it and we've recommended it to friends. Highly recommend to anyone looking for reliability.",1,Verified Purchase,135
REV00369,user_0760,USB hub,5,This USB hub is a game changer. Packaging was great and the product feels premium. Already ordered a second one as a gift.,1,Verified Purchase,19
REV00370,user_0859,gaming mouse,1,Worst gaming mouse I have ever purchased. Already broke and I only used it twice — total waste of money. Requested a refund right away.,0,Verified Purchase,1
REV00371,user_0940,coffee maker,1,Deeply unsatisfied with this coffee maker. Loud rattling noise that makes it completely unusable. Very angry and will not buy from this seller again.,0,Verified Purchase,27
REV00372,user_0345,wireless headphones,5,Best wireless headphones I've ever purchased. Comfortable to use for long periods without any fatigue. 10/10 would recommend!,1,Verified Purchase,47
REV00373,user_0322,fitness tracker,5,Very impressed with this fitness tracker. Battery life is phenomenal — lasts much longer than advertised. 10/10 would recommend!,1,Verified Purchase,117
REV00374,user_0721,phone case,1,This phone case is cheaply made and falls apart. The packaging was damaged and the product arrived broken. Absolute rubbish.,0,Verified Purchase,40
REV00375,user_0868,earbuds,4,"Outstanding earbuds, five stars. Customer support was very responsive when I had questions. A must-buy!",1,Verified Purchase,120
REV00376,user_0399,blender,1,This blender stopped working after one week. Loud rattling noise that makes it completely unusable. 1 star — would give zero if possible.,0,Verified Purchase,49
REV00377,user_0200,screen protector,2,"Poor quality screen protector, save your money. Cheaply made materials that scratched and peeled after first use. Absolute rubbish.",0,Verified Purchase,25
REV00378,user_0291,wallet,1,"Faulty wallet, does not work as advertised. It stopped working completely after just a few days of light use. 1 star — would give zero if possible.",0,,120
REV00379,user_0571,earbuds,4,"Fantastic earbuds, works perfectly. I've been using it daily for weeks and it still works like new. Will be buying more products from this brand.",1,Verified Purchase,109
REV00380,user_0219,phone case,1,"Faulty phone case, does not work as advertised. The packaging was damaged and the product arrived broken. Returning this immediately.",0,Verified Purchase,134
REV00381,user_0943,smartwatch,1,Very disappointed with this smartwatch. Connection drops constantly and the device overheats quickly. Absolute rubbish.,0,Verified Purchase,119
REV00382,user_0108,air purifier,5,"This air purifier is a game changer. The design is sleek and modern, looks great on my desk. 5 stars without hesitation.",1,Verified Purchase,115
REV00383,user_0512,wallet,1,Worst wallet I have ever purchased. Connection drops constantly and the device overheats quickly. Absolute rubbish.,0,,61
REV00384,user_0940,instant pot,1,This instant pot stopped working after one week. Instructions were incomprehensible and setup took hours. Do not waste your money.,0,Verified Purchase,138
REV00385,user_0932,laptop stand,1,Worst laptop stand I have ever purchased. The quality is extremely poor and feels like it will break any day. Worst purchase I've made this year.,0,Verified Purchase,141
REV00386,user_0586,bluetooth speaker,1,This bluetooth speaker broke within days. The packaging was damaged and the product arrived broken. Buyer beware — stay far away.,0,Verified Purchase,11
REV00387,user_0601,coffee maker,5,Couldn't be happier with this coffee maker. I've been using it daily for weeks and it still works like new. A must-buy!,1,,36
REV00388,user_0827,wireless headphones,1,This wireless headphones broke within days. Performance is terrible compared to competitors at the same price. Requested a refund right away.,0,,116
REV00389,user_0718,instant pot,5,Best instant pot I've ever purchased. Much better than my previous one — noticeable improvement. Already ordered a second one as a gift.,1,Verified Purchase,45
REV00390,user_0567,instant pot,1,Zero stars if I could for this instant pot. The packaging was damaged and the product arrived broken. Absolute rubbish.,0,Verified Purchase,91
REV00391,user_0608,screen protector,5,This screen protector is worth every penny. Fits perfectly and matches exactly what was shown in the photos. 10/10 would recommend!,1,Verified Purchase,105
REV00392,user_0022,tablet,4,"Super happy with my tablet purchase. The design is sleek and modern, looks great on my desk. 10/10 would recommend!",1,,8
REV00393,user_0445,phone case,5,"Solid phone case, highly satisfied. Connectivity is seamless and lag-free every single time. Will be buying more products from this brand.",1,Verified Purchase,28
REV00394,user_0364,electric kettle,5,Couldn't be happier with this electric kettle. My whole family loves it and we've recommended it to friends. A must-buy!,1,Verified Purchase,74
REV00395,user_0017,toaster oven,4,Purchased this toaster oven last month and love it. Packaging was great and the product feels premium. Already ordered a second one as a gift.,1,,7
REV00396,user_0952,phone case,1,Not as described — very misleading phone case listing. The packaging was damaged and the product arrived broken. Do not waste your money.,0,,60
REV00397,user_0658,water bottle,1,"Huge disappointment, expected much better from this water bottle. Loud rattling noise that makes it completely unusable. Do not waste your money.",0,,82
REV00398,user_0107,backpack,5,"Excellent backpack, exactly as described. I've been using it daily for weeks and it still works like new. Highly recommend to anyone looking for reliability.",1,Verified Purchase,8
REV00399,user_0821,sunglasses,4,This sunglasses is a game changer. Durable construction — dropped it a few times with no damage. Would definitely buy again!,1,Verified Purchase,99
REV00400,user_0121,tablet,2,This tablet broke within days. Connection drops constantly and the device overheats quickly. Returning this immediately.,0,Verified Purchase,129
REV00401,user_0642,smartwatch,1,This smartwatch broke within days. Battery dies within an hour — completely unusable for daily tasks. Returning this immediately.,0,,149
REV00402,user_0609,yoga mat,4,Best yoga mat I've ever purchased. Packaging was great and the product feels premium. 5 stars without hesitation.,1,Verified Purchase,138
REV00403,user_0053,air purifier,5,This air purifier exceeded my expectations. Setup was easy and it works flawlessly right out of the box. 10/10 would recommend!,1,Verified Purchase,5
REV00404,user_0107,wallet,5,"Amazing quality wallet, highly recommend. Fits perfectly and matches exactly what was shown in the photos. A must-buy!",1,,143
REV00405,user_0142,resistance bands,5,"Amazing quality resistance bands, highly recommend. My whole family loves it and we've recommended it to friends. Would definitely buy again!",1,Verified Purchase,146
REV00406,user_0118,bluetooth speaker,2,Deeply unsatisfied with this bluetooth speaker. It stopped working completely after just a few days of light use. Returning this immediately.,0,Verified Purchase,137
REV00407,user_0976,earbuds,1,Not as described — very misleading earbuds listing. Loud rattling noise that makes it completely unusable. Do not waste your money.,0,Verified Purchase,71
REV00408,user_0919,phone case,5,Great value for money phone case. Durable construction — dropped it a few times with no damage. 10/10 would recommend!,1,Verified Purchase,53
REV00409,user_0570,monitor,1,Not as described — very misleading monitor listing. Performance is terrible compared to competitors at the same price. Buyer beware — stay far away.,0,Verified Purchase,118
REV00410,user_0716,e-reader,2,Very disappointed with this e-reader. Customer support never responded to my multiple messages. Returning this immediately.,0,Verified Purchase,106
REV00411,user_0376,water bottle,1,This water bottle stopped working after one week. Customer support never responded to my multiple messages. Do not waste your money.,0,Verified Purchase,57
REV00412,user_0350,coffee maker,5,"Excellent coffee maker, exactly as described. I've been using it daily for weeks and it still works like new. Will be buying more products from this brand.",1,Verified Purchase,143
REV00413,user_0045,monitor,2,Very disappointed with this monitor. Already broke and I only used it twice — total waste of money. Worst purchase I've made this year.,0,Verified Purchase,42
REV00414,user_0143,gaming mouse,1,This gaming mouse is a total scam. Cheaply made materials that scratched and peeled after first use. 1 star — would give zero if possible.,0,,51
REV00415,user_0922,water bottle,5,"Fantastic water bottle, works perfectly. Battery life is phenomenal — lasts much longer than advertised. Very satisfied, no complaints.",1,Verified Purchase,9
REV00416,user_0211,coffee maker,5,This coffee maker is worth every penny. Durable construction — dropped it a few times with no damage. Would definitely buy again!,1,Verified Purchase,100
REV00417,user_0401,mechanical keyboard,1,Very disappointed with this mechanical keyboard. The design looks nothing like the photos — very misleading listing. Do not waste your money.,0,Verified Purchase,148
REV00418,user_0742,running shoes,5,"Amazing quality running shoes, highly recommend. The performance quality is incredible for the price. Highly recommend to anyone looking for reliability.",1,Verified Purchase,137
REV00419,user_0291,sunglasses,4,This sunglasses is worth every penny. Connectivity is seamless and lag-free every single time. 5 stars without hesitation.,1,Verified Purchase,23
REV00420,user_0186,laptop stand,1,This laptop stand is cheaply made and falls apart. The packaging was damaged and the product arrived broken. Worst purchase I've made this year.,0,,78
REV00421,user_0047,air purifier,5,"Excellent air purifier, exactly as described. Comfortable to use for long periods without any fatigue. Highly recommend to anyone looking for reliability.",1,Verified Purchase,77
REV00422,user_0696,power bank,2,"Terrible power bank, complete waste of money. Very uncomfortable to use and causes strain after just minutes. Do not waste your money.",0,Verified Purchase,117
REV00423,user_0235,webcam,5,"Fantastic webcam, works perfectly. My whole family loves it and we've recommended it to friends. Very satisfied, no complaints.",1,Verified Purchase,2
REV00424,user_0465,earbuds,5,"Solid earbuds, highly satisfied. Setup was easy and it works flawlessly right out of the box. A must-buy!",1,Verified Purchase,41
REV00425,user_0647,earbuds,4,This earbuds exceeded my expectations. Durable construction — dropped it a few times with no damage. 5 stars without hesitation.,1,,66
REV00426,user_0499,robot vacuum,1,This robot vacuum is a total scam. Battery dies within an hour — completely unusable for daily tasks. Absolute rubbish.,0,,140
REV00427,user_0598,wallet,1,"Poor quality wallet, save your money. Connection drops constantly and the device overheats quickly. Worst purchase I've made this year.",0,Verified Purchase,38
REV00428,user_0991,electric kettle,1,This electric kettle stopped working after one week. Connection drops constantly and the device overheats quickly. Do not waste your money.,0,,137
REV00429,user_0962,smartwatch,4,Absolutely love this smartwatch! The build quality is top-notch and it arrived quickly. Highly recommend to anyone looking for reliability.,1,Verified Purchase,31
REV00430,user_0361,USB hub,5,"Fantastic USB hub, works perfectly. Battery life is phenomenal — lasts much longer than advertised. 10/10 would recommend!",1,Verified Purchase,93
REV00431,user_0229,laptop stand,5,"Excellent laptop stand, exactly as described. I've been using it daily for weeks and it still works like new. A must-buy!",1,,141
REV00432,user_0544,laptop stand,5,"Absolutely love this laptop stand! The design is sleek and modern, looks great on my desk. Would definitely buy again!",1,,122
REV00433,user_0106,toaster oven,1,Do NOT buy this toaster oven. Performance is terrible compared to competitors at the same price. Worst purchase I've made this year.,0,,12
REV00434,user_0644,blender,2,Not as described — very misleading blender listing. Loud rattling noise that makes it completely unusable. Buyer beware — stay far away.,0,Verified Purchase,128
REV00435,user_0544,smartwatch,5,"Amazing quality smartwatch, highly recommend. The performance quality is incredible for the price. Very satisfied, no complaints.",1,,135
REV00436,user_0324,backpack,5,This backpack exceeded my expectations. Much better than my previous one — noticeable improvement. 10/10 would recommend!,1,Verified Purchase,127
REV00437,user_0313,charging cable,1,Do NOT buy this charging cable. Took forever to arrive and the item was not as described at all. 1 star — would give zero if possible.,0,Verified Purchase,11
REV00438,user_0453,smartwatch,1,Deeply unsatisfied with this smartwatch. The design looks nothing like the photos — very misleading listing. Worst purchase I've made this year.,0,Verified Purchase,59
REV00439,user_0256,air purifier,5,"Fantastic air purifier, works perfectly. Fits perfectly and matches exactly what was shown in the photos. 5 stars without hesitation.",1,Verified Purchase,110
REV00440,user_0396,wireless headphones,4,"Best wireless headphones I've ever purchased. Customer support was very responsive when I had questions. Very satisfied, no complaints.",1,Verified Purchase,40
REV00441,user_0003,phone case,1,Worst phone case I have ever purchased. Instructions were incomprehensible and setup took hours. 1 star — would give zero if possible.,0,,108
REV00442,user_0321,earbuds,2,This earbuds broke within days. Very uncomfortable to use and causes strain after just minutes. 1 star — would give zero if possible.,0,Verified Purchase,93
REV00443,user_0413,backpack,5,Super happy with my backpack purchase. The build quality is top-notch and it arrived quickly. 10/10 would recommend!,1,Verified Purchase,116
REV00444,user_0867,robot vacuum,1,This robot vacuum is a total scam. It stopped working completely after just a few days of light use. Very angry and will not buy from this seller again.,0,,49
REV00445,user_0318,water bottle,1,This water bottle stopped working after one week. Connection drops constantly and the device overheats quickly. Absolute rubbish.,0,,24
REV00446,user_0339,fitness tracker,5,"Excellent fitness tracker, exactly as described. The design is sleek and modern, looks great on my desk. Will be buying more products from this brand.",1,Verified Purchase,145
REV00447,user_0709,USB hub,5,Very impressed with this USB hub. Comfortable to use for long periods without any fatigue. 10/10 would recommend!,1,Verified Purchase,32
REV00448,user_0154,gaming mouse,5,"Amazing quality gaming mouse, highly recommend. Setup was easy and it works flawlessly right out of the box. Would definitely buy again!",1,Verified Purchase,120
REV00449,user_0043,robot vacuum,5,"Fantastic robot vacuum, works perfectly. Battery life is phenomenal — lasts much longer than advertised. 5 stars without hesitation.",1,Verified Purchase,110
REV00450,user_0807,e-reader,5,This e-reader is a game changer. I've been using it daily for weeks and it still works like new. 10/10 would recommend!,1,,66
REV00451,user_0277,running shoes,4,"Fantastic running shoes, works perfectly. The build quality is top-notch and it arrived quickly. Already ordered a second one as a gift.",1,Verified Purchase,136
REV00452,user_0116,water bottle,5,Great value for money water bottle. The build quality is top-notch and it arrived quickly. Highly recommend to anyone looking for reliability.,1,Verified Purchase,122
REV00453,user_0905,resistance bands,2,This resistance bands is cheaply made and falls apart. Customer support never responded to my multiple messages. Requested a refund right away.,0,Verified Purchase,140
REV00454,user_0578,e-reader,5,Purchased this e-reader last month and love it. I've been using it daily for weeks and it still works like new. Will be buying more products from this brand.,1,,82
REV00455,user_0221,bluetooth speaker,5,This bluetooth speaker exceeded my expectations. Comfortable to use for long periods without any fatigue. 10/10 would recommend!,1,Verified Purchase,12
REV00456,user_0201,monitor,1,Regret buying this monitor. The quality is extremely poor and feels like it will break any day. Returning this immediately.,0,,19
REV00457,user_0486,blender,1,This blender broke within days. Performance is terrible compared to competitors at the same price. Returning this immediately.,0,,18
REV00458,user_0171,tablet,1,Zero stars if I could for this tablet. Cheaply made materials that scratched and peeled after first use. Returning this immediately.,0,,41
REV00459,user_0792,air purifier,1,Worst air purifier I have ever purchased. Customer support never responded to my multiple messages. Do not waste your money.,0,,110
REV00460,user_0246,webcam,4,"This webcam exceeded my expectations. Battery life is phenomenal — lasts much longer than advertised. Very satisfied, no complaints.",1,Verified Purchase,41
REV00461,user_0571,tablet,1,Regret buying this tablet. The design looks nothing like the photos — very misleading listing. Absolute rubbish.,0,,72
REV00462,user_0286,smartwatch,4,"Amazing quality smartwatch, highly recommend. The design is sleek and modern, looks great on my desk. Would definitely buy again!",1,Verified Purchase,11
REV00463,user_0599,yoga mat,5,"Outstanding yoga mat, five stars. Customer support was very responsive when I had questions. A must-buy!",1,,108
REV00464,user_0248,toaster oven,5,Very impressed with this toaster oven. Customer support was very responsive when I had questions. Highly recommend to anyone looking for reliability.,1,,31
REV00465,user_0159,air purifier,5,Great value for money air purifier. Durable construction — dropped it a few times with no damage. 10/10 would recommend!,1,Verified Purchase,37
REV00466,user_0537,mechanical keyboard,5,"Excellent mechanical keyboard, exactly as described. Customer support was very responsive when I had questions. A must-buy!",1,,141
REV00467,user_0398,wireless headphones,5,Super happy with my wireless headphones purchase. Fits perfectly and matches exactly what was shown in the photos. Will be buying more products from this brand.,1,Verified Purchase,53
REV00468,user_0409,resistance bands,5,Very impressed with this resistance bands. Packaging was great and the product feels premium. Highly recommend to anyone looking for reliability.,1,Verified Purchase,23
REV00469,user_0653,wireless headphones,2,Zero stars if I could for this wireless headphones. The design looks nothing like the photos — very misleading listing. Very angry and will not buy from this seller again.,0,Verified Purchase,76
REV00470,user_0905,water bottle,5,Absolutely love this water bottle! My whole family loves it and we've recommended it to friends. 5 stars without hesitation.,1,Verified Purchase,77
REV00471,user_0395,water bottle,1,This water bottle stopped working after one week. Took forever to arrive and the item was not as described at all. Absolute rubbish.,0,Verified Purchase,35
REV00472,user_0148,resistance bands,5,This resistance bands exceeded my expectations. Battery life is phenomenal — lasts much longer than advertised. Already ordered a second one as a gift.,1,Verified Purchase,31
REV00473,user_0479,smart bulb,1,This smart bulb is cheaply made and falls apart. Cheaply made materials that scratched and peeled after first use. Requested a refund right away.,0,Verified Purchase,40
REV00474,user_0460,bluetooth speaker,5,Very impressed with this bluetooth speaker. Packaging was great and the product feels premium. A must-buy!,1,Verified Purchase,1
REV00475,user_0505,tablet,2,Regret buying this tablet. Very uncomfortable to use and causes strain after just minutes. Returning this immediately.,0,Verified Purchase,36
REV00476,user_0587,USB hub,1,Deeply unsatisfied with this USB hub. Performance is terrible compared to competitors at the same price. Absolute rubbish.,0,Verified Purchase,134
REV00477,user_0983,wireless headphones,2,Not as described — very misleading wireless headphones listing. Performance is terrible compared to competitors at the same price. Do not waste your money.,0,Verified Purchase,11
REV00478,user_0949,running shoes,4,"Very impressed with this running shoes. Connectivity is seamless and lag-free every single time. Very satisfied, no complaints.",1,Verified Purchase,117
REV00479,user_0688,robot vacuum,5,"Amazing quality robot vacuum, highly recommend. I've been using it daily for weeks and it still works like new. A must-buy!",1,Verified Purchase,117
REV00480,user_0556,instant pot,1,Do NOT buy this instant pot. Loud rattling noise that makes it completely unusable. Returning this immediately.,0,Verified Purchase,136
REV00481,user_0495,charging cable,1,Not as described — very misleading charging cable listing. Customer support never responded to my multiple messages. Very angry and will not buy from this seller again.,0,Verified Purchase,83
REV00482,user_0838,webcam,1,Do NOT buy this webcam. Very uncomfortable to use and causes strain after just minutes. Returning this immediately.,0,Verified Purchase,104
REV00483,user_0273,instant pot,4,This instant pot exceeded my expectations. Much better than my previous one — noticeable improvement. 5 stars without hesitation.,1,,18
REV00484,user_0947,power bank,5,Very impressed with this power bank. Much better than my previous one — noticeable improvement. Already ordered a second one as a gift.,1,Verified Purchase,7
REV00485,user_0833,gaming mouse,5,Couldn't be happier with this gaming mouse. Customer support was very responsive when I had questions. A must-buy!,1,Verified Purchase,134
REV00486,user_0368,laptop stand,5,This laptop stand is a game changer. Connectivity is seamless and lag-free every single time. Would definitely buy again!,1,Verified Purchase,110
REV00487,user_0422,monitor,2,This monitor broke within days. It stopped working completely after just a few days of light use. Worst purchase I've made this year.,0,,20
REV00488,user_0254,bluetooth speaker,5,"Outstanding bluetooth speaker, five stars. Connectivity is seamless and lag-free every single time. Very satisfied, no complaints.",1,Verified Purchase,121
REV00489,user_0325,resistance bands,4,Couldn't be happier with this resistance bands. The build quality is top-notch and it arrived quickly. 10/10 would recommend!,1,,146
REV00490,user_0090,laptop stand,1,Deeply unsatisfied with this laptop stand. Customer support never responded to my multiple messages. Very angry and will not buy from this seller again.,0,Verified Purchase,20
REV00491,user_0552,mechanical keyboard,2,Regret buying this mechanical keyboard. Performance is terrible compared to competitors at the same price. Absolute rubbish.,0,Verified Purchase,35
REV00492,user_0977,USB hub,5,"Outstanding USB hub, five stars. Setup was easy and it works flawlessly right out of the box. Will be buying more products from this brand.",1,Verified Purchase,112
REV00493,user_0037,instant pot,4,"Fantastic instant pot, works perfectly. Packaging was great and the product feels premium. Already ordered a second one as a gift.",1,Verified Purchase,134
REV00494,user_0646,power bank,5,Very impressed with this power bank. Battery life is phenomenal — lasts much longer than advertised. Will be buying more products from this brand.,1,Verified Purchase,80
REV00495,user_0332,wireless headphones,1,"Faulty wireless headphones, does not work as advertised. Battery dies within an hour — completely unusable for daily tasks. Buyer beware — stay far away.",0,Verified Purchase,148
REV00496,user_0967,robot vacuum,4,Great value for money robot vacuum. I've been using it daily for weeks and it still works like new. Already ordered a second one as a gift.,1,Verified Purchase,34
REV00497,user_0882,robot vacuum,2,"Huge disappointment, expected much better from this robot vacuum. Performance is terrible compared to competitors at the same price. 1 star — would give zero if possible.",0,Verified Purchase,97
REV00498,user_0347,sunglasses,1,"Terrible sunglasses, complete waste of money. Cheaply made materials that scratched and peeled after first use. Very angry and will not buy from this seller again.",0,,29
REV00499,user_0853,bluetooth speaker,5,Purchased this bluetooth speaker last month and love it. Connectivity is seamless and lag-free every single time. Will be buying more products from this brand.,1,Verified Purchase,108
REV00500,user_0891,robot vacuum,4,Purchased this robot vacuum last month and love it. Connectivity is seamless and lag-free every single time. 5 stars without hesitation.,1,Verified Purchase,64
REV00501,user_0336,phone case,4,Super happy with my phone case purchase. Comfortable to use for long periods without any fatigue. Already ordered a second one as a gift.,1,Verified Purchase,92
REV00502,user_0117,bluetooth speaker,1,Do NOT buy this bluetooth speaker. Instructions were incomprehensible and setup took hours. Returning this immediately.,0,Verified Purchase,65
REV00503,user_0156,resistance bands,4,Very impressed with this resistance bands. I've been using it daily for weeks and it still works like new. Already ordered a second one as a gift.,1,Verified Purchase,22
REV00504,user_0323,wireless headphones,1,Deeply unsatisfied with this wireless headphones. It stopped working completely after just a few days of light use. Worst purchase I've made this year.,0,Verified Purchase,113
REV00505,user_0961,toaster oven,4,Great value for money toaster oven. Much better than my previous one — noticeable improvement. Would definitely buy again!,1,Verified Purchase,16
REV00506,user_0214,power bank,5,Great value for money power bank. Comfortable to use for long periods without any fatigue. Highly recommend to anyone looking for reliability.,1,,111
REV00507,user_0985,bluetooth speaker,5,Absolutely love this bluetooth speaker! Comfortable to use for long periods without any fatigue. A must-buy!,1,Verified Purchase,90
REV00508,user_0600,running shoes,1,This running shoes is cheaply made and falls apart. Cheaply made materials that scratched and peeled after first use. Buyer beware — stay far away.,0,Verified Purchase,91
REV00509,user_0430,e-reader,1,Zero stars if I could for this e-reader. Performance is terrible compared to competitors at the same price. Worst purchase I've made this year.,0,Verified Purchase,27
REV00510,user_0814,tablet,1,Worst tablet I have ever purchased. Connection drops constantly and the device overheats quickly. Buyer beware — stay far away.,0,Verified Purchase,26
REV00511,user_0927,mechanical keyboard,1,"Poor quality mechanical keyboard, save your money. Very uncomfortable to use and causes strain after just minutes. 1 star — would give zero if possible.",0,Verified Purchase,75
REV00512,user_0483,water bottle,1,This water bottle stopped working after one week. Battery dies within an hour — completely unusable for daily tasks. Absolute rubbish.,0,Verified Purchase,76
REV00513,user_0896,phone case,2,This phone case is cheaply made and falls apart. The quality is extremely poor and feels like it will break any day. Requested a refund right away.,0,Verified Purchase,8
REV00514,user_0134,webcam,1,This webcam is a total scam. Took forever to arrive and the item was not as described at all. Absolute rubbish.,0,Verified Purchase,102
REV00515,user_0946,electric kettle,5,"Amazing quality electric kettle, highly recommend. My whole family loves it and we've recommended it to friends. Would definitely buy again!",1,,84
REV00516,user_0852,resistance bands,2,"Poor quality resistance bands, save your money. Performance is terrible compared to competitors at the same price. Very angry and will not buy from this seller again.",0,Verified Purchase,8
REV00517,user_0997,sunglasses,5,Couldn't be happier with this sunglasses. Battery life is phenomenal — lasts much longer than advertised. Will be buying more products from this brand.,1,,13
REV00518,user_0972,bluetooth speaker,1,"Poor quality bluetooth speaker, save your money. The packaging was damaged and the product arrived broken. Buyer beware — stay far away.",0,,60
REV00519,user_0376,electric kettle,4,"Excellent electric kettle, exactly as described. The design is sleek and modern, looks great on my desk. Will be buying more products from this brand.",1,Verified Purchase,18
REV00520,user_0775,yoga mat,4,Very impressed with this yoga mat. The performance quality is incredible for the price. Already ordered a second one as a gift.,1,Verified Purchase,76
REV00521,user_0939,smartwatch,5,"This smartwatch is a game changer. Much better than my previous one — noticeable improvement. Very satisfied, no complaints.",1,,9
REV00522,user_0748,sunglasses,4,"Solid sunglasses, highly satisfied. The design is sleek and modern, looks great on my desk. Will be buying more products from this brand.",1,,63
REV00523,user_0458,USB hub,2,"Huge disappointment, expected much better from this USB hub. Took forever to arrive and the item was not as described at all. Do not waste your money.",0,Verified Purchase,20
REV00524,user_0234,running shoes,5,"Solid running shoes, highly satisfied. Fits perfectly and matches exactly what was shown in the photos. Would definitely buy again!",1,Verified Purchase,32
REV00525,user_0863,laptop stand,5,Best laptop stand I've ever purchased. Setup was easy and it works flawlessly right out of the box. Highly recommend to anyone looking for reliability.,1,Verified Purchase,89
REV00526,user_0447,fitness tracker,2,Zero stars if I could for this fitness tracker. The design looks nothing like the photos — very misleading listing. Very angry and will not buy from this seller again.,0,Verified Purchase,32
REV00527,user_0366,sunglasses,5,Couldn't be happier with this sunglasses. The build quality is top-notch and it arrived quickly. Already ordered a second one as a gift.,1,Verified Purchase,84
REV00528,user_0044,phone case,4,"This phone case exceeded my expectations. Much better than my previous one — noticeable improvement. Very satisfied, no complaints.",1,,12
REV00529,user_0916,air purifier,2,Regret buying this air purifier. The design looks nothing like the photos — very misleading listing. Buyer beware — stay far away.,0,Verified Purchase,30
REV00530,user_0370,wallet,4,"Excellent wallet, exactly as described. Fits perfectly and matches exactly what was shown in the photos. Highly recommend to anyone looking for reliability.",1,Verified Purchase,33
REV00531,user_0309,running shoes,1,"Poor quality running shoes, save your money. The design looks nothing like the photos — very misleading listing. Buyer beware — stay far away.",0,Verified Purchase,96
REV00532,user_0776,blender,1,Very disappointed with this blender. Took forever to arrive and the item was not as described at all. Very angry and will not buy from this seller again.,0,Verified Purchase,11
REV00533,user_0702,wallet,5,Best wallet I've ever purchased. The build quality is top-notch and it arrived quickly. Already ordered a second one as a gift.,1,Verified Purchase,18
REV00534,user_0477,power bank,5,"Absolutely love this power bank! Durable construction — dropped it a few times with no damage. Very satisfied, no complaints.",1,,83
REV00535,user_0044,resistance bands,5,"This resistance bands exceeded my expectations. The design is sleek and modern, looks great on my desk. Very satisfied, no complaints.",1,Verified Purchase,61
REV00536,user_0813,laptop stand,4,This laptop stand exceeded my expectations. Packaging was great and the product feels premium. Will be buying more products from this brand.,1,,49
REV00537,user_0311,laptop stand,1,Regret buying this laptop stand. The quality is extremely poor and feels like it will break any day. Buyer beware — stay far away.,0,Verified Purchase,53
REV00538,user_0912,earbuds,1,Do NOT buy this earbuds. Customer support never responded to my multiple messages. Buyer beware — stay far away.,0,Verified Purchase,147
REV00539,user_0799,air purifier,4,Best air purifier I've ever purchased. Setup was easy and it works flawlessly right out of the box. Would definitely buy again!,1,Verified Purchase,138
REV00540,user_0229,monitor,5,Absolutely love this monitor! Durable construction — dropped it a few times with no damage. Will be buying more products from this brand.,1,Verified Purchase,26
REV00541,user_0391,electric kettle,5,"Solid electric kettle, highly satisfied. The design is sleek and modern, looks great on my desk. Highly recommend to anyone looking for reliability.",1,Verified Purchase,147
REV00542,user_0904,running shoes,1,"Huge disappointment, expected much better from this running shoes. Instructions were incomprehensible and setup took hours. Requested a refund right away.",0,,34
REV00543,user_0271,air purifier,5,Purchased this air purifier last month and love it. My whole family loves it and we've recommended it to friends. Highly recommend to anyone looking for reliability.,1,Verified Purchase,27
REV00544,user_0778,air purifier,2,"Huge disappointment, expected much better from this air purifier. Loud rattling noise that makes it completely unusable. Returning this immediately.",0,Verified Purchase,47
REV00545,user_0191,backpack,5,"Fantastic backpack, works perfectly. Customer support was very responsive when I had questions. Already ordered a second one as a gift.",1,,147
REV00546,user_0868,power bank,5,"Amazing quality power bank, highly recommend. Much better than my previous one — noticeable improvement. 5 stars without hesitation.",1,,45
REV00547,user_0278,power bank,2,"Poor quality power bank, save your money. It stopped working completely after just a few days of light use. Absolute rubbish.",0,,122
REV00548,user_0116,USB hub,4,This USB hub exceeded my expectations. Fits perfectly and matches exactly what was shown in the photos. Highly recommend to anyone looking for reliability.,1,,103
REV00549,user_0129,backpack,4,"Fantastic backpack, works perfectly. The performance quality is incredible for the price. 5 stars without hesitation.",1,Verified Purchase,64
REV00550,user_0443,electric kettle,4,"Couldn't be happier with this electric kettle. The performance quality is incredible for the price. Very satisfied, no complaints.",1,Verified Purchase,36
REV00551,user_0378,bluetooth speaker,5,"This bluetooth speaker exceeded my expectations. The build quality is top-notch and it arrived quickly. Very satisfied, no complaints.",1,Verified Purchase,80
REV00552,user_0222,smartwatch,5,"Outstanding smartwatch, five stars. The build quality is top-notch and it arrived quickly. Would definitely buy again!",1,Verified Purchase,29
REV00553,user_0446,air purifier,2,This air purifier is cheaply made and falls apart. Performance is terrible compared to competitors at the same price. Do not waste your money.,0,Verified Purchase,55
REV00554,user_0847,water bottle,1,Not as described — very misleading water bottle listing. It stopped working completely after just a few days of light use. Returning this immediately.,0,Verified Purchase,14
REV00555,user_0822,resistance bands,5,"Outstanding resistance bands, five stars. Connectivity is seamless and lag-free every single time. Very satisfied, no complaints.",1,Verified Purchase,98
REV00556,user_0206,backpack,1,This backpack is cheaply made and falls apart. Very uncomfortable to use and causes strain after just minutes. 1 star — would give zero if possible.,0,Verified Purchase,133
REV00557,user_0582,power bank,2,Deeply unsatisfied with this power bank. Customer support never responded to my multiple messages. Buyer beware — stay far away.,0,Verified Purchase,6
REV00558,user_0953,e-reader,2,This e-reader broke within days. Very uncomfortable to use and causes strain after just minutes. Do not waste your money.,0,Verified Purchase,95
REV00559,user_0966,resistance bands,1,"Faulty resistance bands, does not work as advertised. The packaging was damaged and the product arrived broken. Very angry and will not buy from this seller again.",0,,113
REV00560,user_0886,fitness tracker,5,"Fantastic fitness tracker, works perfectly. Connectivity is seamless and lag-free every single time. 5 stars without hesitation.",1,Verified Purchase,77
REV00561,user_0503,laptop stand,5,Best laptop stand I've ever purchased. Battery life is phenomenal — lasts much longer than advertised. Would definitely buy again!,1,Verified Purchase,18
REV00562,user_0213,robot vacuum,2,Zero stars if I could for this robot vacuum. The quality is extremely poor and feels like it will break any day. Buyer beware — stay far away.,0,Verified Purchase,48
REV00563,user_0234,phone case,5,Very impressed with this phone case. I've been using it daily for weeks and it still works like new. Would definitely buy again!,1,Verified Purchase,149
REV00564,user_0622,tablet,1,This tablet is cheaply made and falls apart. It stopped working completely after just a few days of light use. 1 star — would give zero if possible.,0,,104
REV00565,user_0200,backpack,5,"Excellent backpack, exactly as described. My whole family loves it and we've recommended it to friends. Highly recommend to anyone looking for reliability.",1,,81
REV00566,user_0238,fitness tracker,1,Not as described — very misleading fitness tracker listing. It stopped working completely after just a few days of light use. Returning this immediately.,0,,148
REV00567,user_0978,sunglasses,1,"Huge disappointment, expected much better from this sunglasses. Cheaply made materials that scratched and peeled after first use. Requested a refund right away.",0,Verified Purchase,36
REV00568,user_0925,water bottle,1,This water bottle is a total scam. Took forever to arrive and the item was not as described at all. 1 star — would give zero if possible.,0,Verified Purchase,149
REV00569,user_0057,bluetooth speaker,5,"Solid bluetooth speaker, highly satisfied. Customer support was very responsive when I had questions. 10/10 would recommend!",1,Verified Purchase,76
REV00570,user_0815,backpack,4,Great value for money backpack. The performance quality is incredible for the price. Highly recommend to anyone looking for reliability.,1,Verified Purchase,74
REV00571,user_0352,resistance bands,1,Zero stars if I could for this resistance bands. Performance is terrible compared to competitors at the same price. Worst purchase I've made this year.,0,Verified Purchase,11
REV00572,user_0557,wireless headphones,1,"Poor quality wireless headphones, save your money. Loud rattling noise that makes it completely unusable. Buyer beware — stay far away.",0,Verified Purchase,140
REV00573,user_0759,screen protector,1,Zero stars if I could for this screen protector. Cheaply made materials that scratched and peeled after first use. Do not waste your money.,0,Verified Purchase,8
REV00574,user_0469,e-reader,5,"Amazing quality e-reader, highly recommend. Durable construction — dropped it a few times with no damage. 10/10 would recommend!",1,Verified Purchase,34
REV00575,user_0019,laptop stand,5,Couldn't be happier with this laptop stand. Packaging was great and the product feels premium. 5 stars without hesitation.,1,Verified Purchase,23
REV00576,user_0417,smartwatch,1,"Terrible smartwatch, complete waste of money. Performance is terrible compared to competitors at the same price. Do not waste your money.",0,,77
REV00577,user_0803,blender,5,This blender is a game changer. Packaging was great and the product feels premium. Will be buying more products from this brand.,1,Verified Purchase,83
REV00578,user_0455,screen protector,5,Super happy with my screen protector purchase. I've been using it daily for weeks and it still works like new. Highly recommend to anyone looking for reliability.,1,Verified Purchase,70
REV00579,user_0478,USB hub,1,"Faulty USB hub, does not work as advertised. It stopped working completely after just a few days of light use. Buyer beware — stay far away.",0,Verified Purchase,27
REV00580,user_0780,robot vacuum,5,"Amazing quality robot vacuum, highly recommend. The design is sleek and modern, looks great on my desk. Very satisfied, no complaints.",1,,71
REV00581,user_0512,e-reader,1,This e-reader is a total scam. It stopped working completely after just a few days of light use. Absolute rubbish.,0,Verified Purchase,137
REV00582,user_0187,smartwatch,2,This smartwatch is cheaply made and falls apart. Customer support never responded to my multiple messages. Worst purchase I've made this year.,0,Verified Purchase,22
REV00583,user_0595,laptop stand,4,"Outstanding laptop stand, five stars. The design is sleek and modern, looks great on my desk. Very satisfied, no complaints.",1,,20
REV00584,user_0865,power bank,5,"Excellent power bank, exactly as described. I've been using it daily for weeks and it still works like new. Highly recommend to anyone looking for reliability.",1,Verified Purchase,78
REV00585,user_0018,bluetooth speaker,4,Absolutely love this bluetooth speaker! Customer support was very responsive when I had questions. A must-buy!,1,Verified Purchase,137
REV00586,user_0635,mechanical keyboard,4,"Outstanding mechanical keyboard, five stars. Setup was easy and it works flawlessly right out of the box. Would definitely buy again!",1,Verified Purchase,2
REV00587,user_0415,coffee maker,1,Not as described — very misleading coffee maker listing. Instructions were incomprehensible and setup took hours. Buyer beware — stay far away.,0,Verified Purchase,61
REV00588,user_0844,water bottle,5,"Excellent water bottle, exactly as described. Durable construction — dropped it a few times with no damage. A must-buy!",1,Verified Purchase,63
REV00589,user_0429,monitor,5,"Amazing quality monitor, highly recommend. The build quality is top-notch and it arrived quickly. 10/10 would recommend!",1,Verified Purchase,105
REV00590,user_0691,phone case,5,Purchased this phone case last month and love it. Customer support was very responsive when I had questions. Already ordered a second one as a gift.,1,Verified Purchase,66
REV00591,user_0979,bluetooth speaker,4,"This bluetooth speaker is worth every penny. Fits perfectly and matches exactly what was shown in the photos. Very satisfied, no complaints.",1,Verified Purchase,48
REV00592,user_0581,electric kettle,4,Super happy with my electric kettle purchase. Much better than my previous one — noticeable improvement. 10/10 would recommend!,1,Verified Purchase,85
REV00593,user_0607,electric kettle,1,This electric kettle is cheaply made and falls apart. Instructions were incomprehensible and setup took hours. Very angry and will not buy from this seller again.,0,Verified Purchase,52
REV00594,user_0472,running shoes,5,Super happy with my running shoes purchase. My whole family loves it and we've recommended it to friends. Highly recommend to anyone looking for reliability.,1,Verified Purchase,70
REV00595,user_0493,earbuds,1,Zero stars if I could for this earbuds. Performance is terrible compared to competitors at the same price. Very angry and will not buy from this seller again.,0,Verified Purchase,74
REV00596,user_0044,blender,5,This blender is worth every penny. Connectivity is seamless and lag-free every single time. 5 stars without hesitation.,1,Verified Purchase,20
REV00597,user_0646,smartwatch,4,Couldn't be happier with this smartwatch. Durable construction — dropped it a few times with no damage. A must-buy!,1,Verified Purchase,124
REV00598,user_0149,coffee maker,1,Worst coffee maker I have ever purchased. Battery dies within an hour — completely unusable for daily tasks. 1 star — would give zero if possible.,0,Verified Purchase,66
REV00599,user_0372,screen protector,2,Worst screen protector I have ever purchased. The quality is extremely poor and feels like it will break any day. Worst purchase I've made this year.,0,Verified Purchase,44
REV00600,user_0010,mechanical keyboard,5,Best mechanical keyboard I've ever purchased. Fits perfectly and matches exactly what was shown in the photos. Already ordered a second one as a gift.,1,Verified Purchase,87
REV00601,user_0548,air purifier,5,"Fantastic air purifier, works perfectly. The build quality is top-notch and it arrived quickly. Highly recommend to anyone looking for reliability.",1,Verified Purchase,20
REV00602,user_0391,wallet,5,This wallet is worth every penny. Setup was easy and it works flawlessly right out of the box. 5 stars without hesitation.,1,Verified Purchase,25
REV00603,user_0376,laptop stand,5,This laptop stand exceeded my expectations. Much better than my previous one — noticeable improvement. 10/10 would recommend!,1,Verified Purchase,94
REV00604,user_0282,coffee maker,5,Super happy with my coffee maker purchase. I've been using it daily for weeks and it still works like new. Would definitely buy again!,1,Verified Purchase,144
REV00605,user_0306,USB hub,5,This USB hub is worth every penny. My whole family loves it and we've recommended it to friends. Highly recommend to anyone looking for reliability.,1,Verified Purchase,116
REV00606,user_0806,sunglasses,5,"Outstanding sunglasses, five stars. Comfortable to use for long periods without any fatigue. Will be buying more products from this brand.",1,Verified Purchase,14
REV00607,user_0292,earbuds,5,"Fantastic earbuds, works perfectly. Customer support was very responsive when I had questions. Will be buying more products from this brand.",1,Verified Purchase,97
REV00608,user_0982,bluetooth speaker,1,Worst bluetooth speaker I have ever purchased. Already broke and I only used it twice — total waste of money. 1 star — would give zero if possible.,0,,107
REV00609,user_0776,gaming mouse,5,Very impressed with this gaming mouse. Customer support was very responsive when I had questions. Will be buying more products from this brand.,1,Verified Purchase,5
REV00610,user_0984,resistance bands,5,"Solid resistance bands, highly satisfied. The design is sleek and modern, looks great on my desk. Highly recommend to anyone looking for reliability.",1,Verified Purchase,117
REV00611,user_0252,tablet,4,This tablet exceeded my expectations. The performance quality is incredible for the price. Already ordered a second one as a gift.,1,Verified Purchase,118
REV00612,user_0230,instant pot,1,This instant pot is a total scam. Very uncomfortable to use and causes strain after just minutes. Do not waste your money.,0,Verified Purchase,140
REV00613,user_0129,smartwatch,5,Absolutely love this smartwatch! My whole family loves it and we've recommended it to friends. 5 stars without hesitation.,1,Verified Purchase,44
REV00614,user_0255,blender,1,Zero stars if I could for this blender. Performance is terrible compared to competitors at the same price. Absolute rubbish.,0,Verified Purchase,70
REV00615,user_0411,e-reader,4,Super happy with my e-reader purchase. Much better than my previous one — noticeable improvement. 5 stars without hesitation.,1,,66
REV00616,user_0474,webcam,1,Regret buying this webcam. Already broke and I only used it twice — total waste of money. Worst purchase I've made this year.,0,Verified Purchase,30
REV00617,user_0795,webcam,4,Couldn't be happier with this webcam. Connectivity is seamless and lag-free every single time. Highly recommend to anyone looking for reliability.,1,Verified Purchase,45
REV00618,user_0673,smart bulb,1,This smart bulb stopped working after one week. Customer support never responded to my multiple messages. Very angry and will not buy from this seller again.,0,Verified Purchase,70
REV00619,user_0304,charging cable,2,This charging cable is cheaply made and falls apart. It stopped working completely after just a few days of light use. Buyer beware — stay far away.,0,Verified Purchase,95
REV00620,user_0823,gaming mouse,5,"Amazing quality gaming mouse, highly recommend. Durable construction — dropped it a few times with no damage. 10/10 would recommend!",1,,73
REV00621,user_0994,blender,1,Zero stars if I could for this blender. Connection drops constantly and the device overheats quickly. Very angry and will not buy from this seller again.,0,Verified Purchase,39
REV00622,user_0018,resistance bands,5,"Excellent resistance bands, exactly as described. Packaging was great and the product feels premium. Would definitely buy again!",1,Verified Purchase,11
REV00623,user_0433,sunglasses,5,Purchased this sunglasses last month and love it. Battery life is phenomenal — lasts much longer than advertised. Already ordered a second one as a gift.,1,,25
REV00624,user_0588,tablet,5,Very impressed with this tablet. Connectivity is seamless and lag-free every single time. Highly recommend to anyone looking for reliability.,1,Verified Purchase,80
REV00625,user_0512,screen protector,2,Zero stars if I could for this screen protector. The design looks nothing like the photos — very misleading listing. Very angry and will not buy from this seller again.,0,,76
REV00626,user_0947,phone case,1,Deeply unsatisfied with this phone case. Battery dies within an hour — completely unusable for daily tasks. 1 star — would give zero if possible.,0,Verified Purchase,17
REV00627,user_0380,sunglasses,5,This sunglasses is worth every penny. Battery life is phenomenal — lasts much longer than advertised. A must-buy!,1,Verified Purchase,80
REV00628,user_0295,running shoes,5,"Amazing quality running shoes, highly recommend. The design is sleek and modern, looks great on my desk. Highly recommend to anyone looking for reliability.",1,Verified Purchase,12
REV00629,user_0478,mechanical keyboard,5,Best mechanical keyboard I've ever purchased. Battery life is phenomenal — lasts much longer than advertised. Highly recommend to anyone looking for reliability.,1,Verified Purchase,32
REV00630,user_0853,earbuds,2,Do NOT buy this earbuds. The quality is extremely poor and feels like it will break any day. Returning this immediately.,0,,72
REV00631,user_0291,phone case,4,"Couldn't be happier with this phone case. The design is sleek and modern, looks great on my desk. Already ordered a second one as a gift.",1,,65
REV00632,user_0132,webcam,1,Do NOT buy this webcam. Connection drops constantly and the device overheats quickly. Absolute rubbish.,0,Verified Purchase,71
REV00633,user_0623,USB hub,5,"Outstanding USB hub, five stars. Much better than my previous one — noticeable improvement. Would definitely buy again!",1,,125
REV00634,user_0111,bluetooth speaker,5,"Great value for money bluetooth speaker. Customer support was very responsive when I had questions. Very satisfied, no complaints.",1,Verified Purchase,3
REV00635,user_0615,e-reader,4,"Couldn't be happier with this e-reader. The build quality is top-notch and it arrived quickly. Very satisfied, no complaints.",1,Verified Purchase,89
REV00636,user_0315,toaster oven,5,Very impressed with this toaster oven. Customer support was very responsive when I had questions. 10/10 would recommend!,1,Verified Purchase,101
REV00637,user_0020,earbuds,2,Not as described — very misleading earbuds listing. Cheaply made materials that scratched and peeled after first use. Very angry and will not buy from this seller again.,0,Verified Purchase,81
REV00638,user_0792,bluetooth speaker,5,"Amazing quality bluetooth speaker, highly recommend. Comfortable to use for long periods without any fatigue. Will be buying more products from this brand.",1,,23
REV00639,user_0493,earbuds,5,Great value for money earbuds. Fits perfectly and matches exactly what was shown in the photos. Already ordered a second one as a gift.,1,Verified Purchase,96
REV00640,user_0164,USB hub,5,"Excellent USB hub, exactly as described. Setup was easy and it works flawlessly right out of the box. 10/10 would recommend!",1,,128
REV00641,user_0759,coffee maker,5,Absolutely love this coffee maker! Fits perfectly and matches exactly what was shown in the photos. Would definitely buy again!,1,,126
REV00642,user_0436,robot vacuum,5,This robot vacuum exceeded my expectations. The build quality is top-notch and it arrived quickly. 5 stars without hesitation.,1,,83
REV00643,user_0902,wallet,2,"Poor quality wallet, save your money. Connection drops constantly and the device overheats quickly. Absolute rubbish.",0,,88
REV00644,user_0680,tablet,5,"Solid tablet, highly satisfied. The design is sleek and modern, looks great on my desk. Already ordered a second one as a gift.",1,,122
REV00645,user_0471,backpack,5,This backpack is a game changer. Much better than my previous one — noticeable improvement. A must-buy!,1,Verified Purchase,8
REV00646,user_0641,charging cable,5,Very impressed with this charging cable. Packaging was great and the product feels premium. Will be buying more products from this brand.,1,Verified Purchase,34
REV00647,user_0223,water bottle,5,Absolutely love this water bottle! My whole family loves it and we've recommended it to friends. Already ordered a second one as a gift.,1,Verified Purchase,79
REV00648,user_0499,electric kettle,5,Couldn't be happier with this electric kettle. Battery life is phenomenal — lasts much longer than advertised. Would definitely buy again!,1,Verified Purchase,4
REV00649,user_0264,gaming mouse,5,This gaming mouse is worth every penny. I've been using it daily for weeks and it still works like new. 5 stars without hesitation.,1,,118
REV00650,user_0008,electric kettle,1,"Huge disappointment, expected much better from this electric kettle. Connection drops constantly and the device overheats quickly. Very angry and will not buy from this seller again.",0,Verified Purchase,69
REV00651,user_0444,webcam,1,"Poor quality webcam, save your money. Cheaply made materials that scratched and peeled after first use. Do not waste your money.",0,Verified Purchase,126
REV00652,user_0275,wallet,4,Very impressed with this wallet. Customer support was very responsive when I had questions. Highly recommend to anyone looking for reliability.,1,Verified Purchase,138
REV00653,user_0112,e-reader,4,Best e-reader I've ever purchased. Fits perfectly and matches exactly what was shown in the photos. Will be buying more products from this brand.,1,,88
REV00654,user_0447,instant pot,5,This instant pot is a game changer. The build quality is top-notch and it arrived quickly. A must-buy!,1,Verified Purchase,124
REV00655,user_0014,smartwatch,1,This smartwatch stopped working after one week. Performance is terrible compared to competitors at the same price. Buyer beware — stay far away.,0,Verified Purchase,48
REV00656,user_0484,toaster oven,5,Super happy with my toaster oven purchase. Much better than my previous one — noticeable improvement. Already ordered a second one as a gift.,1,Verified Purchase,82
REV00657,user_0842,toaster oven,5,"Excellent toaster oven, exactly as described. The build quality is top-notch and it arrived quickly. Very satisfied, no complaints.",1,Verified Purchase,147
REV00658,user_0696,robot vacuum,4,Couldn't be happier with this robot vacuum. My whole family loves it and we've recommended it to friends. 5 stars without hesitation.,1,Verified Purchase,136
REV00659,user_0297,sunglasses,1,This sunglasses is a total scam. Battery dies within an hour — completely unusable for daily tasks. Absolute rubbish.,0,Verified Purchase,107
REV00660,user_0456,yoga mat,2,Not as described — very misleading yoga mat listing. Battery dies within an hour — completely unusable for daily tasks. Returning this immediately.,0,Verified Purchase,38
REV00661,user_0130,water bottle,5,Purchased this water bottle last month and love it. Comfortable to use for long periods without any fatigue. Would definitely buy again!,1,Verified Purchase,22
REV00662,user_0855,resistance bands,5,"Purchased this resistance bands last month and love it. The design is sleek and modern, looks great on my desk. Already ordered a second one as a gift.",1,Verified Purchase,115
REV00663,user_0346,coffee maker,5,"Outstanding coffee maker, five stars. Packaging was great and the product feels premium. A must-buy!",1,Verified Purchase,137
REV00664,user_0673,water bottle,4,"Fantastic water bottle, works perfectly. The performance quality is incredible for the price. Would definitely buy again!",1,Verified Purchase,71
REV00665,user_0041,phone case,5,"This phone case is a game changer. I've been using it daily for weeks and it still works like new. Very satisfied, no complaints.",1,,61
REV00666,user_0346,earbuds,1,Regret buying this earbuds. Instructions were incomprehensible and setup took hours. 1 star — would give zero if possible.,0,Verified Purchase,26
REV00667,user_0527,laptop stand,1,Zero stars if I could for this laptop stand. Customer support never responded to my multiple messages. Worst purchase I've made this year.,0,Verified Purchase,90
REV00668,user_0012,coffee maker,5,"Solid coffee maker, highly satisfied. My whole family loves it and we've recommended it to friends. 5 stars without hesitation.",1,Verified Purchase,4
REV00669,user_0704,wireless headphones,5,"Great value for money wireless headphones. The performance quality is incredible for the price. Very satisfied, no complaints.",1,Verified Purchase,98
REV00670,user_0162,smart bulb,5,"Super happy with my smart bulb purchase. Customer support was very responsive when I had questions. Very satisfied, no complaints.",1,Verified Purchase,114
REV00671,user_0748,power bank,1,"Huge disappointment, expected much better from this power bank. Took forever to arrive and the item was not as described at all. Worst purchase I've made this year.",0,Verified Purchase,147
REV00672,user_0691,power bank,1,"Faulty power bank, does not work as advertised. Already broke and I only used it twice — total waste of money. Requested a refund right away.",0,,93
REV00673,user_0387,phone case,4,Super happy with my phone case purchase. Connectivity is seamless and lag-free every single time. Would definitely buy again!,1,,5
REV00674,user_0612,monitor,5,Couldn't be happier with this monitor. My whole family loves it and we've recommended it to friends. 10/10 would recommend!,1,,100
REV00675,user_0744,power bank,5,Absolutely love this power bank! Durable construction — dropped it a few times with no damage. 10/10 would recommend!,1,,105
REV00676,user_0419,coffee maker,1,This coffee maker is cheaply made and falls apart. The packaging was damaged and the product arrived broken. Returning this immediately.,0,,9
REV00677,user_0771,blender,5,This blender is a game changer. Comfortable to use for long periods without any fatigue. Highly recommend to anyone looking for reliability.,1,Verified Purchase,66
REV00678,user_0664,USB hub,1,Deeply unsatisfied with this USB hub. Connection drops constantly and the device overheats quickly. Worst purchase I've made this year.,0,,77
REV00679,user_0941,bluetooth speaker,1,This bluetooth speaker broke within days. Took forever to arrive and the item was not as described at all. Absolute rubbish.,0,,74
REV00680,user_0661,electric kettle,4,Absolutely love this electric kettle! Fits perfectly and matches exactly what was shown in the photos. Will be buying more products from this brand.,1,,10
REV00681,user_0729,wallet,1,"Huge disappointment, expected much better from this wallet. Took forever to arrive and the item was not as described at all. Worst purchase I've made this year.",0,Verified Purchase,18
REV00682,user_0698,robot vacuum,1,"Terrible robot vacuum, complete waste of money. The packaging was damaged and the product arrived broken. Requested a refund right away.",0,Verified Purchase,35
REV00683,user_0239,earbuds,4,"Excellent earbuds, exactly as described. The performance quality is incredible for the price. 5 stars without hesitation.",1,Verified Purchase,9
REV00684,user_0394,power bank,1,This power bank is a total scam. Cheaply made materials that scratched and peeled after first use. 1 star — would give zero if possible.,0,,101
REV00685,user_0520,smart bulb,5,Great value for money smart bulb. My whole family loves it and we've recommended it to friends. 5 stars without hesitation.,1,,131
REV00686,user_0940,robot vacuum,4,Very impressed with this robot vacuum. My whole family loves it and we've recommended it to friends. Would definitely buy again!,1,Verified Purchase,110
REV00687,user_0683,e-reader,5,"Outstanding e-reader, five stars. Connectivity is seamless and lag-free every single time. Highly recommend to anyone looking for reliability.",1,Verified Purchase,36
REV00688,user_0462,laptop stand,5,"Great value for money laptop stand. Customer support was very responsive when I had questions. Very satisfied, no complaints.",1,,110
REV00689,user_0463,robot vacuum,4,"Fantastic robot vacuum, works perfectly. Fits perfectly and matches exactly what was shown in the photos. Would definitely buy again!",1,,10
REV00690,user_0384,webcam,2,This webcam is a total scam. Connection drops constantly and the device overheats quickly. Buyer beware — stay far away.,0,,54
REV00691,user_0827,instant pot,5,This instant pot is a game changer. The performance quality is incredible for the price. Will be buying more products from this brand.,1,,140
REV00692,user_0282,toaster oven,5,"Outstanding toaster oven, five stars. The design is sleek and modern, looks great on my desk. Already ordered a second one as a gift.",1,Verified Purchase,70
REV00693,user_0491,air purifier,4,Great value for money air purifier. My whole family loves it and we've recommended it to friends. Would definitely buy again!,1,,109
REV00694,user_0245,bluetooth speaker,1,Very disappointed with this bluetooth speaker. Instructions were incomprehensible and setup took hours. Very angry and will not buy from this seller again.,0,Verified Purchase,80
REV00695,user_0185,phone case,1,Regret buying this phone case. Performance is terrible compared to competitors at the same price. 1 star — would give zero if possible.,0,Verified Purchase,40
REV00696,user_0290,tablet,1,Deeply unsatisfied with this tablet. Battery dies within an hour — completely unusable for daily tasks. Returning this immediately.,0,Verified Purchase,144
REV00697,user_0787,webcam,5,"Outstanding webcam, five stars. Customer support was very responsive when I had questions. Already ordered a second one as a gift.",1,Verified Purchase,5
REV00698,user_0226,wallet,4,Very impressed with this wallet. My whole family loves it and we've recommended it to friends. Will be buying more products from this brand.,1,,14
REV00699,user_0036,mechanical keyboard,1,Zero stars if I could for this mechanical keyboard. Performance is terrible compared to competitors at the same price. Very angry and will not buy from this seller again.,0,Verified Purchase,118
REV00700,user_0382,coffee maker,5,Very impressed with this coffee maker. The performance quality is incredible for the price. Highly recommend to anyone looking for reliability.,1,,92
REV00701,user_0467,phone case,2,"Terrible phone case, complete waste of money. Already broke and I only used it twice — total waste of money. Do not waste your money.",0,Verified Purchase,67
REV00702,user_0010,wireless headphones,5,"Super happy with my wireless headphones purchase. The design is sleek and modern, looks great on my desk. 10/10 would recommend!",1,,74
REV00703,user_0798,power bank,2,"Faulty power bank, does not work as advertised. The design looks nothing like the photos — very misleading listing. 1 star — would give zero if possible.",0,Verified Purchase,15
REV00704,user_0094,gaming mouse,4,Couldn't be happier with this gaming mouse. Battery life is phenomenal — lasts much longer than advertised. 5 stars without hesitation.,1,Verified Purchase,115
REV00705,user_0174,wallet,1,Deeply unsatisfied with this wallet. Loud rattling noise that makes it completely unusable. Very angry and will not buy from this seller again.,0,Verified Purchase,139
REV00706,user_0997,electric kettle,1,"Terrible electric kettle, complete waste of money. Already broke and I only used it twice — total waste of money. Requested a refund right away.",0,,88
REV00707,user_0825,laptop stand,1,This laptop stand stopped working after one week. Performance is terrible compared to competitors at the same price. Very angry and will not buy from this seller again.,0,Verified Purchase,103
REV00708,user_0113,earbuds,2,Regret buying this earbuds. Already broke and I only used it twice — total waste of money. Do not waste your money.,0,Verified Purchase,125
REV00709,user_0361,phone case,5,"This phone case exceeded my expectations. The design is sleek and modern, looks great on my desk. Highly recommend to anyone looking for reliability.",1,Verified Purchase,87
REV00710,user_0531,monitor,2,Do NOT buy this monitor. Performance is terrible compared to competitors at the same price. Returning this immediately.,0,Verified Purchase,18
REV00711,user_0869,backpack,1,"Faulty backpack, does not work as advertised. The design looks nothing like the photos — very misleading listing. 1 star — would give zero if possible.",0,Verified Purchase,136
REV00712,user_0386,instant pot,1,Not as described — very misleading instant pot listing. It stopped working completely after just a few days of light use. Worst purchase I've made this year.,0,Verified Purchase,132
REV00713,user_0871,wireless headphones,1,Very disappointed with this wireless headphones. Very uncomfortable to use and causes strain after just minutes. Buyer beware — stay far away.,0,Verified Purchase,101
REV00714,user_0365,laptop stand,4,"Purchased this laptop stand last month and love it. The design is sleek and modern, looks great on my desk. 10/10 would recommend!",1,Verified Purchase,117
REV00715,user_0368,yoga mat,1,Zero stars if I could for this yoga mat. Connection drops constantly and the device overheats quickly. Returning this immediately.,0,Verified Purchase,88
REV00716,user_0063,coffee maker,5,Best coffee maker I've ever purchased. The build quality is top-notch and it arrived quickly. Will be buying more products from this brand.,1,,148
REV00717,user_0867,sunglasses,5,Best sunglasses I've ever purchased. The performance quality is incredible for the price. Already ordered a second one as a gift.,1,Verified Purchase,97
REV00718,user_0439,sunglasses,5,"Fantastic sunglasses, works perfectly. Battery life is phenomenal — lasts much longer than advertised. Will be buying more products from this brand.",1,Verified Purchase,137
REV00719,user_0374,wallet,1,"Huge disappointment, expected much better from this wallet. The packaging was damaged and the product arrived broken. Very angry and will not buy from this seller again.",0,Verified Purchase,132
REV00720,user_0496,air purifier,1,Worst air purifier I have ever purchased. The packaging was damaged and the product arrived broken. Returning this immediately.,0,Verified Purchase,87
REV00721,user_0105,toaster oven,2,This toaster oven broke within days. Instructions were incomprehensible and setup took hours. Requested a refund right away.,0,Verified Purchase,63
REV00722,user_0826,power bank,5,"Fantastic power bank, works perfectly. My whole family loves it and we've recommended it to friends. Highly recommend to anyone looking for reliability.",1,Verified Purchase,88
REV00723,user_0294,wireless headphones,5,Very impressed with this wireless headphones. Much better than my previous one — noticeable improvement. 5 stars without hesitation.,1,,136
REV00724,user_0420,backpack,2,Zero stars if I could for this backpack. The design looks nothing like the photos — very misleading listing. 1 star — would give zero if possible.,0,Verified Purchase,15
REV00725,user_0992,charging cable,5,Purchased this charging cable last month and love it. Battery life is phenomenal — lasts much longer than advertised. A must-buy!,1,Verified Purchase,103
REV00726,user_0660,phone case,5,Absolutely love this phone case! I've been using it daily for weeks and it still works like new. Will be buying more products from this brand.,1,Verified Purchase,124
REV00727,user_0271,sunglasses,4,This sunglasses is worth every penny. Battery life is phenomenal — lasts much longer than advertised. A must-buy!,1,Verified Purchase,143
REV00728,user_0049,bluetooth speaker,1,"Faulty bluetooth speaker, does not work as advertised. The packaging was damaged and the product arrived broken. Do not waste your money.",0,Verified Purchase,38
REV00729,user_0448,mechanical keyboard,1,"Terrible mechanical keyboard, complete waste of money. Cheaply made materials that scratched and peeled after first use. Do not waste your money.",0,Verified Purchase,1
REV00730,user_0068,smartwatch,1,Not as described — very misleading smartwatch listing. Took forever to arrive and the item was not as described at all. 1 star — would give zero if possible.,0,,10
REV00731,user_0045,monitor,1,Worst monitor I have ever purchased. Customer support never responded to my multiple messages. Worst purchase I've made this year.,0,Verified Purchase,62
REV00732,user_0860,wireless headphones,2,This wireless headphones is cheaply made and falls apart. Took forever to arrive and the item was not as described at all. Do not waste your money.,0,,96
REV00733,user_0748,water bottle,5,This water bottle exceeded my expectations. Setup was easy and it works flawlessly right out of the box. Highly recommend to anyone looking for reliability.,1,Verified Purchase,47
REV00734,user_0347,robot vacuum,5,"Outstanding robot vacuum, five stars. Much better than my previous one — noticeable improvement. 10/10 would recommend!",1,Verified Purchase,74
REV00735,user_0447,robot vacuum,2,Do NOT buy this robot vacuum. Loud rattling noise that makes it completely unusable. Buyer beware — stay far away.,0,Verified Purchase,28
REV00736,user_0794,gaming mouse,4,"Amazing quality gaming mouse, highly recommend. The performance quality is incredible for the price. 10/10 would recommend!",1,Verified Purchase,14
REV00737,user_0310,wireless headphones,4,"This wireless headphones is a game changer. Much better than my previous one — noticeable improvement. Very satisfied, no complaints.",1,Verified Purchase,128
REV00738,user_0712,laptop stand,5,"Fantastic laptop stand, works perfectly. Much better than my previous one — noticeable improvement. Very satisfied, no complaints.",1,,115
REV00739,user_0409,power bank,5,Couldn't be happier with this power bank. Setup was easy and it works flawlessly right out of the box. Already ordered a second one as a gift.,1,Verified Purchase,139
REV00740,user_0475,laptop stand,1,This laptop stand broke within days. The packaging was damaged and the product arrived broken. Requested a refund right away.,0,Verified Purchase,2
REV00741,user_0446,smart bulb,5,This smart bulb exceeded my expectations. The build quality is top-notch and it arrived quickly. Already ordered a second one as a gift.,1,,114
REV00742,user_0225,running shoes,5,Purchased this running shoes last month and love it. Fits perfectly and matches exactly what was shown in the photos. A must-buy!,1,Verified Purchase,130
REV00743,user_0458,earbuds,5,"Outstanding earbuds, five stars. The build quality is top-notch and it arrived quickly. A must-buy!",1,Verified Purchase,122
REV00744,user_0024,resistance bands,2,Not as described — very misleading resistance bands listing. The packaging was damaged and the product arrived broken. 1 star — would give zero if possible.,0,Verified Purchase,25
REV00745,user_0617,electric kettle,4,"Outstanding electric kettle, five stars. Customer support was very responsive when I had questions. A must-buy!",1,Verified Purchase,25
REV00746,user_0329,backpack,5,Great value for money backpack. The build quality is top-notch and it arrived quickly. Will be buying more products from this brand.,1,Verified Purchase,24
REV00747,user_0902,smart bulb,5,Very impressed with this smart bulb. The performance quality is incredible for the price. Will be buying more products from this brand.,1,,31
REV00748,user_0539,earbuds,5,This earbuds is worth every penny. The build quality is top-notch and it arrived quickly. Already ordered a second one as a gift.,1,Verified Purchase,144
REV00749,user_0652,air purifier,2,"Faulty air purifier, does not work as advertised. Connection drops constantly and the device overheats quickly. Very angry and will not buy from this seller again.",0,Verified Purchase,130
REV00750,user_0278,power bank,5,"Very impressed with this power bank. Battery life is phenomenal — lasts much longer than advertised. Very satisfied, no complaints.",1,Verified Purchase,24
REV00751,user_0543,toaster oven,5,Great value for money toaster oven. Connectivity is seamless and lag-free every single time. Highly recommend to anyone looking for reliability.,1,Verified Purchase,101
REV00752,user_0160,earbuds,5,This earbuds is a game changer. I've been using it daily for weeks and it still works like new. Already ordered a second one as a gift.,1,,59
REV00753,user_0971,gaming mouse,1,Zero stars if I could for this gaming mouse. Customer support never responded to my multiple messages. Very angry and will not buy from this seller again.,0,Verified Purchase,29
REV00754,user_0327,blender,2,Very disappointed with this blender. Cheaply made materials that scratched and peeled after first use. Very angry and will not buy from this seller again.,0,Verified Purchase,128
REV00755,user_0511,bluetooth speaker,4,This bluetooth speaker exceeded my expectations. Durable construction — dropped it a few times with no damage. Would definitely buy again!,1,Verified Purchase,45
REV00756,user_0630,tablet,1,This tablet is a total scam. Loud rattling noise that makes it completely unusable. Returning this immediately.,0,Verified Purchase,43
REV00757,user_0561,wallet,5,Couldn't be happier with this wallet. Battery life is phenomenal — lasts much longer than advertised. Will be buying more products from this brand.,1,Verified Purchase,144
REV00758,user_0313,wireless headphones,4,"Excellent wireless headphones, exactly as described. Connectivity is seamless and lag-free every single time. A must-buy!",1,Verified Purchase,81
REV00759,user_0068,mechanical keyboard,5,"Fantastic mechanical keyboard, works perfectly. Fits perfectly and matches exactly what was shown in the photos. Would definitely buy again!",1,Verified Purchase,37
REV00760,user_0837,coffee maker,1,"Poor quality coffee maker, save your money. Battery dies within an hour — completely unusable for daily tasks. 1 star — would give zero if possible.",0,Verified Purchase,139
REV00761,user_0473,laptop stand,5,Very impressed with this laptop stand. Customer support was very responsive when I had questions. Would definitely buy again!,1,Verified Purchase,24
REV00762,user_0231,yoga mat,4,"Fantastic yoga mat, works perfectly. The performance quality is incredible for the price. Will be buying more products from this brand.",1,Verified Purchase,49
REV00763,user_0741,screen protector,2,Not as described — very misleading screen protector listing. The design looks nothing like the photos — very misleading listing. 1 star — would give zero if possible.,0,Verified Purchase,46
REV00764,user_0828,water bottle,2,Not as described — very misleading water bottle listing. Customer support never responded to my multiple messages. Worst purchase I've made this year.,0,Verified Purchase,105
REV00765,user_0815,phone case,1,Zero stars if I could for this phone case. Performance is terrible compared to competitors at the same price. Requested a refund right away.,0,,18
REV00766,user_0781,blender,1,"Poor quality blender, save your money. Took forever to arrive and the item was not as described at all. Requested a refund right away.",0,Verified Purchase,101
REV00767,user_0133,blender,5,"Outstanding blender, five stars. My whole family loves it and we've recommended it to friends. Already ordered a second one as a gift.",1,,122
REV00768,user_0629,earbuds,5,Couldn't be happier with this earbuds. Customer support was very responsive when I had questions. A must-buy!,1,Verified Purchase,111
REV00769,user_0537,charging cable,1,"Faulty charging cable, does not work as advertised. Battery dies within an hour — completely unusable for daily tasks. 1 star — would give zero if possible.",0,Verified Purchase,138
REV00770,user_0770,air purifier,2,Regret buying this air purifier. Cheaply made materials that scratched and peeled after first use. Requested a refund right away.,0,Verified Purchase,149
REV00771,user_0713,smart bulb,5,This smart bulb is a game changer. Customer support was very responsive when I had questions. A must-buy!,1,Verified Purchase,14
REV00772,user_0569,instant pot,5,Great value for money instant pot. The build quality is top-notch and it arrived quickly. Already ordered a second one as a gift.,1,Verified Purchase,25
REV00773,user_0567,laptop stand,2,This laptop stand stopped working after one week. Performance is terrible compared to competitors at the same price. Buyer beware — stay far away.,0,,12
REV00774,user_0180,running shoes,1,This running shoes is cheaply made and falls apart. Loud rattling noise that makes it completely unusable. Buyer beware — stay far away.,0,Verified Purchase,63
REV00775,user_0093,charging cable,5,Super happy with my charging cable purchase. Comfortable to use for long periods without any fatigue. Will be buying more products from this brand.,1,Verified Purchase,66
REV00776,user_0866,resistance bands,2,"Terrible resistance bands, complete waste of money. Customer support never responded to my multiple messages. 1 star — would give zero if possible.",0,Verified Purchase,106
REV00777,user_0237,yoga mat,1,This yoga mat is a total scam. The packaging was damaged and the product arrived broken. Worst purchase I've made this year.,0,,9
REV00778,user_0877,bluetooth speaker,1,Do NOT buy this bluetooth speaker. The packaging was damaged and the product arrived broken. Requested a refund right away.,0,,24
REV00779,user_0901,charging cable,4,Absolutely love this charging cable! The performance quality is incredible for the price. Already ordered a second one as a gift.,1,,128
REV00780,user_0180,blender,1,Worst blender I have ever purchased. Very uncomfortable to use and causes strain after just minutes. Do not waste your money.,0,Verified Purchase,77
REV00781,user_0989,running shoes,1,Worst running shoes I have ever purchased. The quality is extremely poor and feels like it will break any day. Absolute rubbish.,0,,135
REV00782,user_0899,e-reader,1,"Huge disappointment, expected much better from this e-reader. The packaging was damaged and the product arrived broken. 1 star — would give zero if possible.",0,Verified Purchase,53
REV00783,user_0359,toaster oven,1,"Terrible toaster oven, complete waste of money. Already broke and I only used it twice — total waste of money. Absolute rubbish.",0,,121
REV00784,user_0331,smart bulb,1,Worst smart bulb I have ever purchased. Customer support never responded to my multiple messages. Absolute rubbish.,0,Verified Purchase,136
REV00785,user_0332,USB hub,1,This USB hub stopped working after one week. Took forever to arrive and the item was not as described at all. Buyer beware — stay far away.,0,Verified Purchase,102
REV00786,user_0933,tablet,4,"Amazing quality tablet, highly recommend. Packaging was great and the product feels premium. Will be buying more products from this brand.",1,Verified Purchase,78
REV00787,user_0098,yoga mat,1,"Faulty yoga mat, does not work as advertised. Customer support never responded to my multiple messages. Absolute rubbish.",0,Verified Purchase,108
REV00788,user_0883,resistance bands,5,Super happy with my resistance bands purchase. Much better than my previous one — noticeable improvement. Would definitely buy again!,1,,21
REV00789,user_0864,robot vacuum,5,"Outstanding robot vacuum, five stars. Battery life is phenomenal — lasts much longer than advertised. Highly recommend to anyone looking for reliability.",1,Verified Purchase,68
REV00790,user_0759,webcam,1,"Terrible webcam, complete waste of money. Performance is terrible compared to competitors at the same price. Returning this immediately.",0,Verified Purchase,100
REV00791,user_0199,toaster oven,5,This toaster oven exceeded my expectations. The build quality is top-notch and it arrived quickly. A must-buy!,1,Verified Purchase,48
REV00792,user_0830,water bottle,1,Very disappointed with this water bottle. The quality is extremely poor and feels like it will break any day. Very angry and will not buy from this seller again.,0,,146
REV00793,user_0034,resistance bands,5,"Excellent resistance bands, exactly as described. Packaging was great and the product feels premium. Would definitely buy again!",1,Verified Purchase,6
REV00794,user_0191,monitor,1,Deeply unsatisfied with this monitor. Took forever to arrive and the item was not as described at all. Very angry and will not buy from this seller again.,0,Verified Purchase,101
REV00795,user_0133,monitor,1,This monitor is cheaply made and falls apart. Cheaply made materials that scratched and peeled after first use. Absolute rubbish.,0,Verified Purchase,150
REV00796,user_0534,USB hub,1,"Faulty USB hub, does not work as advertised. Loud rattling noise that makes it completely unusable. Worst purchase I've made this year.",0,,138
REV00797,user_0508,earbuds,5,Super happy with my earbuds purchase. Battery life is phenomenal — lasts much longer than advertised. Highly recommend to anyone looking for reliability.,1,Verified Purchase,146
REV00798,user_0308,bluetooth speaker,5,This bluetooth speaker is worth every penny. The build quality is top-notch and it arrived quickly. 5 stars without hesitation.,1,,31
REV00799,user_0766,robot vacuum,5,Absolutely love this robot vacuum! The performance quality is incredible for the price. 10/10 would recommend!,1,Verified Purchase,110
REV00800,user_0716,phone case,2,Not as described — very misleading phone case listing. It stopped working completely after just a few days of light use. Worst purchase I've made this year.,0,Verified Purchase,125
REV00801,user_0655,gaming mouse,5,"Excellent gaming mouse, exactly as described. Comfortable to use for long periods without any fatigue. Very satisfied, no complaints.",1,Verified Purchase,97
REV00802,user_0543,tablet,5,This tablet is a game changer. Much better than my previous one — noticeable improvement. 5 stars without hesitation.,1,Verified Purchase,103
REV00803,user_0104,coffee maker,1,Not as described — very misleading coffee maker listing. Already broke and I only used it twice — total waste of money. Do not waste your money.,0,,50
REV00804,user_0785,screen protector,1,Zero stars if I could for this screen protector. Instructions were incomprehensible and setup took hours. Returning this immediately.,0,Verified Purchase,114
REV00805,user_0576,smart bulb,2,Worst smart bulb I have ever purchased. Battery dies within an hour — completely unusable for daily tasks. Returning this immediately.,0,Verified Purchase,150
REV00806,user_0510,bluetooth speaker,1,Not as described — very misleading bluetooth speaker listing. Battery dies within an hour — completely unusable for daily tasks. Buyer beware — stay far away.,0,,111
REV00807,user_0690,backpack,5,This backpack is worth every penny. I've been using it daily for weeks and it still works like new. Highly recommend to anyone looking for reliability.,1,,35
REV00808,user_0831,yoga mat,5,Absolutely love this yoga mat! Battery life is phenomenal — lasts much longer than advertised. Would definitely buy again!,1,Verified Purchase,133
REV00809,user_0819,laptop stand,1,Deeply unsatisfied with this laptop stand. The quality is extremely poor and feels like it will break any day. Requested a refund right away.,0,Verified Purchase,92
REV00810,user_0227,mechanical keyboard,5,This mechanical keyboard exceeded my expectations. My whole family loves it and we've recommended it to friends. 10/10 would recommend!,1,Verified Purchase,55
REV00811,user_0738,sunglasses,2,This sunglasses is a total scam. The packaging was damaged and the product arrived broken. Worst purchase I've made this year.,0,Verified Purchase,31
REV00812,user_0422,earbuds,5,"This earbuds is worth every penny. The build quality is top-notch and it arrived quickly. Very satisfied, no complaints.",1,,101
REV00813,user_0421,monitor,5,"Super happy with my monitor purchase. The design is sleek and modern, looks great on my desk. 10/10 would recommend!",1,Verified Purchase,90
REV00814,user_0328,running shoes,5,"Amazing quality running shoes, highly recommend. Much better than my previous one — noticeable improvement. 5 stars without hesitation.",1,Verified Purchase,22
REV00815,user_0060,smart bulb,2,This smart bulb broke within days. Cheaply made materials that scratched and peeled after first use. Returning this immediately.,0,Verified Purchase,86
REV00816,user_0760,phone case,1,This phone case is a total scam. Customer support never responded to my multiple messages. Do not waste your money.,0,Verified Purchase,128
REV00817,user_0824,wireless headphones,2,"Poor quality wireless headphones, save your money. Connection drops constantly and the device overheats quickly. Worst purchase I've made this year.",0,Verified Purchase,84
REV00818,user_0296,bluetooth speaker,1,Not as described — very misleading bluetooth speaker listing. Very uncomfortable to use and causes strain after just minutes. 1 star — would give zero if possible.,0,Verified Purchase,24
REV00819,user_0215,smart bulb,5,This smart bulb exceeded my expectations. Fits perfectly and matches exactly what was shown in the photos. 10/10 would recommend!,1,Verified Purchase,19
REV00820,user_0163,screen protector,1,Very disappointed with this screen protector. The design looks nothing like the photos — very misleading listing. Worst purchase I've made this year.,0,Verified Purchase,20
REV00821,user_0991,e-reader,4,Super happy with my e-reader purchase. The performance quality is incredible for the price. 5 stars without hesitation.,1,Verified Purchase,33
REV00822,user_0483,instant pot,2,Very disappointed with this instant pot. Very uncomfortable to use and causes strain after just minutes. 1 star — would give zero if possible.,0,,17
REV00823,user_0527,coffee maker,1,"Huge disappointment, expected much better from this coffee maker. Battery dies within an hour — completely unusable for daily tasks. Buyer beware — stay far away.",0,Verified Purchase,31
REV00824,user_0225,smartwatch,1,Do NOT buy this smartwatch. Performance is terrible compared to competitors at the same price. Returning this immediately.,0,,108
REV00825,user_0437,earbuds,1,Regret buying this earbuds. It stopped working completely after just a few days of light use. Very angry and will not buy from this seller again.,0,Verified Purchase,141
REV00826,user_0415,toaster oven,5,Super happy with my toaster oven purchase. Customer support was very responsive when I had questions. Will be buying more products from this brand.,1,,144
REV00827,user_0606,tablet,2,Deeply unsatisfied with this tablet. The packaging was damaged and the product arrived broken. Absolute rubbish.,0,Verified Purchase,24
REV00828,user_0379,gaming mouse,1,This gaming mouse broke within days. The design looks nothing like the photos — very misleading listing. Worst purchase I've made this year.,0,Verified Purchase,9
REV00829,user_0904,wallet,5,"Fantastic wallet, works perfectly. The design is sleek and modern, looks great on my desk. 10/10 would recommend!",1,Verified Purchase,118
REV00830,user_0643,monitor,5,"Super happy with my monitor purchase. The build quality is top-notch and it arrived quickly. Very satisfied, no complaints.",1,Verified Purchase,31
REV00831,user_0432,instant pot,2,"Poor quality instant pot, save your money. Took forever to arrive and the item was not as described at all. Buyer beware — stay far away.",0,Verified Purchase,150
REV00832,user_0277,wireless headphones,1,"Huge disappointment, expected much better from this wireless headphones. Cheaply made materials that scratched and peeled after first use. 1 star — would give zero if possible.",0,Verified Purchase,133
REV00833,user_0259,smart bulb,5,"Fantastic smart bulb, works perfectly. Comfortable to use for long periods without any fatigue. Very satisfied, no complaints.",1,Verified Purchase,119
REV00834,user_0695,air purifier,1,This air purifier is a total scam. Instructions were incomprehensible and setup took hours. Buyer beware — stay far away.,0,,65
REV00835,user_0038,USB hub,1,Not as described — very misleading USB hub listing. Took forever to arrive and the item was not as described at all. Buyer beware — stay far away.,0,,27
REV00836,user_0442,air purifier,2,This air purifier is a total scam. The design looks nothing like the photos — very misleading listing. Requested a refund right away.,0,,68
REV00837,user_0372,toaster oven,5,Absolutely love this toaster oven! Battery life is phenomenal — lasts much longer than advertised. A must-buy!,1,,19
REV00838,user_0814,bluetooth speaker,2,"Faulty bluetooth speaker, does not work as advertised. The packaging was damaged and the product arrived broken. Very angry and will not buy from this seller again.",0,Verified Purchase,24
REV00839,user_0923,blender,1,Do NOT buy this blender. Battery dies within an hour — completely unusable for daily tasks. Buyer beware — stay far away.,0,Verified Purchase,84
REV00840,user_0221,monitor,4,This monitor exceeded my expectations. The performance quality is incredible for the price. Will be buying more products from this brand.,1,Verified Purchase,37
REV00841,user_0735,wallet,5,This wallet is a game changer. Packaging was great and the product feels premium. A must-buy!,1,Verified Purchase,145
REV00842,user_0915,blender,1,This blender is a total scam. Connection drops constantly and the device overheats quickly. Absolute rubbish.,0,Verified Purchase,18
REV00843,user_0266,USB hub,1,"Terrible USB hub, complete waste of money. Cheaply made materials that scratched and peeled after first use. 1 star — would give zero if possible.",0,,135
REV00844,user_0129,laptop stand,5,Great value for money laptop stand. Comfortable to use for long periods without any fatigue. Already ordered a second one as a gift.,1,Verified Purchase,53
REV00845,user_0948,toaster oven,5,Very impressed with this toaster oven. The performance quality is incredible for the price. 10/10 would recommend!,1,Verified Purchase,34
REV00846,user_0194,smartwatch,1,"Poor quality smartwatch, save your money. It stopped working completely after just a few days of light use. Requested a refund right away.",0,Verified Purchase,32
REV00847,user_0632,monitor,5,This monitor exceeded my expectations. My whole family loves it and we've recommended it to friends. 10/10 would recommend!,1,Verified Purchase,120
REV00848,user_0762,robot vacuum,4,Best robot vacuum I've ever purchased. Comfortable to use for long periods without any fatigue. Highly recommend to anyone looking for reliability.,1,Verified Purchase,58
REV00849,user_0884,robot vacuum,5,Super happy with my robot vacuum purchase. Durable construction — dropped it a few times with no damage. 5 stars without hesitation.,1,Verified Purchase,72
REV00850,user_0796,laptop stand,2,This laptop stand is cheaply made and falls apart. Took forever to arrive and the item was not as described at all. Absolute rubbish.,0,Verified Purchase,135
REV00851,user_0821,instant pot,1,This instant pot broke within days. Connection drops constantly and the device overheats quickly. Requested a refund right away.,0,Verified Purchase,41
REV00852,user_0962,running shoes,4,Couldn't be happier with this running shoes. The build quality is top-notch and it arrived quickly. Highly recommend to anyone looking for reliability.,1,Verified Purchase,35
REV00853,user_0737,resistance bands,5,This resistance bands exceeded my expectations. Packaging was great and the product feels premium. Already ordered a second one as a gift.,1,,0
REV00854,user_0976,wireless headphones,5,This wireless headphones is a game changer. Much better than my previous one — noticeable improvement. Will be buying more products from this brand.,1,,112
REV00855,user_0748,backpack,4,"Excellent backpack, exactly as described. Comfortable to use for long periods without any fatigue. 5 stars without hesitation.",1,Verified Purchase,56
REV00856,user_0951,yoga mat,1,This yoga mat is a total scam. Performance is terrible compared to competitors at the same price. Absolute rubbish.,0,Verified Purchase,83
REV00857,user_0770,laptop stand,1,Regret buying this laptop stand. Took forever to arrive and the item was not as described at all. Buyer beware — stay far away.,0,,76
REV00858,user_0140,water bottle,1,Zero stars if I could for this water bottle. Instructions were incomprehensible and setup took hours. Requested a refund right away.,0,,19
REV00859,user_0872,resistance bands,1,Deeply unsatisfied with this resistance bands. Customer support never responded to my multiple messages. Worst purchase I've made this year.,0,Verified Purchase,122
REV00860,user_0691,gaming mouse,2,This gaming mouse stopped working after one week. Very uncomfortable to use and causes strain after just minutes. Do not waste your money.,0,Verified Purchase,2
REV00861,user_0821,e-reader,1,Worst e-reader I have ever purchased. Battery dies within an hour — completely unusable for daily tasks. Requested a refund right away.,0,,138
REV00862,user_0182,blender,5,"Solid blender, highly satisfied. Comfortable to use for long periods without any fatigue. Very satisfied, no complaints.",1,Verified Purchase,31
REV00863,user_0607,wallet,1,"Huge disappointment, expected much better from this wallet. Connection drops constantly and the device overheats quickly. Absolute rubbish.",0,Verified Purchase,106
REV00864,user_0333,screen protector,1,Regret buying this screen protector. Instructions were incomprehensible and setup took hours. Returning this immediately.,0,Verified Purchase,112
REV00865,user_0483,wallet,1,"Poor quality wallet, save your money. Cheaply made materials that scratched and peeled after first use. Do not waste your money.",0,,39
REV00866,user_0037,instant pot,1,This instant pot is a total scam. The design looks nothing like the photos — very misleading listing. Requested a refund right away.,0,Verified Purchase,99
REV00867,user_0634,screen protector,5,This screen protector is a game changer. I've been using it daily for weeks and it still works like new. 10/10 would recommend!,1,Verified Purchase,137
REV00868,user_0870,coffee maker,5,Purchased this coffee maker last month and love it. Comfortable to use for long periods without any fatigue. Would definitely buy again!,1,Verified Purchase,91
REV00869,user_0712,e-reader,5,Great value for money e-reader. Durable construction — dropped it a few times with no damage. 5 stars without hesitation.,1,Verified Purchase,77
REV00870,user_0356,blender,1,Very disappointed with this blender. Already broke and I only used it twice — total waste of money. Absolute rubbish.,0,Verified Purchase,91
REV00871,user_0039,yoga mat,2,"Poor quality yoga mat, save your money. Loud rattling noise that makes it completely unusable. Worst purchase I've made this year.",0,Verified Purchase,144
REV00872,user_0804,resistance bands,5,"Best resistance bands I've ever purchased. Fits perfectly and matches exactly what was shown in the photos. Very satisfied, no complaints.",1,,59
REV00873,user_0988,bluetooth speaker,5,"Outstanding bluetooth speaker, five stars. The design is sleek and modern, looks great on my desk. Will be buying more products from this brand.",1,Verified Purchase,49
REV00874,user_0942,earbuds,2,"Huge disappointment, expected much better from this earbuds. Battery dies within an hour — completely unusable for daily tasks. Returning this immediately.",0,Verified Purchase,78
REV00875,user_0776,bluetooth speaker,1,Not as described — very misleading bluetooth speaker listing. The design looks nothing like the photos — very misleading listing. Do not waste your money.,0,,69
REV00876,user_0022,USB hub,4,Very impressed with this USB hub. Durable construction — dropped it a few times with no damage. Will be buying more products from this brand.,1,Verified Purchase,26
REV00877,user_0728,earbuds,5,Couldn't be happier with this earbuds. The performance quality is incredible for the price. Will be buying more products from this brand.,1,,133
REV00878,user_0373,coffee maker,5,"Best coffee maker I've ever purchased. The design is sleek and modern, looks great on my desk. Highly recommend to anyone looking for reliability.",1,Verified Purchase,61
REV00879,user_0335,power bank,4,Absolutely love this power bank! Customer support was very responsive when I had questions. Would definitely buy again!,1,,78
REV00880,user_0772,USB hub,2,"Huge disappointment, expected much better from this USB hub. Took forever to arrive and the item was not as described at all. Requested a refund right away.",0,Verified Purchase,107
REV00881,user_0756,sunglasses,5,"Amazing quality sunglasses, highly recommend. Durable construction — dropped it a few times with no damage. 5 stars without hesitation.",1,Verified Purchase,104
REV00882,user_0731,blender,1,This blender broke within days. It stopped working completely after just a few days of light use. 1 star — would give zero if possible.,0,Verified Purchase,99
REV00883,user_0786,instant pot,1,This instant pot is cheaply made and falls apart. Took forever to arrive and the item was not as described at all. Do not waste your money.,0,Verified Purchase,143
REV00884,user_0224,monitor,2,"Terrible monitor, complete waste of money. Customer support never responded to my multiple messages. Requested a refund right away.",0,Verified Purchase,37
REV00885,user_0640,laptop stand,1,"Poor quality laptop stand, save your money. The packaging was damaged and the product arrived broken. Returning this immediately.",0,Verified Purchase,116
REV00886,user_0076,running shoes,1,Regret buying this running shoes. Cheaply made materials that scratched and peeled after first use. Worst purchase I've made this year.,0,Verified Purchase,139
REV00887,user_0849,electric kettle,4,This electric kettle is a game changer. Customer support was very responsive when I had questions. A must-buy!,1,,147
REV00888,user_0269,wireless headphones,2,"Poor quality wireless headphones, save your money. The design looks nothing like the photos — very misleading listing. Requested a refund right away.",0,Verified Purchase,103
REV00889,user_0243,bluetooth speaker,1,Do NOT buy this bluetooth speaker. Cheaply made materials that scratched and peeled after first use. Do not waste your money.,0,Verified Purchase,93
REV00890,user_0203,laptop stand,5,Super happy with my laptop stand purchase. The performance quality is incredible for the price. Already ordered a second one as a gift.,1,Verified Purchase,75
REV00891,user_0067,mechanical keyboard,5,"Solid mechanical keyboard, highly satisfied. Fits perfectly and matches exactly what was shown in the photos. Will be buying more products from this brand.",1,,66
REV00892,user_0388,blender,1,This blender broke within days. The packaging was damaged and the product arrived broken. Do not waste your money.,0,Verified Purchase,131
REV00893,user_0590,air purifier,5,This air purifier exceeded my expectations. Fits perfectly and matches exactly what was shown in the photos. Would definitely buy again!,1,,101
REV00894,user_0658,mechanical keyboard,5,Great value for money mechanical keyboard. Comfortable to use for long periods without any fatigue. Would definitely buy again!,1,,39
REV00895,user_0562,monitor,1,Very disappointed with this monitor. Cheaply made materials that scratched and peeled after first use. Returning this immediately.,0,,101
REV00896,user_0257,wallet,5,"Fantastic wallet, works perfectly. Customer support was very responsive when I had questions. A must-buy!",1,Verified Purchase,50
REV00897,user_0606,bluetooth speaker,2,Very disappointed with this bluetooth speaker. Performance is terrible compared to competitors at the same price. Absolute rubbish.,0,Verified Purchase,25
REV00898,user_0091,gaming mouse,5,"Solid gaming mouse, highly satisfied. The performance quality is incredible for the price. 10/10 would recommend!",1,Verified Purchase,67
REV00899,user_0499,instant pot,5,This instant pot is a game changer. Setup was easy and it works flawlessly right out of the box. Will be buying more products from this brand.,1,,101
REV00900,user_0825,power bank,5,"Outstanding power bank, five stars. The performance quality is incredible for the price. Already ordered a second one as a gift.",1,Verified Purchase,145
REV00901,user_0680,toaster oven,4,Absolutely love this toaster oven! Durable construction — dropped it a few times with no damage. Will be buying more products from this brand.,1,Verified Purchase,99
REV00902,user_0725,laptop stand,2,This laptop stand is a total scam. Battery dies within an hour — completely unusable for daily tasks. Returning this immediately.,0,Verified Purchase,82
REV00903,user_0607,water bottle,5,Purchased this water bottle last month and love it. The performance quality is incredible for the price. Would definitely buy again!,1,Verified Purchase,21
REV00904,user_0383,robot vacuum,2,"Faulty robot vacuum, does not work as advertised. Connection drops constantly and the device overheats quickly. 1 star — would give zero if possible.",0,Verified Purchase,70
REV00905,user_0226,gaming mouse,5,"Excellent gaming mouse, exactly as described. Fits perfectly and matches exactly what was shown in the photos. A must-buy!",1,Verified Purchase,143
REV00906,user_0454,charging cable,5,"This charging cable exceeded my expectations. The design is sleek and modern, looks great on my desk. Already ordered a second one as a gift.",1,Verified Purchase,144
REV00907,user_0072,electric kettle,2,Deeply unsatisfied with this electric kettle. Customer support never responded to my multiple messages. Worst purchase I've made this year.,0,Verified Purchase,90
REV00908,user_0742,screen protector,1,Worst screen protector I have ever purchased. Connection drops constantly and the device overheats quickly. Very angry and will not buy from this seller again.,0,Verified Purchase,62
REV00909,user_0006,wireless headphones,5,"Amazing quality wireless headphones, highly recommend. The design is sleek and modern, looks great on my desk. Very satisfied, no complaints.",1,Verified Purchase,84
REV00910,user_0164,gaming mouse,2,"Terrible gaming mouse, complete waste of money. The quality is extremely poor and feels like it will break any day. 1 star — would give zero if possible.",0,Verified Purchase,21
REV00911,user_0003,instant pot,5,"This instant pot is worth every penny. Fits perfectly and matches exactly what was shown in the photos. Very satisfied, no complaints.",1,Verified Purchase,123
REV00912,user_0725,toaster oven,4,Absolutely love this toaster oven! Connectivity is seamless and lag-free every single time. Already ordered a second one as a gift.,1,Verified Purchase,23
REV00913,user_0144,laptop stand,5,Purchased this laptop stand last month and love it. Setup was easy and it works flawlessly right out of the box. 5 stars without hesitation.,1,,150
REV00914,user_0489,resistance bands,5,"Fantastic resistance bands, works perfectly. Connectivity is seamless and lag-free every single time. Would definitely buy again!",1,Verified Purchase,90
REV00915,user_0824,wireless headphones,2,Worst wireless headphones I have ever purchased. Loud rattling noise that makes it completely unusable. Buyer beware — stay far away.,0,Verified Purchase,34
REV00916,user_0374,tablet,1,Regret buying this tablet. The design looks nothing like the photos — very misleading listing. Requested a refund right away.,0,Verified Purchase,7
REV00917,user_0533,charging cable,1,Worst charging cable I have ever purchased. Connection drops constantly and the device overheats quickly. Requested a refund right away.,0,Verified Purchase,56
REV00918,user_0980,webcam,2,Worst webcam I have ever purchased. Took forever to arrive and the item was not as described at all. Absolute rubbish.,0,Verified Purchase,70
REV00919,user_0196,tablet,5,Great value for money tablet. Customer support was very responsive when I had questions. 5 stars without hesitation.,1,Verified Purchase,17
REV00920,user_0791,wallet,5,"Excellent wallet, exactly as described. Battery life is phenomenal — lasts much longer than advertised. Already ordered a second one as a gift.",1,Verified Purchase,143
REV00921,user_0278,robot vacuum,1,"Faulty robot vacuum, does not work as advertised. Already broke and I only used it twice — total waste of money. Absolute rubbish.",0,,93
REV00922,user_0287,resistance bands,5,This resistance bands is worth every penny. Connectivity is seamless and lag-free every single time. 10/10 would recommend!,1,Verified Purchase,42
REV00923,user_0401,running shoes,5,"Excellent running shoes, exactly as described. The design is sleek and modern, looks great on my desk. Very satisfied, no complaints.",1,Verified Purchase,135
REV00924,user_0631,mechanical keyboard,1,Not as described — very misleading mechanical keyboard listing. Already broke and I only used it twice — total waste of money. Do not waste your money.,0,Verified Purchase,143
REV00925,user_0157,wallet,4,This wallet exceeded my expectations. Connectivity is seamless and lag-free every single time. Would definitely buy again!,1,Verified Purchase,108
REV00926,user_0464,water bottle,5,This water bottle exceeded my expectations. Packaging was great and the product feels premium. Would definitely buy again!,1,Verified Purchase,63
REV00927,user_0393,wireless headphones,5,"Amazing quality wireless headphones, highly recommend. The build quality is top-notch and it arrived quickly. 10/10 would recommend!",1,Verified Purchase,45
REV00928,user_0470,tablet,1,Deeply unsatisfied with this tablet. The packaging was damaged and the product arrived broken. Returning this immediately.,0,,18
REV00929,user_0638,toaster oven,2,"Huge disappointment, expected much better from this toaster oven. Connection drops constantly and the device overheats quickly. Very angry and will not buy from this seller again.",0,Verified Purchase,42
REV00930,user_0706,blender,2,"Huge disappointment, expected much better from this blender. Performance is terrible compared to competitors at the same price. Worst purchase I've made this year.",0,Verified Purchase,65
REV00931,user_0622,toaster oven,1,"Terrible toaster oven, complete waste of money. Took forever to arrive and the item was not as described at all. Returning this immediately.",0,,97
REV00932,user_0502,fitness tracker,5,"Fantastic fitness tracker, works perfectly. Battery life is phenomenal — lasts much longer than advertised. Already ordered a second one as a gift.",1,,70
REV00933,user_0817,earbuds,5,Very impressed with this earbuds. Battery life is phenomenal — lasts much longer than advertised. Will be buying more products from this brand.,1,Verified Purchase,12
REV00934,user_0679,blender,4,"Outstanding blender, five stars. Customer support was very responsive when I had questions. Already ordered a second one as a gift.",1,Verified Purchase,60
REV00935,user_0392,laptop stand,5,This laptop stand is a game changer. The performance quality is incredible for the price. Highly recommend to anyone looking for reliability.,1,Verified Purchase,26
REV00936,user_0946,blender,1,Deeply unsatisfied with this blender. Cheaply made materials that scratched and peeled after first use. Buyer beware — stay far away.,0,,47
REV00937,user_0956,fitness tracker,4,"Couldn't be happier with this fitness tracker. The design is sleek and modern, looks great on my desk. Very satisfied, no complaints.",1,,22
REV00938,user_0044,earbuds,5,"This earbuds exceeded my expectations. I've been using it daily for weeks and it still works like new. Very satisfied, no complaints.",1,Verified Purchase,132
REV00939,user_0076,water bottle,4,Super happy with my water bottle purchase. Battery life is phenomenal — lasts much longer than advertised. Would definitely buy again!,1,Verified Purchase,45
REV00940,user_0992,screen protector,1,Regret buying this screen protector. Loud rattling noise that makes it completely unusable. 1 star — would give zero if possible.,0,,150
REV00941,user_0919,toaster oven,5,"Excellent toaster oven, exactly as described. Durable construction — dropped it a few times with no damage. 10/10 would recommend!",1,Verified Purchase,21
REV00942,user_0385,robot vacuum,1,Do NOT buy this robot vacuum. Took forever to arrive and the item was not as described at all. Worst purchase I've made this year.,0,Verified Purchase,25
REV00943,user_0958,e-reader,4,"Excellent e-reader, exactly as described. The build quality is top-notch and it arrived quickly. Will be buying more products from this brand.",1,Verified Purchase,5
REV00944,user_0468,e-reader,5,Couldn't be happier with this e-reader. Comfortable to use for long periods without any fatigue. 5 stars without hesitation.,1,Verified Purchase,65
REV00945,user_0387,power bank,4,"Excellent power bank, exactly as described. Fits perfectly and matches exactly what was shown in the photos. Would definitely buy again!",1,Verified Purchase,0
REV00946,user_0729,tablet,5,"Fantastic tablet, works perfectly. The design is sleek and modern, looks great on my desk. Would definitely buy again!",1,Verified Purchase,23
REV00947,user_0395,monitor,2,This monitor is a total scam. Already broke and I only used it twice — total waste of money. Very angry and will not buy from this seller again.,0,,78
REV00948,user_0056,wallet,1,This wallet is cheaply made and falls apart. It stopped working completely after just a few days of light use. Buyer beware — stay far away.,0,Verified Purchase,134
REV00949,user_0726,power bank,1,This power bank stopped working after one week. Customer support never responded to my multiple messages. Returning this immediately.,0,,80
REV00950,user_0715,monitor,5,"Great value for money monitor. Fits perfectly and matches exactly what was shown in the photos. Very satisfied, no complaints.",1,,5
REV00951,user_0128,gaming mouse,5,"Outstanding gaming mouse, five stars. Durable construction — dropped it a few times with no damage. Will be buying more products from this brand.",1,Verified Purchase,63
REV00952,user_0805,earbuds,1,This earbuds stopped working after one week. Already broke and I only used it twice — total waste of money. Worst purchase I've made this year.,0,,42
REV00953,user_0596,sunglasses,5,"Super happy with my sunglasses purchase. The design is sleek and modern, looks great on my desk. 10/10 would recommend!",1,,149
REV00954,user_0779,wallet,5,This wallet exceeded my expectations. Battery life is phenomenal — lasts much longer than advertised. Already ordered a second one as a gift.,1,Verified Purchase,116
REV00955,user_0887,running shoes,4,"Excellent running shoes, exactly as described. Battery life is phenomenal — lasts much longer than advertised. 5 stars without hesitation.",1,Verified Purchase,119
REV00956,user_0711,gaming mouse,5,Best gaming mouse I've ever purchased. The performance quality is incredible for the price. Already ordered a second one as a gift.,1,Verified Purchase,54
REV00957,user_0721,earbuds,5,"Solid earbuds, highly satisfied. I've been using it daily for weeks and it still works like new. Will be buying more products from this brand.",1,Verified Purchase,17
REV00958,user_0817,resistance bands,1,"Faulty resistance bands, does not work as advertised. Performance is terrible compared to competitors at the same price. Absolute rubbish.",0,Verified Purchase,90
REV00959,user_0265,tablet,1,Worst tablet I have ever purchased. The packaging was damaged and the product arrived broken. Do not waste your money.,0,Verified Purchase,77
REV00960,user_0543,bluetooth speaker,1,Not as described — very misleading bluetooth speaker listing. Already broke and I only used it twice — total waste of money. Buyer beware — stay far away.,0,Verified Purchase,149
REV00961,user_0392,blender,5,Super happy with my blender purchase. Comfortable to use for long periods without any fatigue. Already ordered a second one as a gift.,1,Verified Purchase,45
REV00962,user_0957,coffee maker,4,This coffee maker is a game changer. Much better than my previous one — noticeable improvement. 10/10 would recommend!,1,,17
REV00963,user_0119,monitor,2,This monitor stopped working after one week. Very uncomfortable to use and causes strain after just minutes. Do not waste your money.,0,Verified Purchase,88
REV00964,user_0286,bluetooth speaker,5,"Excellent bluetooth speaker, exactly as described. Packaging was great and the product feels premium. A must-buy!",1,Verified Purchase,71
REV00965,user_0184,backpack,1,This backpack broke within days. The quality is extremely poor and feels like it will break any day. Buyer beware — stay far away.,0,Verified Purchase,77
REV00966,user_0562,bluetooth speaker,2,Not as described — very misleading bluetooth speaker listing. Connection drops constantly and the device overheats quickly. Do not waste your money.,0,,89
REV00967,user_0157,yoga mat,5,Great value for money yoga mat. Much better than my previous one — noticeable improvement. 10/10 would recommend!,1,Verified Purchase,98
REV00968,user_0735,robot vacuum,5,This robot vacuum exceeded my expectations. Connectivity is seamless and lag-free every single time. Already ordered a second one as a gift.,1,Verified Purchase,119
REV00969,user_0503,e-reader,1,This e-reader stopped working after one week. Very uncomfortable to use and causes strain after just minutes. Very angry and will not buy from this seller again.,0,,136
REV00970,user_0537,tablet,1,Zero stars if I could for this tablet. It stopped working completely after just a few days of light use. Very angry and will not buy from this seller again.,0,Verified Purchase,6
REV00971,user_0473,power bank,5,"Outstanding power bank, five stars. The build quality is top-notch and it arrived quickly. 5 stars without hesitation.",1,Verified Purchase,91
REV00972,user_0585,wireless headphones,2,"Poor quality wireless headphones, save your money. Cheaply made materials that scratched and peeled after first use. Buyer beware — stay far away.",0,,9
REV00973,user_0703,blender,5,This blender is a game changer. Connectivity is seamless and lag-free every single time. Already ordered a second one as a gift.,1,Verified Purchase,37
REV00974,user_0524,screen protector,4,Couldn't be happier with this screen protector. Setup was easy and it works flawlessly right out of the box. Will be buying more products from this brand.,1,Verified Purchase,39
REV00975,user_0524,USB hub,1,"Faulty USB hub, does not work as advertised. Connection drops constantly and the device overheats quickly. 1 star — would give zero if possible.",0,Verified Purchase,118
REV00976,user_0754,USB hub,5,"Amazing quality USB hub, highly recommend. Customer support was very responsive when I had questions. Will be buying more products from this brand.",1,,87
REV00977,user_0147,instant pot,5,"Purchased this instant pot last month and love it. The design is sleek and modern, looks great on my desk. Will be buying more products from this brand.",1,Verified Purchase,132
REV00978,user_0604,smartwatch,2,This smartwatch stopped working after one week. Took forever to arrive and the item was not as described at all. 1 star — would give zero if possible.,0,,90
REV00979,user_0401,smartwatch,4,"Purchased this smartwatch last month and love it. The design is sleek and modern, looks great on my desk. Highly recommend to anyone looking for reliability.",1,Verified Purchase,73
REV00980,user_0575,water bottle,5,"Fantastic water bottle, works perfectly. Fits perfectly and matches exactly what was shown in the photos. Highly recommend to anyone looking for reliability.",1,Verified Purchase,33
REV00981,user_0867,laptop stand,2,Not as described — very misleading laptop stand listing. Cheaply made materials that scratched and peeled after first use. Worst purchase I've made this year.,0,,102
REV00982,user_0192,yoga mat,5,Best yoga mat I've ever purchased. I've been using it daily for weeks and it still works like new. Highly recommend to anyone looking for reliability.,1,Verified Purchase,123
REV00983,user_0200,USB hub,1,Not as described — very misleading USB hub listing. Loud rattling noise that makes it completely unusable. 1 star — would give zero if possible.,0,Verified Purchase,71
REV00984,user_0155,screen protector,4,"This screen protector is a game changer. My whole family loves it and we've recommended it to friends. Very satisfied, no complaints.",1,,37
REV00985,user_0277,air purifier,1,"Huge disappointment, expected much better from this air purifier. The quality is extremely poor and feels like it will break any day. 1 star — would give zero if possible.",0,Verified Purchase,111
REV00986,user_0167,webcam,5,Very impressed with this webcam. The performance quality is incredible for the price. 5 stars without hesitation.,1,Verified Purchase,13
REV00987,user_0935,charging cable,5,This charging cable exceeded my expectations. Setup was easy and it works flawlessly right out of the box. 10/10 would recommend!,1,Verified Purchase,100
REV00988,user_0888,smart bulb,1,This smart bulb broke within days. Performance is terrible compared to competitors at the same price. Returning this immediately.,0,Verified Purchase,37
REV00989,user_0757,air purifier,5,"Outstanding air purifier, five stars. Setup was easy and it works flawlessly right out of the box. Would definitely buy again!",1,Verified Purchase,23
REV00990,user_0804,instant pot,5,Great value for money instant pot. Durable construction — dropped it a few times with no damage. 5 stars without hesitation.,1,Verified Purchase,100
REV00991,user_0139,USB hub,1,Not as described — very misleading USB hub listing. Battery dies within an hour — completely unusable for daily tasks. Do not waste your money.,0,Verified Purchase,1
REV00992,user_0025,instant pot,5,"Fantastic instant pot, works perfectly. Durable construction — dropped it a few times with no damage. Highly recommend to anyone looking for reliability.",1,,122
REV00993,user_0224,wireless headphones,2,This wireless headphones is cheaply made and falls apart. Loud rattling noise that makes it completely unusable. Do not waste your money.,0,Verified Purchase,62
REV00994,user_0495,webcam,1,This webcam broke within days. Connection drops constantly and the device overheats quickly. Do not waste your money.,0,Verified Purchase,94
REV00995,user_0727,yoga mat,4,Absolutely love this yoga mat! The build quality is top-notch and it arrived quickly. Will be buying more products from this brand.,1,Verified Purchase,83
REV00996,user_0389,wallet,2,Worst wallet I have ever purchased. Cheaply made materials that scratched and peeled after first use. Do not waste your money.,0,Verified Purchase,147
REV00997,user_0851,webcam,1,Do NOT buy this webcam. Loud rattling noise that makes it completely unusable. Do not waste your money.,0,Verified Purchase,125
REV00998,user_0177,yoga mat,1,"Terrible yoga mat, complete waste of money. Loud rattling noise that makes it completely unusable. Requested a refund right away.",0,,48
REV00999,user_0400,smartwatch,2,Deeply unsatisfied with this smartwatch. The packaging was damaged and the product arrived broken. Buyer beware — stay far away.,0,Verified Purchase,0
REV01000,user_0620,bluetooth speaker,5,Super happy with my bluetooth speaker purchase. My whole family loves it and we've recommended it to friends. 5 stars without hesitation.,1,,37
REV01001,user_0493,monitor,4,Very impressed with this monitor. Connectivity is seamless and lag-free every single time. 10/10 would recommend!,1,Verified Purchase,21
REV01002,user_0403,resistance bands,5,This resistance bands is a game changer. My whole family loves it and we've recommended it to friends. Will be buying more products from this brand.,1,Verified Purchase,120
REV01003,user_0348,webcam,1,This webcam is a total scam. Connection drops constantly and the device overheats quickly. Absolute rubbish.,0,Verified Purchase,117
REV01004,user_0654,wireless headphones,5,"Great value for money wireless headphones. The build quality is top-notch and it arrived quickly. Very satisfied, no complaints.",1,Verified Purchase,104
REV01005,user_0960,gaming mouse,1,Do NOT buy this gaming mouse. The design looks nothing like the photos — very misleading listing. Returning this immediately.,0,Verified Purchase,98
REV01006,user_0154,power bank,5,"Amazing quality power bank, highly recommend. Setup was easy and it works flawlessly right out of the box. Will be buying more products from this brand.",1,Verified Purchase,40
REV01007,user_0103,wireless headphones,1,Regret buying this wireless headphones. Cheaply made materials that scratched and peeled after first use. Very angry and will not buy from this seller again.,0,,146
REV01008,user_0100,backpack,5,"Excellent backpack, exactly as described. Durable construction — dropped it a few times with no damage. Would definitely buy again!",1,Verified Purchase,49
REV01009,user_0925,USB hub,5,"Fantastic USB hub, works perfectly. Connectivity is seamless and lag-free every single time. Would definitely buy again!",1,Verified Purchase,133
REV01010,user_0212,resistance bands,5,"Outstanding resistance bands, five stars. Connectivity is seamless and lag-free every single time. Would definitely buy again!",1,Verified Purchase,25
REV01011,user_0260,robot vacuum,4,Best robot vacuum I've ever purchased. My whole family loves it and we've recommended it to friends. Would definitely buy again!,1,,76
REV01012,user_0240,earbuds,5,"Amazing quality earbuds, highly recommend. Durable construction — dropped it a few times with no damage. Already ordered a second one as a gift.",1,,118
REV01013,user_0018,monitor,1,"Poor quality monitor, save your money. Battery dies within an hour — completely unusable for daily tasks. Buyer beware — stay far away.",0,Verified Purchase,58
REV01014,user_0291,toaster oven,1,This toaster oven broke within days. Already broke and I only used it twice — total waste of money. 1 star — would give zero if possible.,0,Verified Purchase,32
REV01015,user_0655,power bank,1,"Faulty power bank, does not work as advertised. The quality is extremely poor and feels like it will break any day. Returning this immediately.",0,Verified Purchase,5
REV01016,user_0126,water bottle,1,This water bottle is a total scam. Performance is terrible compared to competitors at the same price. Absolute rubbish.,0,Verified Purchase,87
REV01017,user_0795,electric kettle,5,Super happy with my electric kettle purchase. The performance quality is incredible for the price. Would definitely buy again!,1,Verified Purchase,82
REV01018,user_0209,screen protector,5,Couldn't be happier with this screen protector. I've been using it daily for weeks and it still works like new. Already ordered a second one as a gift.,1,Verified Purchase,129
REV01019,user_0878,yoga mat,2,"Terrible yoga mat, complete waste of money. Cheaply made materials that scratched and peeled after first use. Returning this immediately.",0,Verified Purchase,102
REV01020,user_0959,laptop stand,4,"Outstanding laptop stand, five stars. Connectivity is seamless and lag-free every single time. A must-buy!",1,Verified Purchase,110
REV01021,user_0688,running shoes,4,This running shoes is a game changer. My whole family loves it and we've recommended it to friends. Highly recommend to anyone looking for reliability.,1,,108
REV01022,user_0220,blender,5,"Purchased this blender last month and love it. The design is sleek and modern, looks great on my desk. Will be buying more products from this brand.",1,Verified Purchase,137
REV01023,user_0242,charging cable,1,Regret buying this charging cable. The design looks nothing like the photos — very misleading listing. Absolute rubbish.,0,,114
REV01024,user_0713,tablet,1,Worst tablet I have ever purchased. Instructions were incomprehensible and setup took hours. 1 star — would give zero if possible.,0,Verified Purchase,138
REV01025,user_0995,water bottle,2,This water bottle stopped working after one week. Loud rattling noise that makes it completely unusable. Buyer beware — stay far away.,0,Verified Purchase,105
REV01026,user_0843,running shoes,1,"Faulty running shoes, does not work as advertised. The design looks nothing like the photos — very misleading listing. Worst purchase I've made this year.",0,Verified Purchase,22
REV01027,user_0784,earbuds,5,"Solid earbuds, highly satisfied. Comfortable to use for long periods without any fatigue. 10/10 would recommend!",1,Verified Purchase,102
REV01028,user_0793,fitness tracker,5,"Outstanding fitness tracker, five stars. Packaging was great and the product feels premium. Already ordered a second one as a gift.",1,Verified Purchase,0
REV01029,user_0625,sunglasses,2,"Faulty sunglasses, does not work as advertised. Loud rattling noise that makes it completely unusable. Do not waste your money.",0,Verified Purchase,16
REV01030,user_0779,toaster oven,5,"Outstanding toaster oven, five stars. Connectivity is seamless and lag-free every single time. 10/10 would recommend!",1,Verified Purchase,52
REV01031,user_0373,laptop stand,5,Super happy with my laptop stand purchase. Comfortable to use for long periods without any fatigue. Would definitely buy again!,1,,17
REV01032,user_0741,bluetooth speaker,5,"This bluetooth speaker exceeded my expectations. The design is sleek and modern, looks great on my desk. Highly recommend to anyone looking for reliability.",1,Verified Purchase,70
REV01033,user_0204,toaster oven,5,"This toaster oven is worth every penny. Battery life is phenomenal — lasts much longer than advertised. Very satisfied, no complaints.",1,,128
REV01034,user_0738,wireless headphones,5,Very impressed with this wireless headphones. Packaging was great and the product feels premium. Highly recommend to anyone looking for reliability.,1,,125
REV01035,user_0475,monitor,2,Deeply unsatisfied with this monitor. Took forever to arrive and the item was not as described at all. Buyer beware — stay far away.,0,,31
REV01036,user_0981,phone case,1,"Poor quality phone case, save your money. Took forever to arrive and the item was not as described at all. Buyer beware — stay far away.",0,,121
REV01037,user_0788,air purifier,1,Worst air purifier I have ever purchased. Loud rattling noise that makes it completely unusable. Requested a refund right away.,0,,43
REV01038,user_0611,instant pot,1,This instant pot stopped working after one week. It stopped working completely after just a few days of light use. 1 star — would give zero if possible.,0,Verified Purchase,59
REV01039,user_0954,blender,1,Do NOT buy this blender. Connection drops constantly and the device overheats quickly. Buyer beware — stay far away.,0,Verified Purchase,89
REV01040,user_0030,water bottle,5,"Outstanding water bottle, five stars. Fits perfectly and matches exactly what was shown in the photos. A must-buy!",1,,83
REV01041,user_0113,running shoes,1,Deeply unsatisfied with this running shoes. Customer support never responded to my multiple messages. Do not waste your money.,0,Verified Purchase,141
REV01042,user_0294,charging cable,1,Deeply unsatisfied with this charging cable. Instructions were incomprehensible and setup took hours. Buyer beware — stay far away.,0,Verified Purchase,28
REV01043,user_0252,wireless headphones,2,Very disappointed with this wireless headphones. Battery dies within an hour — completely unusable for daily tasks. Returning this immediately.,0,Verified Purchase,79
REV01044,user_0993,power bank,2,Do NOT buy this power bank. Loud rattling noise that makes it completely unusable. Returning this immediately.,0,Verified Purchase,42
REV01045,user_0812,tablet,5,"Super happy with my tablet purchase. The design is sleek and modern, looks great on my desk. 10/10 would recommend!",1,Verified Purchase,23
REV01046,user_0951,water bottle,1,This water bottle is a total scam. Already broke and I only used it twice — total waste of money. Absolute rubbish.,0,Verified Purchase,25
REV01047,user_0761,laptop stand,1,Deeply unsatisfied with this laptop stand. The design looks nothing like the photos — very misleading listing. Worst purchase I've made this year.,0,Verified Purchase,147
REV01048,user_0732,tablet,5,"Solid tablet, highly satisfied. The build quality is top-notch and it arrived quickly. Will be buying more products from this brand.",1,Verified Purchase,8
REV01049,user_0480,coffee maker,2,Very disappointed with this coffee maker. Very uncomfortable to use and causes strain after just minutes. Very angry and will not buy from this seller again.,0,,26
REV01050,user_0431,blender,5,Great value for money blender. Battery life is phenomenal — lasts much longer than advertised. A must-buy!,1,,118
REV01051,user_0214,monitor,4,"This monitor is worth every penny. Battery life is phenomenal — lasts much longer than advertised. Very satisfied, no complaints.",1,Verified Purchase,82
REV01052,user_0428,laptop stand,4,Purchased this laptop stand last month and love it. Connectivity is seamless and lag-free every single time. 5 stars without hesitation.,1,Verified Purchase,12
REV01053,user_0954,laptop stand,1,This laptop stand broke within days. The design looks nothing like the photos — very misleading listing. Absolute rubbish.,0,,35
REV01054,user_0599,earbuds,1,This earbuds is a total scam. Customer support never responded to my multiple messages. 1 star — would give zero if possible.,0,,30
REV01055,user_0798,backpack,5,This backpack exceeded my expectations. Durable construction — dropped it a few times with no damage. Highly recommend to anyone looking for reliability.,1,Verified Purchase,100
REV01056,user_0905,monitor,1,"Terrible monitor, complete waste of money. Cheaply made materials that scratched and peeled after first use. 1 star — would give zero if possible.",0,,24
REV01057,user_0123,webcam,1,"Terrible webcam, complete waste of money. It stopped working completely after just a few days of light use. Do not waste your money.",0,,131
REV01058,user_0424,robot vacuum,5,"Purchased this robot vacuum last month and love it. Packaging was great and the product feels premium. Very satisfied, no complaints.",1,Verified Purchase,144
REV01059,user_0799,backpack,1,"Huge disappointment, expected much better from this backpack. Battery dies within an hour — completely unusable for daily tasks. 1 star — would give zero if possible.",0,Verified Purchase,80
REV01060,user_0230,charging cable,2,Worst charging cable I have ever purchased. Battery dies within an hour — completely unusable for daily tasks. Very angry and will not buy from this seller again.,0,Verified Purchase,112
REV01061,user_0943,screen protector,5,"Solid screen protector, highly satisfied. The build quality is top-notch and it arrived quickly. Will be buying more products from this brand.",1,Verified Purchase,12
REV01062,user_0843,toaster oven,5,"Excellent toaster oven, exactly as described. Durable construction — dropped it a few times with no damage. Will be buying more products from this brand.",1,Verified Purchase,27
REV01063,user_0911,tablet,2,Zero stars if I could for this tablet. Took forever to arrive and the item was not as described at all. 1 star — would give zero if possible.,0,Verified Purchase,128
REV01064,user_0166,wireless headphones,5,Best wireless headphones I've ever purchased. My whole family loves it and we've recommended it to friends. Would definitely buy again!,1,,82
REV01065,user_0450,backpack,2,"Huge disappointment, expected much better from this backpack. The packaging was damaged and the product arrived broken. 1 star — would give zero if possible.",0,Verified Purchase,26
REV01066,user_0281,laptop stand,2,Regret buying this laptop stand. Battery dies within an hour — completely unusable for daily tasks. 1 star — would give zero if possible.,0,Verified Purchase,78
REV01067,user_0410,laptop stand,1,Not as described — very misleading laptop stand listing. Cheaply made materials that scratched and peeled after first use. Very angry and will not buy from this seller again.,0,Verified Purchase,97
REV01068,user_0800,sunglasses,4,Super happy with my sunglasses purchase. Fits perfectly and matches exactly what was shown in the photos. 10/10 would recommend!,1,,124
REV01069,user_0445,gaming mouse,4,Very impressed with this gaming mouse. Much better than my previous one — noticeable improvement. Already ordered a second one as a gift.,1,Verified Purchase,125
REV01070,user_0914,resistance bands,5,"Amazing quality resistance bands, highly recommend. Packaging was great and the product feels premium. 10/10 would recommend!",1,Verified Purchase,56
REV01071,user_0487,fitness tracker,5,"Fantastic fitness tracker, works perfectly. Setup was easy and it works flawlessly right out of the box. A must-buy!",1,Verified Purchase,84
REV01072,user_0241,resistance bands,4,Very impressed with this resistance bands. Fits perfectly and matches exactly what was shown in the photos. Already ordered a second one as a gift.,1,Verified Purchase,0
REV01073,user_0327,yoga mat,1,"Terrible yoga mat, complete waste of money. The design looks nothing like the photos — very misleading listing. Requested a refund right away.",0,Verified Purchase,130
REV01074,user_0691,water bottle,4,This water bottle is a game changer. Durable construction — dropped it a few times with no damage. Would definitely buy again!,1,Verified Purchase,97
REV01075,user_0215,gaming mouse,1,This gaming mouse is cheaply made and falls apart. Battery dies within an hour — completely unusable for daily tasks. Returning this immediately.,0,Verified Purchase,121
REV01076,user_0045,backpack,5,Absolutely love this backpack! Much better than my previous one — noticeable improvement. 5 stars without hesitation.,1,Verified Purchase,118
REV01077,user_0733,fitness tracker,2,Deeply unsatisfied with this fitness tracker. The packaging was damaged and the product arrived broken. Very angry and will not buy from this seller again.,0,,0
REV01078,user_0613,webcam,4,"Amazing quality webcam, highly recommend. Customer support was very responsive when I had questions. 5 stars without hesitation.",1,Verified Purchase,138
REV01079,user_0285,tablet,1,"Faulty tablet, does not work as advertised. Performance is terrible compared to competitors at the same price. Returning this immediately.",0,Verified Purchase,53
REV01080,user_0988,charging cable,5,This charging cable is worth every penny. Connectivity is seamless and lag-free every single time. 10/10 would recommend!,1,,121
REV01081,user_0527,power bank,1,This power bank is cheaply made and falls apart. Performance is terrible compared to competitors at the same price. Returning this immediately.,0,Verified Purchase,139
REV01082,user_0950,blender,5,Couldn't be happier with this blender. Setup was easy and it works flawlessly right out of the box. Would definitely buy again!,1,Verified Purchase,119
REV01083,user_0681,backpack,4,"Amazing quality backpack, highly recommend. The build quality is top-notch and it arrived quickly. Very satisfied, no complaints.",1,Verified Purchase,86
REV01084,user_0854,power bank,4,Purchased this power bank last month and love it. The performance quality is incredible for the price. Highly recommend to anyone looking for reliability.,1,Verified Purchase,23
REV01085,user_0535,smart bulb,5,"Outstanding smart bulb, five stars. The build quality is top-notch and it arrived quickly. 5 stars without hesitation.",1,Verified Purchase,6
REV01086,user_0434,running shoes,1,This running shoes broke within days. It stopped working completely after just a few days of light use. Absolute rubbish.,0,Verified Purchase,14
REV01087,user_0329,running shoes,5,This running shoes exceeded my expectations. Comfortable to use for long periods without any fatigue. 5 stars without hesitation.,1,Verified Purchase,20
REV01088,user_0319,earbuds,1,Deeply unsatisfied with this earbuds. Took forever to arrive and the item was not as described at all. Returning this immediately.,0,Verified Purchase,98
REV01089,user_0249,backpack,4,"Solid backpack, highly satisfied. I've been using it daily for weeks and it still works like new. Highly recommend to anyone looking for reliability.",1,Verified Purchase,83
REV01090,user_0378,air purifier,5,Super happy with my air purifier purchase. Fits perfectly and matches exactly what was shown in the photos. Already ordered a second one as a gift.,1,,50
REV01091,user_0629,toaster oven,1,Not as described — very misleading toaster oven listing. The design looks nothing like the photos — very misleading listing. Buyer beware — stay far away.,0,,105
REV01092,user_0097,sunglasses,1,Zero stars if I could for this sunglasses. Already broke and I only used it twice — total waste of money. Absolute rubbish.,0,,30
REV01093,user_0100,running shoes,5,This running shoes exceeded my expectations. I've been using it daily for weeks and it still works like new. 10/10 would recommend!,1,Verified Purchase,52
REV01094,user_0588,laptop stand,1,"Poor quality laptop stand, save your money. The packaging was damaged and the product arrived broken. Do not waste your money.",0,,81
REV01095,user_0762,running shoes,5,"Solid running shoes, highly satisfied. Customer support was very responsive when I had questions. 10/10 would recommend!",1,,115
REV01096,user_0405,phone case,4,Very impressed with this phone case. My whole family loves it and we've recommended it to friends. Already ordered a second one as a gift.,1,Verified Purchase,137
REV01097,user_0911,blender,5,Best blender I've ever purchased. The performance quality is incredible for the price. Will be buying more products from this brand.,1,Verified Purchase,59
REV01098,user_0486,resistance bands,5,"Solid resistance bands, highly satisfied. Durable construction — dropped it a few times with no damage. Highly recommend to anyone looking for reliability.",1,Verified Purchase,79
REV01099,user_0530,smartwatch,1,This smartwatch is cheaply made and falls apart. The quality is extremely poor and feels like it will break any day. Worst purchase I've made this year.,0,Verified Purchase,118
REV01100,user_0204,wallet,5,Great value for money wallet. Customer support was very responsive when I had questions. Will be buying more products from this brand.,1,Verified Purchase,13
REV01101,user_0547,charging cable,1,Zero stars if I could for this charging cable. Very uncomfortable to use and causes strain after just minutes. Returning this immediately.,0,Verified Purchase,90
REV01102,user_0580,webcam,1,This webcam is a total scam. Performance is terrible compared to competitors at the same price. 1 star — would give zero if possible.,0,,60
REV01103,user_0718,bluetooth speaker,1,This bluetooth speaker is a total scam. Performance is terrible compared to competitors at the same price. Do not waste your money.,0,Verified Purchase,110
REV01104,user_0491,sunglasses,1,"Terrible sunglasses, complete waste of money. Connection drops constantly and the device overheats quickly. Returning this immediately.",0,Verified Purchase,124
REV01105,user_0730,resistance bands,4,Couldn't be happier with this resistance bands. Connectivity is seamless and lag-free every single time. 10/10 would recommend!,1,Verified Purchase,64
REV01106,user_0801,yoga mat,2,Regret buying this yoga mat. The quality is extremely poor and feels like it will break any day. Returning this immediately.,0,,78
REV01107,user_0659,mechanical keyboard,1,Not as described — very misleading mechanical keyboard listing. Already broke and I only used it twice — total waste of money. Do not waste your money.,0,Verified Purchase,81
REV01108,user_0235,gaming mouse,1,Deeply unsatisfied with this gaming mouse. It stopped working completely after just a few days of light use. Do not waste your money.,0,,123
REV01109,user_0982,tablet,4,"This tablet is a game changer. Customer support was very responsive when I had questions. Very satisfied, no complaints.",1,Verified Purchase,82
REV01110,user_0193,wireless headphones,5,"Outstanding wireless headphones, five stars. The design is sleek and modern, looks great on my desk. 10/10 would recommend!",1,,115
REV01111,user_0100,air purifier,5,"Solid air purifier, highly satisfied. The performance quality is incredible for the price. 5 stars without hesitation.",1,,32
REV01112,user_0903,wireless headphones,4,Couldn't be happier with this wireless headphones. Setup was easy and it works flawlessly right out of the box. 5 stars without hesitation.,1,Verified Purchase,44
REV01113,user_0684,phone case,1,Very disappointed with this phone case. It stopped working completely after just a few days of light use. Do not waste your money.,0,Verified Purchase,99
REV01114,user_0716,bluetooth speaker,5,"Fantastic bluetooth speaker, works perfectly. Packaging was great and the product feels premium. Very satisfied, no complaints.",1,Verified Purchase,120
REV01115,user_0584,screen protector,5,"Amazing quality screen protector, highly recommend. Battery life is phenomenal — lasts much longer than advertised. Already ordered a second one as a gift.",1,Verified Purchase,127
REV01116,user_0706,resistance bands,1,Zero stars if I could for this resistance bands. Loud rattling noise that makes it completely unusable. Buyer beware — stay far away.,0,Verified Purchase,42
REV01117,user_0966,resistance bands,5,Purchased this resistance bands last month and love it. Battery life is phenomenal — lasts much longer than advertised. Highly recommend to anyone looking for reliability.,1,Verified Purchase,60
REV01118,user_0863,sunglasses,5,"Excellent sunglasses, exactly as described. The performance quality is incredible for the price. Already ordered a second one as a gift.",1,Verified Purchase,22
REV01119,user_0330,yoga mat,1,This yoga mat is a total scam. Performance is terrible compared to competitors at the same price. 1 star — would give zero if possible.,0,Verified Purchase,14
REV01120,user_0845,power bank,2,Do NOT buy this power bank. Cheaply made materials that scratched and peeled after first use. Buyer beware — stay far away.,0,,88
REV01121,user_0859,bluetooth speaker,1,This bluetooth speaker broke within days. Loud rattling noise that makes it completely unusable. Worst purchase I've made this year.,0,Verified Purchase,150
REV01122,user_0391,robot vacuum,1,This robot vacuum stopped working after one week. Already broke and I only used it twice — total waste of money. Requested a refund right away.,0,Verified Purchase,78
REV01123,user_0299,bluetooth speaker,5,"Excellent bluetooth speaker, exactly as described. Customer support was very responsive when I had questions. Already ordered a second one as a gift.",1,,0
REV01124,user_0988,wallet,2,This wallet is cheaply made and falls apart. Already broke and I only used it twice — total waste of money. Returning this immediately.,0,Verified Purchase,69
REV01125,user_0458,tablet,1,Worst tablet I have ever purchased. The design looks nothing like the photos — very misleading listing. Very angry and will not buy from this seller again.,0,Verified Purchase,96
REV01126,user_0045,webcam,1,Deeply unsatisfied with this webcam. Already broke and I only used it twice — total waste of money. Worst purchase I've made this year.,0,Verified Purchase,103
REV01127,user_0474,backpack,5,Best backpack I've ever purchased. Comfortable to use for long periods without any fatigue. 5 stars without hesitation.,1,Verified Purchase,19
REV01128,user_0301,air purifier,1,Do NOT buy this air purifier. Already broke and I only used it twice — total waste of money. 1 star — would give zero if possible.,0,,64
REV01129,user_0723,resistance bands,1,"Poor quality resistance bands, save your money. Loud rattling noise that makes it completely unusable. Very angry and will not buy from this seller again.",0,Verified Purchase,61
REV01130,user_0236,monitor,4,This monitor is worth every penny. Durable construction — dropped it a few times with no damage. 5 stars without hesitation.,1,Verified Purchase,143
REV01131,user_0204,electric kettle,5,"Absolutely love this electric kettle! The design is sleek and modern, looks great on my desk. 10/10 would recommend!",1,Verified Purchase,97
REV01132,user_0446,robot vacuum,2,This robot vacuum stopped working after one week. Cheaply made materials that scratched and peeled after first use. Requested a refund right away.,0,Verified Purchase,113
REV01133,user_0013,earbuds,5,This earbuds is a game changer. Much better than my previous one — noticeable improvement. Already ordered a second one as a gift.,1,Verified Purchase,26
REV01134,user_0866,water bottle,5,This water bottle is a game changer. Durable construction — dropped it a few times with no damage. 5 stars without hesitation.,1,Verified Purchase,28
REV01135,user_0322,laptop stand,1,Very disappointed with this laptop stand. Loud rattling noise that makes it completely unusable. Requested a refund right away.,0,Verified Purchase,55
REV01136,user_0473,wallet,5,This wallet is a game changer. My whole family loves it and we've recommended it to friends. Already ordered a second one as a gift.,1,,131
REV01137,user_0391,laptop stand,1,Worst laptop stand I have ever purchased. Battery dies within an hour — completely unusable for daily tasks. Very angry and will not buy from this seller again.,0,Verified Purchase,37
REV01138,user_0672,earbuds,5,"Fantastic earbuds, works perfectly. Comfortable to use for long periods without any fatigue. 5 stars without hesitation.",1,Verified Purchase,57
REV01139,user_0114,smart bulb,1,"Huge disappointment, expected much better from this smart bulb. The design looks nothing like the photos — very misleading listing. Do not waste your money.",0,Verified Purchase,140
REV01140,user_0932,coffee maker,5,"Fantastic coffee maker, works perfectly. Comfortable to use for long periods without any fatigue. Will be buying more products from this brand.",1,Verified Purchase,2
REV01141,user_0059,fitness tracker,5,"Amazing quality fitness tracker, highly recommend. I've been using it daily for weeks and it still works like new. Highly recommend to anyone looking for reliability.",1,Verified Purchase,132
REV01142,user_0483,tablet,5,"This tablet is a game changer. The build quality is top-notch and it arrived quickly. Very satisfied, no complaints.",1,Verified Purchase,136
REV01143,user_0235,yoga mat,1,Very disappointed with this yoga mat. Instructions were incomprehensible and setup took hours. 1 star — would give zero if possible.,0,Verified Purchase,43
REV01144,user_0356,smart bulb,4,"Outstanding smart bulb, five stars. Fits perfectly and matches exactly what was shown in the photos. Very satisfied, no complaints.",1,Verified Purchase,42
REV01145,user_0521,water bottle,5,"Fantastic water bottle, works perfectly. Battery life is phenomenal — lasts much longer than advertised. 10/10 would recommend!",1,Verified Purchase,24
REV01146,user_0053,resistance bands,1,Zero stars if I could for this resistance bands. It stopped working completely after just a few days of light use. Do not waste your money.,0,,147
REV01147,user_0039,yoga mat,4,"Fantastic yoga mat, works perfectly. The design is sleek and modern, looks great on my desk. A must-buy!",1,Verified Purchase,95
REV01148,user_0896,smartwatch,5,Super happy with my smartwatch purchase. The performance quality is incredible for the price. Will be buying more products from this brand.,1,Verified Purchase,23
REV01149,user_0510,yoga mat,2,Very disappointed with this yoga mat. Already broke and I only used it twice — total waste of money. Worst purchase I've made this year.,0,Verified Purchase,23
REV01150,user_0907,instant pot,2,This instant pot stopped working after one week. Connection drops constantly and the device overheats quickly. Buyer beware — stay far away.,0,Verified Purchase,123
REV01151,user_0005,sunglasses,1,Worst sunglasses I have ever purchased. Connection drops constantly and the device overheats quickly. Absolute rubbish.,0,Verified Purchase,120
REV01152,user_0148,sunglasses,5,Absolutely love this sunglasses! The performance quality is incredible for the price. Will be buying more products from this brand.,1,,9
REV01153,user_0071,earbuds,5,This earbuds is worth every penny. Customer support was very responsive when I had questions. Would definitely buy again!,1,,72
REV01154,user_0331,toaster oven,5,Purchased this toaster oven last month and love it. The build quality is top-notch and it arrived quickly. Highly recommend to anyone looking for reliability.,1,Verified Purchase,97
REV01155,user_0343,wallet,1,This wallet is a total scam. Connection drops constantly and the device overheats quickly. Absolute rubbish.,0,Verified Purchase,125
REV01156,user_0093,monitor,5,"Outstanding monitor, five stars. Comfortable to use for long periods without any fatigue. Will be buying more products from this brand.",1,Verified Purchase,32
REV01157,user_0329,air purifier,5,Absolutely love this air purifier! Fits perfectly and matches exactly what was shown in the photos. Will be buying more products from this brand.,1,Verified Purchase,49
REV01158,user_0262,sunglasses,2,Not as described — very misleading sunglasses listing. The design looks nothing like the photos — very misleading listing. Requested a refund right away.,0,Verified Purchase,54
REV01159,user_0583,backpack,5,Couldn't be happier with this backpack. Much better than my previous one — noticeable improvement. A must-buy!,1,Verified Purchase,25
REV01160,user_0895,resistance bands,4,Super happy with my resistance bands purchase. Connectivity is seamless and lag-free every single time. Would definitely buy again!,1,Verified Purchase,14
REV01161,user_0814,laptop stand,4,Super happy with my laptop stand purchase. Connectivity is seamless and lag-free every single time. A must-buy!,1,Verified Purchase,46
REV01162,user_0556,air purifier,5,"Purchased this air purifier last month and love it. Fits perfectly and matches exactly what was shown in the photos. Very satisfied, no complaints.",1,Verified Purchase,52
REV01163,user_0751,water bottle,1,This water bottle is cheaply made and falls apart. Loud rattling noise that makes it completely unusable. Requested a refund right away.,0,,58
REV01164,user_0871,toaster oven,5,Absolutely love this toaster oven! Durable construction — dropped it a few times with no damage. A must-buy!,1,Verified Purchase,117
REV01165,user_0582,laptop stand,5,Purchased this laptop stand last month and love it. The performance quality is incredible for the price. 5 stars without hesitation.,1,,97
REV01166,user_0911,smart bulb,5,"This smart bulb exceeded my expectations. Connectivity is seamless and lag-free every single time. Very satisfied, no complaints.",1,,112
REV01167,user_0586,e-reader,1,Regret buying this e-reader. Already broke and I only used it twice — total waste of money. Buyer beware — stay far away.,0,Verified Purchase,2
REV01168,user_0631,backpack,2,Very disappointed with this backpack. It stopped working completely after just a few days of light use. Absolute rubbish.,0,Verified Purchase,44
REV01169,user_0797,backpack,1,This backpack stopped working after one week. Instructions were incomprehensible and setup took hours. Absolute rubbish.,0,,29
REV01170,user_0319,bluetooth speaker,5,"Excellent bluetooth speaker, exactly as described. Fits perfectly and matches exactly what was shown in the photos. Already ordered a second one as a gift.",1,Verified Purchase,141
REV01171,user_0521,earbuds,4,This earbuds is worth every penny. The performance quality is incredible for the price. Already ordered a second one as a gift.,1,Verified Purchase,61
REV01172,user_0508,smart bulb,1,"Terrible smart bulb, complete waste of money. Instructions were incomprehensible and setup took hours. Very angry and will not buy from this seller again.",0,Verified Purchase,15
REV01173,user_0265,phone case,1,Regret buying this phone case. The design looks nothing like the photos — very misleading listing. Worst purchase I've made this year.,0,Verified Purchase,38
REV01174,user_0359,laptop stand,1,Do NOT buy this laptop stand. The design looks nothing like the photos — very misleading listing. Do not waste your money.,0,Verified Purchase,29
REV01175,user_0882,backpack,1,"Terrible backpack, complete waste of money. The quality is extremely poor and feels like it will break any day. 1 star — would give zero if possible.",0,,11
REV01176,user_0391,blender,5,"Amazing quality blender, highly recommend. Comfortable to use for long periods without any fatigue. Would definitely buy again!",1,Verified Purchase,19
REV01177,user_0102,blender,4,This blender is a game changer. The performance quality is incredible for the price. Already ordered a second one as a gift.,1,Verified Purchase,135
REV01178,user_0828,sunglasses,4,"Fantastic sunglasses, works perfectly. The performance quality is incredible for the price. Already ordered a second one as a gift.",1,Verified Purchase,19
REV01179,user_0996,coffee maker,1,"Terrible coffee maker, complete waste of money. Performance is terrible compared to competitors at the same price. Worst purchase I've made this year.",0,Verified Purchase,127
REV01180,user_0206,resistance bands,1,This resistance bands is cheaply made and falls apart. Performance is terrible compared to competitors at the same price. Returning this immediately.,0,Verified Purchase,121
REV01181,user_0755,fitness tracker,1,"Poor quality fitness tracker, save your money. Customer support never responded to my multiple messages. 1 star — would give zero if possible.",0,Verified Purchase,123
REV01182,user_0311,electric kettle,5,"Outstanding electric kettle, five stars. My whole family loves it and we've recommended it to friends. Very satisfied, no complaints.",1,Verified Purchase,19
REV01183,user_0089,power bank,1,Worst power bank I have ever purchased. Already broke and I only used it twice — total waste of money. Absolute rubbish.,0,Verified Purchase,97
REV01184,user_0219,wireless headphones,5,This wireless headphones is a game changer. Durable construction — dropped it a few times with no damage. Would definitely buy again!,1,,145
REV01185,user_0295,instant pot,2,This instant pot is a total scam. Battery dies within an hour — completely unusable for daily tasks. Absolute rubbish.,0,Verified Purchase,113
REV01186,user_0940,USB hub,1,Regret buying this USB hub. Took forever to arrive and the item was not as described at all. Requested a refund right away.,0,Verified Purchase,145
REV01187,user_0210,e-reader,5,"Amazing quality e-reader, highly recommend. Battery life is phenomenal — lasts much longer than advertised. Would definitely buy again!",1,Verified Purchase,15
REV01188,user_0445,water bottle,1,Worst water bottle I have ever purchased. Already broke and I only used it twice — total waste of money. Very angry and will not buy from this seller again.,0,Verified Purchase,35
REV01189,user_0252,toaster oven,5,Super happy with my toaster oven purchase. The performance quality is incredible for the price. 5 stars without hesitation.,1,Verified Purchase,83
REV01190,user_0683,water bottle,5,"Excellent water bottle, exactly as described. I've been using it daily for weeks and it still works like new. 10/10 would recommend!",1,Verified Purchase,119
REV01191,user_0878,running shoes,2,This running shoes broke within days. The quality is extremely poor and feels like it will break any day. Worst purchase I've made this year.,0,Verified Purchase,47
REV01192,user_0308,mechanical keyboard,4,"Fantastic mechanical keyboard, works perfectly. The build quality is top-notch and it arrived quickly. Highly recommend to anyone looking for reliability.",1,Verified Purchase,54
REV01193,user_0961,gaming mouse,1,This gaming mouse stopped working after one week. Very uncomfortable to use and causes strain after just minutes. Worst purchase I've made this year.,0,,82
REV01194,user_0751,coffee maker,2,"Terrible coffee maker, complete waste of money. Very uncomfortable to use and causes strain after just minutes. 1 star — would give zero if possible.",0,,129
REV01195,user_0118,earbuds,2,Worst earbuds I have ever purchased. The packaging was damaged and the product arrived broken. Buyer beware — stay far away.,0,,13
REV01196,user_0315,blender,5,"Amazing quality blender, highly recommend. My whole family loves it and we've recommended it to friends. 5 stars without hesitation.",1,Verified Purchase,32
REV01197,user_0338,fitness tracker,1,Regret buying this fitness tracker. Connection drops constantly and the device overheats quickly. Absolute rubbish.,0,Verified Purchase,17
REV01198,user_0209,wireless headphones,1,Do NOT buy this wireless headphones. Connection drops constantly and the device overheats quickly. Do not waste your money.,0,Verified Purchase,59
REV01199,user_0427,screen protector,5,"Amazing quality screen protector, highly recommend. Customer support was very responsive when I had questions. 10/10 would recommend!",1,,3
REV01200,user_0581,robot vacuum,1,This robot vacuum is cheaply made and falls apart. The packaging was damaged and the product arrived broken. 1 star — would give zero if possible.,0,Verified Purchase,4
REV01201,user_0782,bluetooth speaker,4,This bluetooth speaker is worth every penny. My whole family loves it and we've recommended it to friends. Will be buying more products from this brand.,1,Verified Purchase,120
REV01202,user_0322,mechanical keyboard,4,Best mechanical keyboard I've ever purchased. The performance quality is incredible for the price. Will be buying more products from this brand.,1,,120
REV01203,user_0393,instant pot,4,"This instant pot is worth every penny. The design is sleek and modern, looks great on my desk. 5 stars without hesitation.",1,,107
REV01204,user_0809,power bank,1,This power bank broke within days. Very uncomfortable to use and causes strain after just minutes. Absolute rubbish.,0,Verified Purchase,27
REV01205,user_0365,toaster oven,1,"Terrible toaster oven, complete waste of money. Cheaply made materials that scratched and peeled after first use. Absolute rubbish.",0,,23
REV01206,user_0052,running shoes,5,This running shoes is worth every penny. My whole family loves it and we've recommended it to friends. Already ordered a second one as a gift.,1,Verified Purchase,99
REV01207,user_0669,laptop stand,5,"Excellent laptop stand, exactly as described. Comfortable to use for long periods without any fatigue. Will be buying more products from this brand.",1,Verified Purchase,73
REV01208,user_0175,resistance bands,1,Not as described — very misleading resistance bands listing. Connection drops constantly and the device overheats quickly. Requested a refund right away.,0,Verified Purchase,99
REV01209,user_0775,water bottle,1,"Terrible water bottle, complete waste of money. Took forever to arrive and the item was not as described at all. Do not waste your money.",0,Verified Purchase,30
REV01210,user_0335,wireless headphones,2,Do NOT buy this wireless headphones. Loud rattling noise that makes it completely unusable. Do not waste your money.,0,Verified Purchase,142
REV01211,user_0050,gaming mouse,5,"Outstanding gaming mouse, five stars. Setup was easy and it works flawlessly right out of the box. 5 stars without hesitation.",1,Verified Purchase,38
REV01212,user_0478,power bank,2,Not as described — very misleading power bank listing. Battery dies within an hour — completely unusable for daily tasks. 1 star — would give zero if possible.,0,Verified Purchase,43
REV01213,user_0995,webcam,5,"This webcam exceeded my expectations. My whole family loves it and we've recommended it to friends. Very satisfied, no complaints.",1,Verified Purchase,141
REV01214,user_0573,gaming mouse,1,Regret buying this gaming mouse. Loud rattling noise that makes it completely unusable. Returning this immediately.,0,Verified Purchase,96
REV01215,user_0489,charging cable,2,Regret buying this charging cable. Performance is terrible compared to competitors at the same price. Do not waste your money.,0,Verified Purchase,5
REV01216,user_0241,sunglasses,5,"Absolutely love this sunglasses! I've been using it daily for weeks and it still works like new. Very satisfied, no complaints.",1,Verified Purchase,102
REV01217,user_0320,running shoes,5,"Fantastic running shoes, works perfectly. The performance quality is incredible for the price. 10/10 would recommend!",1,Verified Purchase,50
REV01218,user_0119,charging cable,1,Regret buying this charging cable. Took forever to arrive and the item was not as described at all. Requested a refund right away.,0,Verified Purchase,38
REV01219,user_0424,instant pot,5,"Outstanding instant pot, five stars. Comfortable to use for long periods without any fatigue. Very satisfied, no complaints.",1,,63
REV01220,user_0084,gaming mouse,5,"This gaming mouse is worth every penny. Battery life is phenomenal — lasts much longer than advertised. Very satisfied, no complaints.",1,,87
REV01221,user_0571,wallet,2,Not as described — very misleading wallet listing. Cheaply made materials that scratched and peeled after first use. Returning this immediately.,0,,49
REV01222,user_0728,laptop stand,1,Worst laptop stand I have ever purchased. It stopped working completely after just a few days of light use. Do not waste your money.,0,Verified Purchase,139
REV01223,user_0063,smart bulb,1,Deeply unsatisfied with this smart bulb. Already broke and I only used it twice — total waste of money. 1 star — would give zero if possible.,0,Verified Purchase,42
REV01224,user_0433,air purifier,5,"This air purifier is worth every penny. The design is sleek and modern, looks great on my desk. 5 stars without hesitation.",1,Verified Purchase,29
REV01225,user_0414,e-reader,1,"Terrible e-reader, complete waste of money. Performance is terrible compared to competitors at the same price. Worst purchase I've made this year.",0,Verified Purchase,13
REV01226,user_0301,webcam,4,"Solid webcam, highly satisfied. My whole family loves it and we've recommended it to friends. 5 stars without hesitation.",1,Verified Purchase,96
REV01227,user_0493,running shoes,5,This running shoes is worth every penny. Durable construction — dropped it a few times with no damage. 5 stars without hesitation.,1,Verified Purchase,124
REV01228,user_0303,earbuds,1,"Huge disappointment, expected much better from this earbuds. The design looks nothing like the photos — very misleading listing. Returning this immediately.",0,Verified Purchase,111
REV01229,user_0336,robot vacuum,2,Do NOT buy this robot vacuum. The design looks nothing like the photos — very misleading listing. Do not waste your money.,0,,94
REV01230,user_0191,USB hub,1,Deeply unsatisfied with this USB hub. The packaging was damaged and the product arrived broken. Very angry and will not buy from this seller again.,0,Verified Purchase,28
REV01231,user_0169,monitor,5,Absolutely love this monitor! Much better than my previous one — noticeable improvement. Already ordered a second one as a gift.,1,Verified Purchase,133
REV01232,user_0525,sunglasses,5,Super happy with my sunglasses purchase. Much better than my previous one — noticeable improvement. Highly recommend to anyone looking for reliability.,1,Verified Purchase,66
REV01233,user_0146,tablet,5,This tablet is worth every penny. Much better than my previous one — noticeable improvement. A must-buy!,1,Verified Purchase,106
REV01234,user_0872,phone case,2,Not as described — very misleading phone case listing. The packaging was damaged and the product arrived broken. 1 star — would give zero if possible.,0,Verified Purchase,24
REV01235,user_0779,smart bulb,1,This smart bulb is cheaply made and falls apart. Took forever to arrive and the item was not as described at all. Very angry and will not buy from this seller again.,0,Verified Purchase,133
REV01236,user_0189,bluetooth speaker,2,Regret buying this bluetooth speaker. The packaging was damaged and the product arrived broken. Buyer beware — stay far away.,0,,70
REV01237,user_0193,backpack,5,"Solid backpack, highly satisfied. Fits perfectly and matches exactly what was shown in the photos. Already ordered a second one as a gift.",1,Verified Purchase,71
REV01238,user_0467,water bottle,5,Best water bottle I've ever purchased. Durable construction — dropped it a few times with no damage. Highly recommend to anyone looking for reliability.,1,,8
REV01239,user_0609,gaming mouse,5,Absolutely love this gaming mouse! I've been using it daily for weeks and it still works like new. Highly recommend to anyone looking for reliability.,1,Verified Purchase,74
REV01240,user_0793,monitor,5,This monitor is a game changer. Durable construction — dropped it a few times with no damage. A must-buy!,1,,125
REV01241,user_0166,running shoes,5,"Super happy with my running shoes purchase. My whole family loves it and we've recommended it to friends. Very satisfied, no complaints.",1,Verified Purchase,70
REV01242,user_0936,USB hub,4,"Purchased this USB hub last month and love it. Battery life is phenomenal — lasts much longer than advertised. Very satisfied, no complaints.",1,Verified Purchase,16
REV01243,user_0180,running shoes,4,Best running shoes I've ever purchased. Much better than my previous one — noticeable improvement. 5 stars without hesitation.,1,Verified Purchase,75
REV01244,user_0154,laptop stand,1,This laptop stand is a total scam. The packaging was damaged and the product arrived broken. Buyer beware — stay far away.,0,Verified Purchase,11
REV01245,user_0628,gaming mouse,5,"Amazing quality gaming mouse, highly recommend. The design is sleek and modern, looks great on my desk. Highly recommend to anyone looking for reliability.",1,Verified Purchase,87
REV01246,user_0166,laptop stand,5,Absolutely love this laptop stand! Battery life is phenomenal — lasts much longer than advertised. 5 stars without hesitation.,1,,141
REV01247,user_0210,screen protector,5,"Outstanding screen protector, five stars. Setup was easy and it works flawlessly right out of the box. Highly recommend to anyone looking for reliability.",1,Verified Purchase,121
REV01248,user_0886,mechanical keyboard,5,"Fantastic mechanical keyboard, works perfectly. My whole family loves it and we've recommended it to friends. Will be buying more products from this brand.",1,Verified Purchase,4
REV01249,user_0353,power bank,5,Couldn't be happier with this power bank. Durable construction — dropped it a few times with no damage. Already ordered a second one as a gift.,1,,59
REV01250,user_0496,wallet,5,"Excellent wallet, exactly as described. The performance quality is incredible for the price. 10/10 would recommend!",1,,3
REV01251,user_0901,earbuds,1,Regret buying this earbuds. The design looks nothing like the photos — very misleading listing. 1 star — would give zero if possible.,0,Verified Purchase,103
REV01252,user_0827,instant pot,4,"Solid instant pot, highly satisfied. Comfortable to use for long periods without any fatigue. A must-buy!",1,,54
REV01253,user_0027,running shoes,4,Great value for money running shoes. Customer support was very responsive when I had questions. A must-buy!,1,Verified Purchase,90
REV01254,user_0266,gaming mouse,1,This gaming mouse broke within days. Battery dies within an hour — completely unusable for daily tasks. Requested a refund right away.,0,Verified Purchase,107
REV01255,user_0937,tablet,1,This tablet broke within days. Connection drops constantly and the device overheats quickly. Very angry and will not buy from this seller again.,0,Verified Purchase,17
REV01256,user_0503,toaster oven,5,"Outstanding toaster oven, five stars. Battery life is phenomenal — lasts much longer than advertised. 10/10 would recommend!",1,Verified Purchase,130
REV01257,user_0206,coffee maker,5,This coffee maker is a game changer. Durable construction — dropped it a few times with no damage. A must-buy!,1,Verified Purchase,138
REV01258,user_0538,wireless headphones,1,Worst wireless headphones I have ever purchased. It stopped working completely after just a few days of light use. Worst purchase I've made this year.,0,Verified Purchase,12
REV01259,user_0118,charging cable,5,"Amazing quality charging cable, highly recommend. Fits perfectly and matches exactly what was shown in the photos. Will be buying more products from this brand.",1,Verified Purchase,145
REV01260,user_0274,screen protector,5,"Amazing quality screen protector, highly recommend. Packaging was great and the product feels premium. Will be buying more products from this brand.",1,,20
REV01261,user_0062,power bank,4,"Great value for money power bank. Setup was easy and it works flawlessly right out of the box. Very satisfied, no complaints.",1,Verified Purchase,39
REV01262,user_0500,water bottle,4,Best water bottle I've ever purchased. Battery life is phenomenal — lasts much longer than advertised. 5 stars without hesitation.,1,Verified Purchase,45
REV01263,user_0519,e-reader,5,This e-reader is worth every penny. Setup was easy and it works flawlessly right out of the box. Will be buying more products from this brand.,1,Verified Purchase,1
REV01264,user_0281,robot vacuum,4,Purchased this robot vacuum last month and love it. Connectivity is seamless and lag-free every single time. A must-buy!,1,Verified Purchase,125
REV01265,user_0716,running shoes,1,This running shoes is a total scam. It stopped working completely after just a few days of light use. Worst purchase I've made this year.,0,Verified Purchase,128
REV01266,user_0052,e-reader,1,This e-reader is a total scam. It stopped working completely after just a few days of light use. 1 star — would give zero if possible.,0,,92
REV01267,user_0795,USB hub,5,Purchased this USB hub last month and love it. Fits perfectly and matches exactly what was shown in the photos. 10/10 would recommend!,1,Verified Purchase,90
REV01268,user_0626,power bank,1,Zero stars if I could for this power bank. Already broke and I only used it twice — total waste of money. Worst purchase I've made this year.,0,Verified Purchase,91
REV01269,user_0158,bluetooth speaker,2,"Huge disappointment, expected much better from this bluetooth speaker. Customer support never responded to my multiple messages. Worst purchase I've made this year.",0,,79
REV01270,user_0777,toaster oven,5,Absolutely love this toaster oven! Connectivity is seamless and lag-free every single time. Highly recommend to anyone looking for reliability.,1,,110
REV01271,user_0099,laptop stand,5,Absolutely love this laptop stand! Much better than my previous one — noticeable improvement. 5 stars without hesitation.,1,Verified Purchase,127
REV01272,user_0579,smartwatch,5,Absolutely love this smartwatch! Fits perfectly and matches exactly what was shown in the photos. A must-buy!,1,,47
REV01273,user_0915,toaster oven,1,Do NOT buy this toaster oven. Already broke and I only used it twice — total waste of money. Buyer beware — stay far away.,0,Verified Purchase,21
REV01274,user_0025,running shoes,5,"Excellent running shoes, exactly as described. The build quality is top-notch and it arrived quickly. Already ordered a second one as a gift.",1,Verified Purchase,25
REV01275,user_0122,instant pot,5,This instant pot is worth every penny. Durable construction — dropped it a few times with no damage. Would definitely buy again!,1,Verified Purchase,133
REV01276,user_0519,charging cable,1,"Huge disappointment, expected much better from this charging cable. The design looks nothing like the photos — very misleading listing. Worst purchase I've made this year.",0,Verified Purchase,59
REV01277,user_0187,backpack,1,Do NOT buy this backpack. Performance is terrible compared to competitors at the same price. Returning this immediately.,0,Verified Purchase,56
REV01278,user_0824,laptop stand,5,Absolutely love this laptop stand! The build quality is top-notch and it arrived quickly. 5 stars without hesitation.,1,,132
REV01279,user_0908,electric kettle,2,Zero stars if I could for this electric kettle. Battery dies within an hour — completely unusable for daily tasks. Requested a refund right away.,0,Verified Purchase,73
REV01280,user_0955,bluetooth speaker,2,This bluetooth speaker is cheaply made and falls apart. Took forever to arrive and the item was not as described at all. Requested a refund right away.,0,,26
REV01281,user_0795,wireless headphones,1,"Poor quality wireless headphones, save your money. It stopped working completely after just a few days of light use. Very angry and will not buy from this seller again.",0,Verified Purchase,142
REV01282,user_0437,resistance bands,5,Very impressed with this resistance bands. My whole family loves it and we've recommended it to friends. Will be buying more products from this brand.,1,Verified Purchase,88
REV01283,user_0438,e-reader,1,This e-reader broke within days. Performance is terrible compared to competitors at the same price. 1 star — would give zero if possible.,0,Verified Purchase,40
REV01284,user_0908,toaster oven,5,Absolutely love this toaster oven! Fits perfectly and matches exactly what was shown in the photos. 5 stars without hesitation.,1,Verified Purchase,22
REV01285,user_0970,resistance bands,5,This resistance bands exceeded my expectations. Packaging was great and the product feels premium. Highly recommend to anyone looking for reliability.,1,Verified Purchase,39
REV01286,user_0715,toaster oven,2,This toaster oven stopped working after one week. Took forever to arrive and the item was not as described at all. Very angry and will not buy from this seller again.,0,Verified Purchase,40
REV01287,user_0357,e-reader,2,Deeply unsatisfied with this e-reader. Instructions were incomprehensible and setup took hours. Do not waste your money.,0,,83
REV01288,user_0644,wallet,4,Purchased this wallet last month and love it. Much better than my previous one — noticeable improvement. 5 stars without hesitation.,1,Verified Purchase,66
REV01289,user_0294,bluetooth speaker,2,Do NOT buy this bluetooth speaker. The packaging was damaged and the product arrived broken. Requested a refund right away.,0,Verified Purchase,122
REV01290,user_0215,backpack,5,This backpack is worth every penny. I've been using it daily for weeks and it still works like new. 5 stars without hesitation.,1,Verified Purchase,39
REV01291,user_0869,toaster oven,4,This toaster oven is a game changer. Much better than my previous one — noticeable improvement. 5 stars without hesitation.,1,Verified Purchase,112
REV01292,user_0028,wireless headphones,1,Do NOT buy this wireless headphones. It stopped working completely after just a few days of light use. 1 star — would give zero if possible.,0,Verified Purchase,132
REV01293,user_0692,USB hub,5,"Very impressed with this USB hub. Connectivity is seamless and lag-free every single time. Very satisfied, no complaints.",1,Verified Purchase,105
REV01294,user_0844,yoga mat,1,Very disappointed with this yoga mat. Battery dies within an hour — completely unusable for daily tasks. Very angry and will not buy from this seller again.,0,Verified Purchase,127
REV01295,user_0826,gaming mouse,1,"Poor quality gaming mouse, save your money. Battery dies within an hour — completely unusable for daily tasks. Worst purchase I've made this year.",0,Verified Purchase,144
REV01296,user_0371,fitness tracker,4,This fitness tracker is worth every penny. Durable construction — dropped it a few times with no damage. Already ordered a second one as a gift.,1,Verified Purchase,37
REV01297,user_0884,laptop stand,5,"Amazing quality laptop stand, highly recommend. Packaging was great and the product feels premium. Already ordered a second one as a gift.",1,Verified Purchase,101
REV01298,user_0109,yoga mat,5,"Fantastic yoga mat, works perfectly. Setup was easy and it works flawlessly right out of the box. Already ordered a second one as a gift.",1,Verified Purchase,82
REV01299,user_0040,mechanical keyboard,1,Deeply unsatisfied with this mechanical keyboard. Instructions were incomprehensible and setup took hours. Do not waste your money.,0,Verified Purchase,53
REV01300,user_0849,e-reader,2,Not as described — very misleading e-reader listing. The quality is extremely poor and feels like it will break any day. Buyer beware — stay far away.,0,Verified Purchase,35
REV01301,user_0530,screen protector,5,Super happy with my screen protector purchase. Durable construction — dropped it a few times with no damage. Will be buying more products from this brand.,1,Verified Purchase,133
REV01302,user_0957,electric kettle,1,This electric kettle stopped working after one week. It stopped working completely after just a few days of light use. Do not waste your money.,0,Verified Purchase,12
REV01303,user_0949,phone case,5,"Amazing quality phone case, highly recommend. I've been using it daily for weeks and it still works like new. Will be buying more products from this brand.",1,,83
REV01304,user_0058,gaming mouse,5,"Fantastic gaming mouse, works perfectly. Comfortable to use for long periods without any fatigue. A must-buy!",1,Verified Purchase,43
REV01305,user_0476,running shoes,1,"Poor quality running shoes, save your money. The quality is extremely poor and feels like it will break any day. Do not waste your money.",0,Verified Purchase,55
REV01306,user_0633,webcam,4,Best webcam I've ever purchased. The performance quality is incredible for the price. Would definitely buy again!,1,Verified Purchase,114
REV01307,user_0665,blender,2,"Terrible blender, complete waste of money. The design looks nothing like the photos — very misleading listing. Requested a refund right away.",0,Verified Purchase,14
REV01308,user_0795,backpack,5,"Solid backpack, highly satisfied. Packaging was great and the product feels premium. Very satisfied, no complaints.",1,Verified Purchase,75
REV01309,user_0250,backpack,4,Great value for money backpack. Battery life is phenomenal — lasts much longer than advertised. 5 stars without hesitation.,1,Verified Purchase,49
REV01310,user_0625,running shoes,2,"Terrible running shoes, complete waste of money. Loud rattling noise that makes it completely unusable. Absolute rubbish.",0,Verified Purchase,80
REV01311,user_0341,smart bulb,4,Super happy with my smart bulb purchase. Connectivity is seamless and lag-free every single time. 10/10 would recommend!,1,Verified Purchase,33
REV01312,user_0664,phone case,5,Couldn't be happier with this phone case. Battery life is phenomenal — lasts much longer than advertised. Would definitely buy again!,1,Verified Purchase,6
REV01313,user_0978,yoga mat,1,"Poor quality yoga mat, save your money. The packaging was damaged and the product arrived broken. Very angry and will not buy from this seller again.",0,Verified Purchase,118
REV01314,user_0203,screen protector,1,Not as described — very misleading screen protector listing. Customer support never responded to my multiple messages. Very angry and will not buy from this seller again.,0,Verified Purchase,72
REV01315,user_0727,robot vacuum,4,This robot vacuum exceeded my expectations. Packaging was great and the product feels premium. Already ordered a second one as a gift.,1,Verified Purchase,56
REV01316,user_0267,yoga mat,5,"This yoga mat is worth every penny. The design is sleek and modern, looks great on my desk. A must-buy!",1,Verified Purchase,68
REV01317,user_0837,mechanical keyboard,2,"Terrible mechanical keyboard, complete waste of money. Very uncomfortable to use and causes strain after just minutes. Requested a refund right away.",0,,44
REV01318,user_0028,coffee maker,1,"Terrible coffee maker, complete waste of money. Cheaply made materials that scratched and peeled after first use. 1 star — would give zero if possible.",0,Verified Purchase,22
REV01319,user_0706,mechanical keyboard,5,Best mechanical keyboard I've ever purchased. The build quality is top-notch and it arrived quickly. A must-buy!,1,,74
REV01320,user_0061,earbuds,1,Zero stars if I could for this earbuds. Instructions were incomprehensible and setup took hours. Worst purchase I've made this year.,0,Verified Purchase,83
REV01321,user_0884,coffee maker,5,"Outstanding coffee maker, five stars. The design is sleek and modern, looks great on my desk. Already ordered a second one as a gift.",1,,20
REV01322,user_0435,webcam,5,"Best webcam I've ever purchased. Much better than my previous one — noticeable improvement. Very satisfied, no complaints.",1,Verified Purchase,131
REV01323,user_0860,bluetooth speaker,1,This bluetooth speaker is a total scam. The design looks nothing like the photos — very misleading listing. Worst purchase I've made this year.,0,Verified Purchase,17
REV01324,user_0042,water bottle,5,Super happy with my water bottle purchase. Fits perfectly and matches exactly what was shown in the photos. Already ordered a second one as a gift.,1,Verified Purchase,83
REV01325,user_0229,monitor,1,Do NOT buy this monitor. Took forever to arrive and the item was not as described at all. Absolute rubbish.,0,Verified Purchase,135
REV01326,user_0568,power bank,5,Absolutely love this power bank! Comfortable to use for long periods without any fatigue. A must-buy!,1,Verified Purchase,146
REV01327,user_0344,screen protector,5,This screen protector exceeded my expectations. Packaging was great and the product feels premium. 10/10 would recommend!,1,Verified Purchase,107
REV01328,user_0807,smartwatch,4,Super happy with my smartwatch purchase. I've been using it daily for weeks and it still works like new. Will be buying more products from this brand.,1,,102
REV01329,user_0576,coffee maker,1,"Faulty coffee maker, does not work as advertised. The design looks nothing like the photos — very misleading listing. 1 star — would give zero if possible.",0,Verified Purchase,107
REV01330,user_0582,charging cable,5,This charging cable exceeded my expectations. Fits perfectly and matches exactly what was shown in the photos. 5 stars without hesitation.,1,,116
REV01331,user_0937,wireless headphones,5,"Amazing quality wireless headphones, highly recommend. Packaging was great and the product feels premium. Highly recommend to anyone looking for reliability.",1,Verified Purchase,52
REV01332,user_0758,backpack,5,"Great value for money backpack. The build quality is top-notch and it arrived quickly. Very satisfied, no complaints.",1,Verified Purchase,52
REV01333,user_0122,power bank,4,Very impressed with this power bank. Connectivity is seamless and lag-free every single time. A must-buy!,1,Verified Purchase,33
REV01334,user_0376,fitness tracker,4,Super happy with my fitness tracker purchase. The build quality is top-notch and it arrived quickly. 5 stars without hesitation.,1,Verified Purchase,96
REV01335,user_0396,robot vacuum,5,Purchased this robot vacuum last month and love it. I've been using it daily for weeks and it still works like new. 10/10 would recommend!,1,Verified Purchase,120
REV01336,user_0250,fitness tracker,5,"Fantastic fitness tracker, works perfectly. Comfortable to use for long periods without any fatigue. Already ordered a second one as a gift.",1,Verified Purchase,86
REV01337,user_0073,monitor,5,Very impressed with this monitor. Durable construction — dropped it a few times with no damage. 10/10 would recommend!,1,Verified Purchase,69
REV01338,user_0847,sunglasses,1,"Terrible sunglasses, complete waste of money. Connection drops constantly and the device overheats quickly. Absolute rubbish.",0,Verified Purchase,64
REV01339,user_0950,smartwatch,5,This smartwatch is worth every penny. Packaging was great and the product feels premium. Highly recommend to anyone looking for reliability.,1,,125
REV01340,user_0276,gaming mouse,5,"Fantastic gaming mouse, works perfectly. I've been using it daily for weeks and it still works like new. Very satisfied, no complaints.",1,Verified Purchase,66
REV01341,user_0573,air purifier,5,"Solid air purifier, highly satisfied. Fits perfectly and matches exactly what was shown in the photos. Will be buying more products from this brand.",1,,57
REV01342,user_0607,gaming mouse,1,This gaming mouse stopped working after one week. The quality is extremely poor and feels like it will break any day. Do not waste your money.,0,Verified Purchase,143
REV01343,user_0823,tablet,2,Deeply unsatisfied with this tablet. Loud rattling noise that makes it completely unusable. Worst purchase I've made this year.,0,Verified Purchase,59
REV01344,user_0316,fitness tracker,1,Do NOT buy this fitness tracker. It stopped working completely after just a few days of light use. Requested a refund right away.,0,,13
REV01345,user_0727,backpack,5,"Purchased this backpack last month and love it. Fits perfectly and matches exactly what was shown in the photos. Very satisfied, no complaints.",1,Verified Purchase,7
REV01346,user_0581,webcam,1,This webcam broke within days. Connection drops constantly and the device overheats quickly. Worst purchase I've made this year.,0,Verified Purchase,82
REV01347,user_0941,toaster oven,4,This toaster oven exceeded my expectations. The build quality is top-notch and it arrived quickly. Will be buying more products from this brand.,1,,30
REV01348,user_0172,resistance bands,5,This resistance bands is a game changer. The build quality is top-notch and it arrived quickly. Will be buying more products from this brand.,1,,48
REV01349,user_0680,yoga mat,5,This yoga mat exceeded my expectations. Battery life is phenomenal — lasts much longer than advertised. Already ordered a second one as a gift.,1,Verified Purchase,84
REV01350,user_0241,charging cable,2,Do NOT buy this charging cable. The quality is extremely poor and feels like it will break any day. Very angry and will not buy from this seller again.,0,,142
REV01351,user_0136,screen protector,1,This screen protector is a total scam. It stopped working completely after just a few days of light use. Very angry and will not buy from this seller again.,0,Verified Purchase,25
REV01352,user_0526,earbuds,5,"Excellent earbuds, exactly as described. Packaging was great and the product feels premium. Will be buying more products from this brand.",1,Verified Purchase,2
REV01353,user_0630,robot vacuum,5,"Couldn't be happier with this robot vacuum. Customer support was very responsive when I had questions. Very satisfied, no complaints.",1,,133
REV01354,user_0578,bluetooth speaker,5,"Outstanding bluetooth speaker, five stars. Battery life is phenomenal — lasts much longer than advertised. A must-buy!",1,,94
REV01355,user_0098,gaming mouse,4,"Amazing quality gaming mouse, highly recommend. The performance quality is incredible for the price. A must-buy!",1,Verified Purchase,121
REV01356,user_0581,resistance bands,5,This resistance bands exceeded my expectations. Comfortable to use for long periods without any fatigue. 5 stars without hesitation.,1,Verified Purchase,27
REV01357,user_0077,power bank,5,"Excellent power bank, exactly as described. Connectivity is seamless and lag-free every single time. Already ordered a second one as a gift.",1,Verified Purchase,34
REV01358,user_0449,e-reader,4,"Great value for money e-reader. My whole family loves it and we've recommended it to friends. Very satisfied, no complaints.",1,Verified Purchase,11
REV01359,user_0912,yoga mat,1,This yoga mat broke within days. The design looks nothing like the photos — very misleading listing. 1 star — would give zero if possible.,0,Verified Purchase,47
REV01360,user_0315,blender,1,Very disappointed with this blender. Already broke and I only used it twice — total waste of money. Returning this immediately.,0,Verified Purchase,33
REV01361,user_0584,blender,2,This blender is a total scam. The design looks nothing like the photos — very misleading listing. Requested a refund right away.,0,Verified Purchase,14
REV01362,user_0670,electric kettle,5,"Excellent electric kettle, exactly as described. The design is sleek and modern, looks great on my desk. Would definitely buy again!",1,,108
REV01363,user_0619,instant pot,2,Deeply unsatisfied with this instant pot. Battery dies within an hour — completely unusable for daily tasks. Very angry and will not buy from this seller again.,0,Verified Purchase,148
REV01364,user_0927,running shoes,2,This running shoes is cheaply made and falls apart. Customer support never responded to my multiple messages. Absolute rubbish.,0,Verified Purchase,70
REV01365,user_0814,bluetooth speaker,1,Regret buying this bluetooth speaker. Took forever to arrive and the item was not as described at all. Requested a refund right away.,0,,120
REV01366,user_0300,webcam,5,"This webcam is worth every penny. The design is sleek and modern, looks great on my desk. A must-buy!",1,Verified Purchase,107
REV01367,user_0547,wallet,1,Very disappointed with this wallet. Customer support never responded to my multiple messages. 1 star — would give zero if possible.,0,Verified Purchase,69
REV01368,user_0148,backpack,5,"Super happy with my backpack purchase. The design is sleek and modern, looks great on my desk. A must-buy!",1,Verified Purchase,124
REV01369,user_0598,air purifier,1,This air purifier is a total scam. The quality is extremely poor and feels like it will break any day. Requested a refund right away.,0,Verified Purchase,116
REV01370,user_0884,gaming mouse,1,This gaming mouse is cheaply made and falls apart. Performance is terrible compared to competitors at the same price. 1 star — would give zero if possible.,0,Verified Purchase,30
REV01371,user_0619,yoga mat,1,Regret buying this yoga mat. The design looks nothing like the photos — very misleading listing. 1 star — would give zero if possible.,0,Verified Purchase,55
REV01372,user_0224,yoga mat,1,Zero stars if I could for this yoga mat. The design looks nothing like the photos — very misleading listing. Returning this immediately.,0,Verified Purchase,124
REV01373,user_0255,tablet,1,This tablet is cheaply made and falls apart. Cheaply made materials that scratched and peeled after first use. Do not waste your money.,0,Verified Purchase,146
REV01374,user_0329,sunglasses,5,Great value for money sunglasses. My whole family loves it and we've recommended it to friends. Already ordered a second one as a gift.,1,Verified Purchase,15
REV01375,user_0507,charging cable,5,"This charging cable is worth every penny. Comfortable to use for long periods without any fatigue. Very satisfied, no complaints.",1,,123
REV01376,user_0051,fitness tracker,5,"Outstanding fitness tracker, five stars. Connectivity is seamless and lag-free every single time. Highly recommend to anyone looking for reliability.",1,Verified Purchase,79
REV01377,user_0082,tablet,5,Great value for money tablet. Durable construction — dropped it a few times with no damage. A must-buy!,1,Verified Purchase,143
REV01378,user_0465,fitness tracker,1,"Poor quality fitness tracker, save your money. Cheaply made materials that scratched and peeled after first use. Do not waste your money.",0,Verified Purchase,42
REV01379,user_0042,screen protector,5,Super happy with my screen protector purchase. Durable construction — dropped it a few times with no damage. 10/10 would recommend!,1,Verified Purchase,124
REV01380,user_0275,smartwatch,5,"Great value for money smartwatch. The design is sleek and modern, looks great on my desk. A must-buy!",1,,23
REV01381,user_0664,smart bulb,1,Zero stars if I could for this smart bulb. The quality is extremely poor and feels like it will break any day. Requested a refund right away.,0,Verified Purchase,42
REV01382,user_0412,phone case,1,This phone case is cheaply made and falls apart. Already broke and I only used it twice — total waste of money. Buyer beware — stay far away.,0,Verified Purchase,35
REV01383,user_0546,backpack,1,Not as described — very misleading backpack listing. Customer support never responded to my multiple messages. Absolute rubbish.,0,,117
REV01384,user_0971,earbuds,4,"Outstanding earbuds, five stars. The performance quality is incredible for the price. Already ordered a second one as a gift.",1,Verified Purchase,33
REV01385,user_0082,USB hub,5,Great value for money USB hub. Durable construction — dropped it a few times with no damage. Already ordered a second one as a gift.,1,Verified Purchase,73
REV01386,user_0226,tablet,5,Best tablet I've ever purchased. Durable construction — dropped it a few times with no damage. A must-buy!,1,Verified Purchase,20
REV01387,user_0998,earbuds,4,Absolutely love this earbuds! The build quality is top-notch and it arrived quickly. Already ordered a second one as a gift.,1,,50
REV01388,user_0205,toaster oven,5,Very impressed with this toaster oven. I've been using it daily for weeks and it still works like new. 10/10 would recommend!,1,,44
REV01389,user_0227,fitness tracker,2,Not as described — very misleading fitness tracker listing. The quality is extremely poor and feels like it will break any day. Buyer beware — stay far away.,0,Verified Purchase,100
REV01390,user_0713,coffee maker,2,"Terrible coffee maker, complete waste of money. The quality is extremely poor and feels like it will break any day. Worst purchase I've made this year.",0,Verified Purchase,22
REV01391,user_0816,earbuds,1,Worst earbuds I have ever purchased. Very uncomfortable to use and causes strain after just minutes. Very angry and will not buy from this seller again.,0,Verified Purchase,128
REV01392,user_0970,webcam,5,Very impressed with this webcam. Setup was easy and it works flawlessly right out of the box. Will be buying more products from this brand.,1,Verified Purchase,131
REV01393,user_0673,smart bulb,5,"Amazing quality smart bulb, highly recommend. The performance quality is incredible for the price. Very satisfied, no complaints.",1,Verified Purchase,22
REV01394,user_0779,wallet,2,Very disappointed with this wallet. The design looks nothing like the photos — very misleading listing. Very angry and will not buy from this seller again.,0,Verified Purchase,30
REV01395,user_0090,sunglasses,1,Do NOT buy this sunglasses. Connection drops constantly and the device overheats quickly. Worst purchase I've made this year.,0,Verified Purchase,114
REV01396,user_0150,gaming mouse,5,This gaming mouse exceeded my expectations. Durable construction — dropped it a few times with no damage. A must-buy!,1,Verified Purchase,136
REV01397,user_0939,smart bulb,5,This smart bulb exceeded my expectations. Setup was easy and it works flawlessly right out of the box. Would definitely buy again!,1,Verified Purchase,76
REV01398,user_0544,tablet,1,"Faulty tablet, does not work as advertised. The quality is extremely poor and feels like it will break any day. Buyer beware — stay far away.",0,Verified Purchase,114
REV01399,user_0202,gaming mouse,1,Do NOT buy this gaming mouse. Battery dies within an hour — completely unusable for daily tasks. Very angry and will not buy from this seller again.,0,Verified Purchase,21
REV01400,user_0374,wallet,5,Absolutely love this wallet! Fits perfectly and matches exactly what was shown in the photos. A must-buy!,1,Verified Purchase,49
REV01401,user_0085,backpack,4,This backpack is a game changer. The build quality is top-notch and it arrived quickly. Highly recommend to anyone looking for reliability.,1,Verified Purchase,125
REV01402,user_0546,backpack,2,"Poor quality backpack, save your money. The packaging was damaged and the product arrived broken. Do not waste your money.",0,Verified Purchase,135
REV01403,user_0852,smartwatch,1,Not as described — very misleading smartwatch listing. Performance is terrible compared to competitors at the same price. Absolute rubbish.,0,Verified Purchase,114
REV01404,user_0250,robot vacuum,1,Very disappointed with this robot vacuum. The quality is extremely poor and feels like it will break any day. Do not waste your money.,0,Verified Purchase,85
REV01405,user_0192,mechanical keyboard,5,Absolutely love this mechanical keyboard! The build quality is top-notch and it arrived quickly. Will be buying more products from this brand.,1,,118
REV01406,user_0401,sunglasses,5,"Excellent sunglasses, exactly as described. The build quality is top-notch and it arrived quickly. Very satisfied, no complaints.",1,Verified Purchase,88
REV01407,user_0599,e-reader,5,"Best e-reader I've ever purchased. Durable construction — dropped it a few times with no damage. Very satisfied, no complaints.",1,,17
REV01408,user_0199,coffee maker,4,"Solid coffee maker, highly satisfied. I've been using it daily for weeks and it still works like new. Already ordered a second one as a gift.",1,Verified Purchase,30
REV01409,user_0982,wallet,2,This wallet is a total scam. The quality is extremely poor and feels like it will break any day. Absolute rubbish.,0,,32
REV01410,user_0547,mechanical keyboard,5,This mechanical keyboard is worth every penny. Setup was easy and it works flawlessly right out of the box. Will be buying more products from this brand.,1,Verified Purchase,118
REV01411,user_0084,running shoes,2,Very disappointed with this running shoes. Already broke and I only used it twice — total waste of money. Do not waste your money.,0,Verified Purchase,33
REV01412,user_0796,power bank,4,"This power bank exceeded my expectations. Comfortable to use for long periods without any fatigue. Very satisfied, no complaints.",1,Verified Purchase,138
REV01413,user_0417,toaster oven,5,"This toaster oven exceeded my expectations. The design is sleek and modern, looks great on my desk. Will be buying more products from this brand.",1,Verified Purchase,6
REV01414,user_0380,running shoes,4,Purchased this running shoes last month and love it. Connectivity is seamless and lag-free every single time. Will be buying more products from this brand.,1,,89
REV01415,user_0418,e-reader,5,Very impressed with this e-reader. Setup was easy and it works flawlessly right out of the box. Already ordered a second one as a gift.,1,,115
REV01416,user_0374,backpack,1,"Huge disappointment, expected much better from this backpack. The packaging was damaged and the product arrived broken. Buyer beware — stay far away.",0,Verified Purchase,63
REV01417,user_0915,wireless headphones,5,Best wireless headphones I've ever purchased. Comfortable to use for long periods without any fatigue. 10/10 would recommend!,1,Verified Purchase,124
REV01418,user_0337,bluetooth speaker,1,This bluetooth speaker is a total scam. Instructions were incomprehensible and setup took hours. Worst purchase I've made this year.,0,Verified Purchase,28
REV01419,user_0102,bluetooth speaker,5,Super happy with my bluetooth speaker purchase. The build quality is top-notch and it arrived quickly. Will be buying more products from this brand.,1,Verified Purchase,36
REV01420,user_0997,USB hub,2,Zero stars if I could for this USB hub. The packaging was damaged and the product arrived broken. Worst purchase I've made this year.,0,Verified Purchase,68
REV01421,user_0334,air purifier,1,"Poor quality air purifier, save your money. It stopped working completely after just a few days of light use. Do not waste your money.",0,Verified Purchase,30
REV01422,user_0378,bluetooth speaker,5,"Outstanding bluetooth speaker, five stars. Setup was easy and it works flawlessly right out of the box. Will be buying more products from this brand.",1,,121
REV01423,user_0166,blender,2,Very disappointed with this blender. It stopped working completely after just a few days of light use. Very angry and will not buy from this seller again.,0,,102
REV01424,user_0713,smart bulb,4,"Excellent smart bulb, exactly as described. The design is sleek and modern, looks great on my desk. A must-buy!",1,Verified Purchase,70
REV01425,user_0358,earbuds,1,Do NOT buy this earbuds. Already broke and I only used it twice — total waste of money. Do not waste your money.,0,Verified Purchase,62
REV01426,user_0831,yoga mat,1,"Faulty yoga mat, does not work as advertised. Took forever to arrive and the item was not as described at all. Requested a refund right away.",0,Verified Purchase,34
REV01427,user_0422,screen protector,5,"Excellent screen protector, exactly as described. Comfortable to use for long periods without any fatigue. Already ordered a second one as a gift.",1,Verified Purchase,119
REV01428,user_0146,monitor,1,Regret buying this monitor. It stopped working completely after just a few days of light use. 1 star — would give zero if possible.,0,,99
REV01429,user_0474,instant pot,5,"Solid instant pot, highly satisfied. I've been using it daily for weeks and it still works like new. 5 stars without hesitation.",1,Verified Purchase,14
REV01430,user_0301,power bank,5,Purchased this power bank last month and love it. The build quality is top-notch and it arrived quickly. Will be buying more products from this brand.,1,Verified Purchase,101
REV01431,user_0349,webcam,1,Deeply unsatisfied with this webcam. Already broke and I only used it twice — total waste of money. Returning this immediately.,0,,138
REV01432,user_0873,USB hub,5,Couldn't be happier with this USB hub. Durable construction — dropped it a few times with no damage. 5 stars without hesitation.,1,Verified Purchase,33
REV01433,user_0152,USB hub,5,"Purchased this USB hub last month and love it. My whole family loves it and we've recommended it to friends. Very satisfied, no complaints.",1,,94
REV01434,user_0324,running shoes,5,Best running shoes I've ever purchased. Fits perfectly and matches exactly what was shown in the photos. 10/10 would recommend!,1,Verified Purchase,54
REV01435,user_0495,screen protector,2,"Faulty screen protector, does not work as advertised. Cheaply made materials that scratched and peeled after first use. Returning this immediately.",0,Verified Purchase,82
REV01436,user_0188,webcam,5,Very impressed with this webcam. The performance quality is incredible for the price. Will be buying more products from this brand.,1,Verified Purchase,22
REV01437,user_0750,water bottle,1,Deeply unsatisfied with this water bottle. Loud rattling noise that makes it completely unusable. Requested a refund right away.,0,Verified Purchase,125
REV01438,user_0624,power bank,2,Very disappointed with this power bank. It stopped working completely after just a few days of light use. 1 star — would give zero if possible.,0,Verified Purchase,55
REV01439,user_0865,tablet,1,"Terrible tablet, complete waste of money. Took forever to arrive and the item was not as described at all. Requested a refund right away.",0,Verified Purchase,103
REV01440,user_0661,bluetooth speaker,5,Couldn't be happier with this bluetooth speaker. I've been using it daily for weeks and it still works like new. Already ordered a second one as a gift.,1,Verified Purchase,146
REV01441,user_0403,USB hub,2,Regret buying this USB hub. Loud rattling noise that makes it completely unusable. Buyer beware — stay far away.,0,Verified Purchase,34
REV01442,user_0125,laptop stand,5,Purchased this laptop stand last month and love it. The build quality is top-notch and it arrived quickly. 10/10 would recommend!,1,Verified Purchase,140
REV01443,user_0466,yoga mat,1,Not as described — very misleading yoga mat listing. Customer support never responded to my multiple messages. Returning this immediately.,0,Verified Purchase,28
REV01444,user_0109,blender,1,Do NOT buy this blender. The design looks nothing like the photos — very misleading listing. Returning this immediately.,0,Verified Purchase,147
REV01445,user_0542,resistance bands,5,"Solid resistance bands, highly satisfied. Battery life is phenomenal — lasts much longer than advertised. Would definitely buy again!",1,Verified Purchase,18
REV01446,user_0293,robot vacuum,5,Couldn't be happier with this robot vacuum. The performance quality is incredible for the price. A must-buy!,1,Verified Purchase,117
REV01447,user_0629,phone case,1,"Terrible phone case, complete waste of money. Instructions were incomprehensible and setup took hours. Worst purchase I've made this year.",0,Verified Purchase,18
REV01448,user_0452,toaster oven,5,"Fantastic toaster oven, works perfectly. Comfortable to use for long periods without any fatigue. 5 stars without hesitation.",1,,129
REV01449,user_0579,laptop stand,2,This laptop stand is cheaply made and falls apart. Instructions were incomprehensible and setup took hours. Worst purchase I've made this year.,0,,36
REV01450,user_0806,bluetooth speaker,5,This bluetooth speaker exceeded my expectations. Durable construction — dropped it a few times with no damage. 10/10 would recommend!,1,Verified Purchase,100
REV01451,user_0338,earbuds,2,Deeply unsatisfied with this earbuds. Battery dies within an hour — completely unusable for daily tasks. Very angry and will not buy from this seller again.,0,Verified Purchase,28
REV01452,user_0102,monitor,2,This monitor stopped working after one week. It stopped working completely after just a few days of light use. Absolute rubbish.,0,,142
REV01453,user_0526,tablet,1,This tablet stopped working after one week. It stopped working completely after just a few days of light use. Buyer beware — stay far away.,0,,144
REV01454,user_0583,USB hub,1,"Faulty USB hub, does not work as advertised. Customer support never responded to my multiple messages. Buyer beware — stay far away.",0,Verified Purchase,51
REV01455,user_0994,monitor,1,Regret buying this monitor. Connection drops constantly and the device overheats quickly. Do not waste your money.,0,,148
REV01456,user_0076,webcam,5,Great value for money webcam. Connectivity is seamless and lag-free every single time. Would definitely buy again!,1,,19
REV01457,user_0068,phone case,2,Worst phone case I have ever purchased. Connection drops constantly and the device overheats quickly. Requested a refund right away.,0,Verified Purchase,6
REV01458,user_0174,electric kettle,5,"Excellent electric kettle, exactly as described. Durable construction — dropped it a few times with no damage. Highly recommend to anyone looking for reliability.",1,Verified Purchase,57
REV01459,user_0374,gaming mouse,2,Regret buying this gaming mouse. It stopped working completely after just a few days of light use. Requested a refund right away.,0,Verified Purchase,19
REV01460,user_0924,fitness tracker,5,Super happy with my fitness tracker purchase. Packaging was great and the product feels premium. Will be buying more products from this brand.,1,Verified Purchase,25
REV01461,user_0808,robot vacuum,5,"Outstanding robot vacuum, five stars. My whole family loves it and we've recommended it to friends. Would definitely buy again!",1,Verified Purchase,55
REV01462,user_0100,air purifier,4,Absolutely love this air purifier! The performance quality is incredible for the price. 10/10 would recommend!,1,Verified Purchase,106
REV01463,user_0172,fitness tracker,5,Best fitness tracker I've ever purchased. Customer support was very responsive when I had questions. Would definitely buy again!,1,Verified Purchase,31
REV01464,user_0601,running shoes,5,Couldn't be happier with this running shoes. Durable construction — dropped it a few times with no damage. Will be buying more products from this brand.,1,Verified Purchase,105
REV01465,user_0788,smart bulb,1,"Faulty smart bulb, does not work as advertised. Customer support never responded to my multiple messages. Very angry and will not buy from this seller again.",0,Verified Purchase,125
REV01466,user_0291,robot vacuum,5,Purchased this robot vacuum last month and love it. Packaging was great and the product feels premium. Highly recommend to anyone looking for reliability.,1,Verified Purchase,134
REV01467,user_0271,resistance bands,1,Very disappointed with this resistance bands. The design looks nothing like the photos — very misleading listing. Do not waste your money.,0,,23
REV01468,user_0463,smartwatch,2,This smartwatch is cheaply made and falls apart. Loud rattling noise that makes it completely unusable. Returning this immediately.,0,Verified Purchase,41
REV01469,user_0503,fitness tracker,1,"Terrible fitness tracker, complete waste of money. Customer support never responded to my multiple messages. Requested a refund right away.",0,Verified Purchase,127
REV01470,user_0126,robot vacuum,1,Not as described — very misleading robot vacuum listing. It stopped working completely after just a few days of light use. Buyer beware — stay far away.,0,,78
REV01471,user_0172,resistance bands,1,"Poor quality resistance bands, save your money. Battery dies within an hour — completely unusable for daily tasks. Buyer beware — stay far away.",0,Verified Purchase,44
REV01472,user_0311,earbuds,5,"Excellent earbuds, exactly as described. Battery life is phenomenal — lasts much longer than advertised. A must-buy!",1,Verified Purchase,5
REV01473,user_0887,phone case,1,"Terrible phone case, complete waste of money. Already broke and I only used it twice — total waste of money. 1 star — would give zero if possible.",0,Verified Purchase,137
REV01474,user_0448,laptop stand,5,Great value for money laptop stand. Much better than my previous one — noticeable improvement. Would definitely buy again!,1,Verified Purchase,106
REV01475,user_0588,fitness tracker,4,This fitness tracker exceeded my expectations. Customer support was very responsive when I had questions. Will be buying more products from this brand.,1,,111
REV01476,user_0442,earbuds,1,Deeply unsatisfied with this earbuds. The quality is extremely poor and feels like it will break any day. 1 star — would give zero if possible.,0,,67
REV01477,user_0802,running shoes,5,Couldn't be happier with this running shoes. Comfortable to use for long periods without any fatigue. Will be buying more products from this brand.,1,Verified Purchase,92
REV01478,user_0468,sunglasses,1,"Poor quality sunglasses, save your money. Performance is terrible compared to competitors at the same price. Worst purchase I've made this year.",0,Verified Purchase,63
REV01479,user_0770,wireless headphones,2,Worst wireless headphones I have ever purchased. It stopped working completely after just a few days of light use. Returning this immediately.,0,Verified Purchase,115
REV01480,user_0207,wallet,4,Very impressed with this wallet. Comfortable to use for long periods without any fatigue. A must-buy!,1,Verified Purchase,69
REV01481,user_0612,yoga mat,5,This yoga mat is worth every penny. Battery life is phenomenal — lasts much longer than advertised. Will be buying more products from this brand.,1,,136
REV01482,user_0858,gaming mouse,1,Not as described — very misleading gaming mouse listing. Instructions were incomprehensible and setup took hours. Very angry and will not buy from this seller again.,0,Verified Purchase,139
REV01483,user_0721,USB hub,4,This USB hub is a game changer. Customer support was very responsive when I had questions. Would definitely buy again!,1,Verified Purchase,28
REV01484,user_0757,coffee maker,5,"This coffee maker is a game changer. Connectivity is seamless and lag-free every single time. Very satisfied, no complaints.",1,Verified Purchase,24
REV01485,user_0188,electric kettle,1,Worst electric kettle I have ever purchased. Already broke and I only used it twice — total waste of money. Very angry and will not buy from this seller again.,0,Verified Purchase,95
REV01486,user_0702,bluetooth speaker,1,This bluetooth speaker broke within days. Customer support never responded to my multiple messages. Worst purchase I've made this year.,0,Verified Purchase,35
REV01487,user_0299,smartwatch,5,This smartwatch exceeded my expectations. I've been using it daily for weeks and it still works like new. 10/10 would recommend!,1,,23
REV01488,user_0360,charging cable,5,Couldn't be happier with this charging cable. Durable construction — dropped it a few times with no damage. Will be buying more products from this brand.,1,Verified Purchase,46
REV01489,user_0262,gaming mouse,5,"This gaming mouse is worth every penny. Customer support was very responsive when I had questions. Very satisfied, no complaints.",1,Verified Purchase,116
REV01490,user_0338,charging cable,2,This charging cable is a total scam. Cheaply made materials that scratched and peeled after first use. 1 star — would give zero if possible.,0,Verified Purchase,5
REV01491,user_0564,screen protector,5,Absolutely love this screen protector! The performance quality is incredible for the price. Already ordered a second one as a gift.,1,Verified Purchase,143
REV01492,user_0800,bluetooth speaker,2,Zero stars if I could for this bluetooth speaker. Loud rattling noise that makes it completely unusable. Returning this immediately.,0,Verified Purchase,122
REV01493,user_0668,monitor,1,Zero stars if I could for this monitor. The design looks nothing like the photos — very misleading listing. Worst purchase I've made this year.,0,Verified Purchase,76
REV01494,user_0307,screen protector,4,This screen protector is worth every penny. Much better than my previous one — noticeable improvement. A must-buy!,1,Verified Purchase,144
REV01495,user_0444,earbuds,4,"Excellent earbuds, exactly as described. Much better than my previous one — noticeable improvement. Very satisfied, no complaints.",1,Verified Purchase,123
REV01496,user_0405,webcam,4,"Fantastic webcam, works perfectly. Customer support was very responsive when I had questions. Would definitely buy again!",1,Verified Purchase,3
REV01497,user_0320,phone case,5,Purchased this phone case last month and love it. The build quality is top-notch and it arrived quickly. 10/10 would recommend!,1,Verified Purchase,35
REV01498,user_0918,resistance bands,1,Deeply unsatisfied with this resistance bands. Cheaply made materials that scratched and peeled after first use. Do not waste your money.,0,Verified Purchase,134
REV01499,user_0590,yoga mat,5,Best yoga mat I've ever purchased. Durable construction — dropped it a few times with no damage. Would definitely buy again!,1,,63
REV01500,user_0767,fitness tracker,2,This fitness tracker broke within days. Customer support never responded to my multiple messages. Requested a refund right away.,0,Verified Purchase,5
REV01501,user_0538,water bottle,2,Do NOT buy this water bottle. The quality is extremely poor and feels like it will break any day. Very angry and will not buy from this seller again.,0,Verified Purchase,108
REV01502,user_0209,USB hub,2,"Huge disappointment, expected much better from this USB hub. Cheaply made materials that scratched and peeled after first use. Requested a refund right away.",0,,115
REV01503,user_0493,wallet,2,This wallet is cheaply made and falls apart. Already broke and I only used it twice — total waste of money. Worst purchase I've made this year.,0,Verified Purchase,146
REV01504,user_0344,running shoes,1,"Huge disappointment, expected much better from this running shoes. Customer support never responded to my multiple messages. Returning this immediately.",0,Verified Purchase,84
REV01505,user_0699,sunglasses,4,"Solid sunglasses, highly satisfied. Durable construction — dropped it a few times with no damage. 5 stars without hesitation.",1,Verified Purchase,16
REV01506,user_0483,mechanical keyboard,5,This mechanical keyboard is worth every penny. Comfortable to use for long periods without any fatigue. Highly recommend to anyone looking for reliability.,1,Verified Purchase,31
REV01507,user_0772,wireless headphones,5,Couldn't be happier with this wireless headphones. Comfortable to use for long periods without any fatigue. Already ordered a second one as a gift.,1,Verified Purchase,84
REV01508,user_0552,coffee maker,2,Zero stars if I could for this coffee maker. Took forever to arrive and the item was not as described at all. Do not waste your money.,0,Verified Purchase,147
REV01509,user_0956,monitor,1,Not as described — very misleading monitor listing. The design looks nothing like the photos — very misleading listing. Absolute rubbish.,0,Verified Purchase,112
REV01510,user_0439,bluetooth speaker,2,This bluetooth speaker is cheaply made and falls apart. Instructions were incomprehensible and setup took hours. Buyer beware — stay far away.,0,,68
REV01511,user_0836,running shoes,5,"Purchased this running shoes last month and love it. The design is sleek and modern, looks great on my desk. A must-buy!",1,Verified Purchase,27
REV01512,user_0571,bluetooth speaker,4,This bluetooth speaker exceeded my expectations. Comfortable to use for long periods without any fatigue. A must-buy!,1,Verified Purchase,23
REV01513,user_0921,webcam,4,Great value for money webcam. Durable construction — dropped it a few times with no damage. 10/10 would recommend!,1,Verified Purchase,82
REV01514,user_0545,wireless headphones,5,This wireless headphones is worth every penny. The performance quality is incredible for the price. 5 stars without hesitation.,1,Verified Purchase,99
REV01515,user_0319,USB hub,5,Best USB hub I've ever purchased. I've been using it daily for weeks and it still works like new. A must-buy!,1,Verified Purchase,37
REV01516,user_0151,wireless headphones,1,Regret buying this wireless headphones. Connection drops constantly and the device overheats quickly. Buyer beware — stay far away.,0,Verified Purchase,115
REV01517,user_0976,smartwatch,4,"Outstanding smartwatch, five stars. Customer support was very responsive when I had questions. 5 stars without hesitation.",1,,53
REV01518,user_0526,USB hub,5,This USB hub exceeded my expectations. My whole family loves it and we've recommended it to friends. A must-buy!,1,Verified Purchase,7
REV01519,user_0707,air purifier,5,"Amazing quality air purifier, highly recommend. I've been using it daily for weeks and it still works like new. Will be buying more products from this brand.",1,,81
REV01520,user_0820,smart bulb,5,This smart bulb exceeded my expectations. Comfortable to use for long periods without any fatigue. 10/10 would recommend!,1,Verified Purchase,83
REV01521,user_0722,mechanical keyboard,5,"Very impressed with this mechanical keyboard. Setup was easy and it works flawlessly right out of the box. Very satisfied, no complaints.",1,Verified Purchase,110
REV01522,user_0491,electric kettle,2,"Huge disappointment, expected much better from this electric kettle. The packaging was damaged and the product arrived broken. Absolute rubbish.",0,Verified Purchase,43
REV01523,user_0540,e-reader,5,"Outstanding e-reader, five stars. Customer support was very responsive when I had questions. Very satisfied, no complaints.",1,Verified Purchase,150
REV01524,user_0401,power bank,1,"Terrible power bank, complete waste of money. Already broke and I only used it twice — total waste of money. Requested a refund right away.",0,Verified Purchase,46
REV01525,user_0989,wallet,5,This wallet exceeded my expectations. Customer support was very responsive when I had questions. Highly recommend to anyone looking for reliability.,1,Verified Purchase,46
REV01526,user_0684,charging cable,4,"Fantastic charging cable, works perfectly. Setup was easy and it works flawlessly right out of the box. Will be buying more products from this brand.",1,Verified Purchase,139
REV01527,user_0803,yoga mat,5,This yoga mat is worth every penny. Battery life is phenomenal — lasts much longer than advertised. Would definitely buy again!,1,,125
REV01528,user_0503,phone case,5,"Solid phone case, highly satisfied. The performance quality is incredible for the price. Would definitely buy again!",1,Verified Purchase,35
REV01529,user_0408,smart bulb,1,"Huge disappointment, expected much better from this smart bulb. The quality is extremely poor and feels like it will break any day. Very angry and will not buy from this seller again.",0,Verified Purchase,129
REV01530,user_0839,bluetooth speaker,2,Regret buying this bluetooth speaker. It stopped working completely after just a few days of light use. Buyer beware — stay far away.,0,Verified Purchase,6
REV01531,user_0783,wireless headphones,2,Very disappointed with this wireless headphones. Instructions were incomprehensible and setup took hours. 1 star — would give zero if possible.,0,Verified Purchase,135
REV01532,user_0661,tablet,1,This tablet stopped working after one week. The quality is extremely poor and feels like it will break any day. Very angry and will not buy from this seller again.,0,,54
REV01533,user_0596,e-reader,1,Zero stars if I could for this e-reader. Cheaply made materials that scratched and peeled after first use. Absolute rubbish.,0,,14
REV01534,user_0930,bluetooth speaker,4,Super happy with my bluetooth speaker purchase. Fits perfectly and matches exactly what was shown in the photos. 5 stars without hesitation.,1,,29
REV01535,user_0834,robot vacuum,1,"Terrible robot vacuum, complete waste of money. Instructions were incomprehensible and setup took hours. Requested a refund right away.",0,,30
REV01536,user_0102,wallet,4,This wallet is worth every penny. Battery life is phenomenal — lasts much longer than advertised. Would definitely buy again!,1,,4
REV01537,user_0468,USB hub,1,"Faulty USB hub, does not work as advertised. The quality is extremely poor and feels like it will break any day. Requested a refund right away.",0,Verified Purchase,6
REV01538,user_0198,wallet,5,Purchased this wallet last month and love it. The performance quality is incredible for the price. 10/10 would recommend!,1,Verified Purchase,84
REV01539,user_0845,electric kettle,5,This electric kettle exceeded my expectations. Packaging was great and the product feels premium. A must-buy!,1,Verified Purchase,33
REV01540,user_0964,wireless headphones,1,This wireless headphones stopped working after one week. Took forever to arrive and the item was not as described at all. Buyer beware — stay far away.,0,Verified Purchase,40
REV01541,user_0164,sunglasses,1,Regret buying this sunglasses. Battery dies within an hour — completely unusable for daily tasks. Buyer beware — stay far away.,0,Verified Purchase,3
REV01542,user_0808,electric kettle,5,This electric kettle is a game changer. I've been using it daily for weeks and it still works like new. Would definitely buy again!,1,Verified Purchase,88
REV01543,user_0578,phone case,1,Very disappointed with this phone case. Loud rattling noise that makes it completely unusable. Returning this immediately.,0,Verified Purchase,31
REV01544,user_0020,smart bulb,5,"Solid smart bulb, highly satisfied. Fits perfectly and matches exactly what was shown in the photos. A must-buy!",1,,98
REV01545,user_0080,charging cable,5,Couldn't be happier with this charging cable. Setup was easy and it works flawlessly right out of the box. A must-buy!,1,Verified Purchase,69
REV01546,user_0427,power bank,5,"Purchased this power bank last month and love it. The performance quality is incredible for the price. Very satisfied, no complaints.",1,Verified Purchase,83
REV01547,user_0090,charging cable,1,Very disappointed with this charging cable. The quality is extremely poor and feels like it will break any day. Requested a refund right away.,0,,113
REV01548,user_0663,e-reader,5,"Outstanding e-reader, five stars. Fits perfectly and matches exactly what was shown in the photos. Would definitely buy again!",1,,101
REV01549,user_0997,fitness tracker,1,"Faulty fitness tracker, does not work as advertised. Already broke and I only used it twice — total waste of money. Buyer beware — stay far away.",0,Verified Purchase,85
REV01550,user_0765,smartwatch,1,"Terrible smartwatch, complete waste of money. Instructions were incomprehensible and setup took hours. Very angry and will not buy from this seller again.",0,Verified Purchase,31
REV01551,user_0108,USB hub,5,Couldn't be happier with this USB hub. Comfortable to use for long periods without any fatigue. 10/10 would recommend!,1,Verified Purchase,1
REV01552,user_0614,smartwatch,4,Best smartwatch I've ever purchased. Battery life is phenomenal — lasts much longer than advertised. 5 stars without hesitation.,1,Verified Purchase,125
REV01553,user_0583,smartwatch,4,"This smartwatch is worth every penny. Packaging was great and the product feels premium. Very satisfied, no complaints.",1,Verified Purchase,39
REV01554,user_0660,wireless headphones,1,This wireless headphones broke within days. Performance is terrible compared to competitors at the same price. Worst purchase I've made this year.,0,,21
REV01555,user_0445,coffee maker,1,"Faulty coffee maker, does not work as advertised. Customer support never responded to my multiple messages. Requested a refund right away.",0,Verified Purchase,59
REV01556,user_0717,charging cable,5,"Amazing quality charging cable, highly recommend. I've been using it daily for weeks and it still works like new. 5 stars without hesitation.",1,Verified Purchase,19
REV01557,user_0121,fitness tracker,5,Great value for money fitness tracker. Fits perfectly and matches exactly what was shown in the photos. Will be buying more products from this brand.,1,Verified Purchase,131
REV01558,user_0570,water bottle,1,This water bottle broke within days. Took forever to arrive and the item was not as described at all. Worst purchase I've made this year.,0,,11
REV01559,user_0478,smart bulb,5,Very impressed with this smart bulb. Battery life is phenomenal — lasts much longer than advertised. Highly recommend to anyone looking for reliability.,1,Verified Purchase,144
REV01560,user_0803,mechanical keyboard,5,Couldn't be happier with this mechanical keyboard. Setup was easy and it works flawlessly right out of the box. Will be buying more products from this brand.,1,Verified Purchase,108
REV01561,user_0978,yoga mat,5,"Excellent yoga mat, exactly as described. Setup was easy and it works flawlessly right out of the box. Very satisfied, no complaints.",1,Verified Purchase,124
REV01562,user_0442,webcam,5,Best webcam I've ever purchased. Durable construction — dropped it a few times with no damage. 5 stars without hesitation.,1,Verified Purchase,88
REV01563,user_0086,webcam,5,Super happy with my webcam purchase. Much better than my previous one — noticeable improvement. Highly recommend to anyone looking for reliability.,1,Verified Purchase,69
REV01564,user_0995,tablet,1,Not as described — very misleading tablet listing. Loud rattling noise that makes it completely unusable. Worst purchase I've made this year.,0,,7
REV01565,user_0790,instant pot,1,This instant pot is cheaply made and falls apart. Loud rattling noise that makes it completely unusable. Worst purchase I've made this year.,0,,122
REV01566,user_0180,wireless headphones,5,"Fantastic wireless headphones, works perfectly. My whole family loves it and we've recommended it to friends. Will be buying more products from this brand.",1,,145
REV01567,user_0037,sunglasses,4,Best sunglasses I've ever purchased. I've been using it daily for weeks and it still works like new. Would definitely buy again!,1,,129
REV01568,user_0489,toaster oven,1,This toaster oven is a total scam. Took forever to arrive and the item was not as described at all. 1 star — would give zero if possible.,0,Verified Purchase,10
REV01569,user_0144,gaming mouse,5,Purchased this gaming mouse last month and love it. My whole family loves it and we've recommended it to friends. 10/10 would recommend!,1,Verified Purchase,49
REV01570,user_0856,fitness tracker,1,Deeply unsatisfied with this fitness tracker. Performance is terrible compared to competitors at the same price. 1 star — would give zero if possible.,0,Verified Purchase,101
REV01571,user_0222,sunglasses,5,Absolutely love this sunglasses! Battery life is phenomenal — lasts much longer than advertised. Will be buying more products from this brand.,1,,24
REV01572,user_0252,smart bulb,1,Worst smart bulb I have ever purchased. The quality is extremely poor and feels like it will break any day. 1 star — would give zero if possible.,0,Verified Purchase,16
REV01573,user_0962,blender,5,"Excellent blender, exactly as described. Customer support was very responsive when I had questions. A must-buy!",1,Verified Purchase,29
REV01574,user_0162,electric kettle,1,Not as described — very misleading electric kettle listing. The design looks nothing like the photos — very misleading listing. Requested a refund right away.,0,Verified Purchase,29
REV01575,user_0696,toaster oven,5,This toaster oven is a game changer. Comfortable to use for long periods without any fatigue. Would definitely buy again!,1,,94
REV01576,user_0569,wallet,5,This wallet exceeded my expectations. Fits perfectly and matches exactly what was shown in the photos. 10/10 would recommend!,1,Verified Purchase,113
REV01577,user_0891,robot vacuum,4,"Best robot vacuum I've ever purchased. The design is sleek and modern, looks great on my desk. Would definitely buy again!",1,,17
REV01578,user_0379,coffee maker,1,Not as described — very misleading coffee maker listing. The packaging was damaged and the product arrived broken. Returning this immediately.,0,Verified Purchase,102
REV01579,user_0328,coffee maker,5,Very impressed with this coffee maker. My whole family loves it and we've recommended it to friends. Highly recommend to anyone looking for reliability.,1,Verified Purchase,40
REV01580,user_0131,smartwatch,4,Super happy with my smartwatch purchase. The build quality is top-notch and it arrived quickly. 5 stars without hesitation.,1,Verified Purchase,53
REV01581,user_0864,screen protector,2,Regret buying this screen protector. Customer support never responded to my multiple messages. 1 star — would give zero if possible.,0,Verified Purchase,2
REV01582,user_0141,backpack,1,"Poor quality backpack, save your money. Performance is terrible compared to competitors at the same price. Returning this immediately.",0,,14
REV01583,user_0233,wallet,2,"Faulty wallet, does not work as advertised. Connection drops constantly and the device overheats quickly. Returning this immediately.",0,,142
REV01584,user_0441,smartwatch,1,Zero stars if I could for this smartwatch. Instructions were incomprehensible and setup took hours. 1 star — would give zero if possible.,0,Verified Purchase,3
REV01585,user_0146,fitness tracker,1,"Faulty fitness tracker, does not work as advertised. Cheaply made materials that scratched and peeled after first use. Requested a refund right away.",0,Verified Purchase,149
REV01586,user_0868,air purifier,1,This air purifier is cheaply made and falls apart. Customer support never responded to my multiple messages. Requested a refund right away.,0,Verified Purchase,88
REV01587,user_0177,monitor,1,Not as described — very misleading monitor listing. The packaging was damaged and the product arrived broken. Buyer beware — stay far away.,0,Verified Purchase,24
REV01588,user_0522,air purifier,2,This air purifier broke within days. Performance is terrible compared to competitors at the same price. Very angry and will not buy from this seller again.,0,Verified Purchase,70
REV01589,user_0018,air purifier,1,"Terrible air purifier, complete waste of money. Took forever to arrive and the item was not as described at all. Buyer beware — stay far away.",0,Verified Purchase,75
REV01590,user_0700,e-reader,4,Absolutely love this e-reader! Fits perfectly and matches exactly what was shown in the photos. Would definitely buy again!,1,Verified Purchase,24
REV01591,user_0316,webcam,1,"Terrible webcam, complete waste of money. Very uncomfortable to use and causes strain after just minutes. Absolute rubbish.",0,Verified Purchase,87
REV01592,user_0449,webcam,4,Best webcam I've ever purchased. The performance quality is incredible for the price. 5 stars without hesitation.,1,,93
REV01593,user_0108,sunglasses,1,This sunglasses broke within days. Already broke and I only used it twice — total waste of money. 1 star — would give zero if possible.,0,Verified Purchase,100
REV01594,user_0112,gaming mouse,5,"This gaming mouse is a game changer. The design is sleek and modern, looks great on my desk. 10/10 would recommend!",1,Verified Purchase,46
REV01595,user_0448,running shoes,5,"Excellent running shoes, exactly as described. The design is sleek and modern, looks great on my desk. Highly recommend to anyone looking for reliability.",1,,80
REV01596,user_0030,screen protector,2,This screen protector stopped working after one week. Instructions were incomprehensible and setup took hours. Buyer beware — stay far away.,0,Verified Purchase,42
REV01597,user_0268,electric kettle,4,"Excellent electric kettle, exactly as described. Much better than my previous one — noticeable improvement. 10/10 would recommend!",1,,45
REV01598,user_0090,coffee maker,1,Worst coffee maker I have ever purchased. Already broke and I only used it twice — total waste of money. Very angry and will not buy from this seller again.,0,,113
REV01599,user_0378,USB hub,5,Purchased this USB hub last month and love it. Battery life is phenomenal — lasts much longer than advertised. Already ordered a second one as a gift.,1,,129
REV01600,user_0485,water bottle,5,"Outstanding water bottle, five stars. Fits perfectly and matches exactly what was shown in the photos. A must-buy!",1,Verified Purchase,64
REV01601,user_0727,monitor,5,"Amazing quality monitor, highly recommend. Comfortable to use for long periods without any fatigue. Very satisfied, no complaints.",1,Verified Purchase,132
REV01602,user_0358,air purifier,1,"Terrible air purifier, complete waste of money. Took forever to arrive and the item was not as described at all. Do not waste your money.",0,Verified Purchase,73
REV01603,user_0499,phone case,1,"Terrible phone case, complete waste of money. Took forever to arrive and the item was not as described at all. Requested a refund right away.",0,Verified Purchase,74
REV01604,user_0437,e-reader,1,"Faulty e-reader, does not work as advertised. Performance is terrible compared to competitors at the same price. Do not waste your money.",0,Verified Purchase,50
REV01605,user_0340,phone case,2,"Poor quality phone case, save your money. Cheaply made materials that scratched and peeled after first use. Returning this immediately.",0,,111
REV01606,user_0943,running shoes,5,This running shoes is a game changer. Packaging was great and the product feels premium. Highly recommend to anyone looking for reliability.,1,,27
REV01607,user_0309,coffee maker,1,"Faulty coffee maker, does not work as advertised. Already broke and I only used it twice — total waste of money. Buyer beware — stay far away.",0,Verified Purchase,85
REV01608,user_0806,USB hub,5,This USB hub is worth every penny. Battery life is phenomenal — lasts much longer than advertised. Already ordered a second one as a gift.,1,Verified Purchase,17
REV01609,user_0731,gaming mouse,5,This gaming mouse is worth every penny. Battery life is phenomenal — lasts much longer than advertised. 5 stars without hesitation.,1,Verified Purchase,46
REV01610,user_0280,laptop stand,5,"Outstanding laptop stand, five stars. Comfortable to use for long periods without any fatigue. 5 stars without hesitation.",1,Verified Purchase,104
REV01611,user_0841,tablet,1,Do NOT buy this tablet. Instructions were incomprehensible and setup took hours. Buyer beware — stay far away.,0,,61
REV01612,user_0186,webcam,5,"Fantastic webcam, works perfectly. Fits perfectly and matches exactly what was shown in the photos. 10/10 would recommend!",1,,91
REV01613,user_0580,coffee maker,1,This coffee maker broke within days. Cheaply made materials that scratched and peeled after first use. Worst purchase I've made this year.,0,Verified Purchase,34
REV01614,user_0065,fitness tracker,1,Zero stars if I could for this fitness tracker. Cheaply made materials that scratched and peeled after first use. Buyer beware — stay far away.,0,,78
REV01615,user_0261,water bottle,1,Regret buying this water bottle. Performance is terrible compared to competitors at the same price. Buyer beware — stay far away.,0,Verified Purchase,111
REV01616,user_0050,smartwatch,5,Very impressed with this smartwatch. Much better than my previous one — noticeable improvement. 10/10 would recommend!,1,,72
REV01617,user_0761,mechanical keyboard,1,Very disappointed with this mechanical keyboard. Battery dies within an hour — completely unusable for daily tasks. Returning this immediately.,0,Verified Purchase,148
REV01618,user_0654,webcam,5,Purchased this webcam last month and love it. Much better than my previous one — noticeable improvement. 10/10 would recommend!,1,Verified Purchase,49
REV01619,user_0267,blender,1,This blender broke within days. Battery dies within an hour — completely unusable for daily tasks. Absolute rubbish.,0,Verified Purchase,52
REV01620,user_0399,tablet,4,This tablet exceeded my expectations. The performance quality is incredible for the price. A must-buy!,1,Verified Purchase,1
REV01621,user_0670,yoga mat,5,"Solid yoga mat, highly satisfied. Fits perfectly and matches exactly what was shown in the photos. Would definitely buy again!",1,Verified Purchase,101
REV01622,user_0182,e-reader,1,Regret buying this e-reader. The packaging was damaged and the product arrived broken. Requested a refund right away.,0,Verified Purchase,118
REV01623,user_0934,monitor,4,"Fantastic monitor, works perfectly. I've been using it daily for weeks and it still works like new. Will be buying more products from this brand.",1,Verified Purchase,131
REV01624,user_0360,running shoes,1,Worst running shoes I have ever purchased. Very uncomfortable to use and causes strain after just minutes. Very angry and will not buy from this seller again.,0,Verified Purchase,102
REV01625,user_0963,smartwatch,2,This smartwatch is cheaply made and falls apart. Battery dies within an hour — completely unusable for daily tasks. Worst purchase I've made this year.,0,Verified Purchase,140
REV01626,user_0267,smartwatch,1,"Terrible smartwatch, complete waste of money. Very uncomfortable to use and causes strain after just minutes. Do not waste your money.",0,,134
REV01627,user_0658,smart bulb,4,Purchased this smart bulb last month and love it. The performance quality is incredible for the price. Will be buying more products from this brand.,1,Verified Purchase,53
REV01628,user_0381,USB hub,5,"Fantastic USB hub, works perfectly. The performance quality is incredible for the price. Very satisfied, no complaints.",1,Verified Purchase,99
REV01629,user_0066,backpack,1,Worst backpack I have ever purchased. Instructions were incomprehensible and setup took hours. Do not waste your money.,0,,55
REV01630,user_0852,charging cable,4,This charging cable is worth every penny. The performance quality is incredible for the price. A must-buy!,1,Verified Purchase,132
REV01631,user_0010,gaming mouse,1,This gaming mouse is cheaply made and falls apart. The packaging was damaged and the product arrived broken. Requested a refund right away.,0,Verified Purchase,149
REV01632,user_0870,fitness tracker,1,This fitness tracker stopped working after one week. Loud rattling noise that makes it completely unusable. Worst purchase I've made this year.,0,,147
REV01633,user_0956,instant pot,5,Very impressed with this instant pot. Connectivity is seamless and lag-free every single time. A must-buy!,1,Verified Purchase,48
REV01634,user_0868,webcam,5,This webcam exceeded my expectations. Comfortable to use for long periods without any fatigue. Highly recommend to anyone looking for reliability.,1,Verified Purchase,67
REV01635,user_0390,phone case,2,This phone case stopped working after one week. Instructions were incomprehensible and setup took hours. Requested a refund right away.,0,Verified Purchase,77
REV01636,user_0947,running shoes,1,Zero stars if I could for this running shoes. Cheaply made materials that scratched and peeled after first use. Worst purchase I've made this year.,0,Verified Purchase,95
REV01637,user_0214,yoga mat,2,Not as described — very misleading yoga mat listing. Customer support never responded to my multiple messages. Do not waste your money.,0,Verified Purchase,35
REV01638,user_0329,instant pot,5,Best instant pot I've ever purchased. Packaging was great and the product feels premium. Would definitely buy again!,1,Verified Purchase,102
REV01639,user_0747,wireless headphones,1,Deeply unsatisfied with this wireless headphones. Took forever to arrive and the item was not as described at all. Worst purchase I've made this year.,0,Verified Purchase,103
REV01640,user_0401,resistance bands,1,Do NOT buy this resistance bands. Very uncomfortable to use and causes strain after just minutes. 1 star — would give zero if possible.,0,Verified Purchase,141
REV01641,user_0707,instant pot,4,Great value for money instant pot. Packaging was great and the product feels premium. A must-buy!,1,Verified Purchase,26
REV01642,user_0563,toaster oven,2,This toaster oven broke within days. Loud rattling noise that makes it completely unusable. Worst purchase I've made this year.,0,,113
REV01643,user_0634,tablet,1,Not as described — very misleading tablet listing. Took forever to arrive and the item was not as described at all. Worst purchase I've made this year.,0,Verified Purchase,125
REV01644,user_0608,e-reader,5,Best e-reader I've ever purchased. Customer support was very responsive when I had questions. A must-buy!,1,,50
REV01645,user_0877,smart bulb,2,This smart bulb is a total scam. The packaging was damaged and the product arrived broken. 1 star — would give zero if possible.,0,Verified Purchase,43
REV01646,user_0427,charging cable,1,"Poor quality charging cable, save your money. Customer support never responded to my multiple messages. Returning this immediately.",0,Verified Purchase,81
REV01647,user_0509,power bank,5,Purchased this power bank last month and love it. Fits perfectly and matches exactly what was shown in the photos. A must-buy!,1,Verified Purchase,97
REV01648,user_0024,coffee maker,1,Not as described — very misleading coffee maker listing. Already broke and I only used it twice — total waste of money. Worst purchase I've made this year.,0,Verified Purchase,23
REV01649,user_0330,laptop stand,5,Very impressed with this laptop stand. Connectivity is seamless and lag-free every single time. A must-buy!,1,Verified Purchase,106
REV01650,user_0084,instant pot,1,"Poor quality instant pot, save your money. Instructions were incomprehensible and setup took hours. Absolute rubbish.",0,Verified Purchase,2
REV01651,user_0856,robot vacuum,5,"This robot vacuum exceeded my expectations. The design is sleek and modern, looks great on my desk. Highly recommend to anyone looking for reliability.",1,Verified Purchase,53
REV01652,user_0390,USB hub,5,Super happy with my USB hub purchase. Setup was easy and it works flawlessly right out of the box. A must-buy!,1,Verified Purchase,140
REV01653,user_0723,USB hub,5,This USB hub is a game changer. Setup was easy and it works flawlessly right out of the box. Highly recommend to anyone looking for reliability.,1,,74
REV01654,user_0881,blender,5,"Solid blender, highly satisfied. The build quality is top-notch and it arrived quickly. Would definitely buy again!",1,,12
REV01655,user_0546,instant pot,5,This instant pot exceeded my expectations. Durable construction — dropped it a few times with no damage. 10/10 would recommend!,1,Verified Purchase,64
REV01656,user_0590,yoga mat,5,"Outstanding yoga mat, five stars. The performance quality is incredible for the price. Very satisfied, no complaints.",1,,101
REV01657,user_0341,webcam,5,"Outstanding webcam, five stars. Battery life is phenomenal — lasts much longer than advertised. A must-buy!",1,Verified Purchase,81
REV01658,user_0116,resistance bands,1,"Faulty resistance bands, does not work as advertised. Instructions were incomprehensible and setup took hours. Returning this immediately.",0,Verified Purchase,109
REV01659,user_0270,gaming mouse,5,"Solid gaming mouse, highly satisfied. I've been using it daily for weeks and it still works like new. 5 stars without hesitation.",1,Verified Purchase,19
REV01660,user_0030,earbuds,2,Regret buying this earbuds. The design looks nothing like the photos — very misleading listing. Buyer beware — stay far away.,0,Verified Purchase,103
REV01661,user_0367,e-reader,5,"Super happy with my e-reader purchase. Much better than my previous one — noticeable improvement. Very satisfied, no complaints.",1,,94
REV01662,user_0494,smartwatch,1,"Poor quality smartwatch, save your money. The design looks nothing like the photos — very misleading listing. Returning this immediately.",0,Verified Purchase,114
REV01663,user_0352,coffee maker,5,"Amazing quality coffee maker, highly recommend. Packaging was great and the product feels premium. A must-buy!",1,Verified Purchase,150
REV01664,user_0764,water bottle,1,Do NOT buy this water bottle. Loud rattling noise that makes it completely unusable. 1 star — would give zero if possible.,0,Verified Purchase,4
REV01665,user_0124,charging cable,5,"Amazing quality charging cable, highly recommend. Much better than my previous one — noticeable improvement. 5 stars without hesitation.",1,Verified Purchase,102
REV01666,user_0405,e-reader,5,Very impressed with this e-reader. Fits perfectly and matches exactly what was shown in the photos. A must-buy!,1,Verified Purchase,33
REV01667,user_0735,fitness tracker,5,Couldn't be happier with this fitness tracker. Setup was easy and it works flawlessly right out of the box. Would definitely buy again!,1,Verified Purchase,3
REV01668,user_0960,power bank,4,"Outstanding power bank, five stars. The design is sleek and modern, looks great on my desk. Very satisfied, no complaints.",1,Verified Purchase,116
REV01669,user_0038,mechanical keyboard,1,Regret buying this mechanical keyboard. It stopped working completely after just a few days of light use. Very angry and will not buy from this seller again.,0,Verified Purchase,6
REV01670,user_0568,tablet,1,Worst tablet I have ever purchased. Very uncomfortable to use and causes strain after just minutes. Buyer beware — stay far away.,0,Verified Purchase,130
REV01671,user_0937,wallet,1,This wallet stopped working after one week. The design looks nothing like the photos — very misleading listing. Very angry and will not buy from this seller again.,0,,20
REV01672,user_0747,fitness tracker,5,"Outstanding fitness tracker, five stars. Battery life is phenomenal — lasts much longer than advertised. Will be buying more products from this brand.",1,,19
REV01673,user_0573,water bottle,1,"Faulty water bottle, does not work as advertised. Loud rattling noise that makes it completely unusable. Absolute rubbish.",0,Verified Purchase,17
REV01674,user_0149,coffee maker,2,Very disappointed with this coffee maker. Very uncomfortable to use and causes strain after just minutes. Worst purchase I've made this year.,0,,50
REV01675,user_0046,monitor,5,This monitor exceeded my expectations. Connectivity is seamless and lag-free every single time. Will be buying more products from this brand.,1,,70
REV01676,user_0412,resistance bands,1,"Faulty resistance bands, does not work as advertised. Performance is terrible compared to competitors at the same price. Returning this immediately.",0,Verified Purchase,122
REV01677,user_0933,bluetooth speaker,1,"Terrible bluetooth speaker, complete waste of money. Connection drops constantly and the device overheats quickly. Very angry and will not buy from this seller again.",0,Verified Purchase,140
REV01678,user_0800,power bank,5,This power bank exceeded my expectations. I've been using it daily for weeks and it still works like new. A must-buy!,1,Verified Purchase,44
REV01679,user_0381,smart bulb,5,"Fantastic smart bulb, works perfectly. Setup was easy and it works flawlessly right out of the box. 10/10 would recommend!",1,,77
REV01680,user_0279,tablet,2,Worst tablet I have ever purchased. Already broke and I only used it twice — total waste of money. Requested a refund right away.,0,Verified Purchase,121
REV01681,user_0933,backpack,5,This backpack is a game changer. I've been using it daily for weeks and it still works like new. Already ordered a second one as a gift.,1,Verified Purchase,84
REV01682,user_0954,coffee maker,5,This coffee maker is a game changer. The performance quality is incredible for the price. Highly recommend to anyone looking for reliability.,1,Verified Purchase,92
REV01683,user_0771,wireless headphones,5,Super happy with my wireless headphones purchase. Packaging was great and the product feels premium. Already ordered a second one as a gift.,1,Verified Purchase,147
REV01684,user_0359,running shoes,5,"Amazing quality running shoes, highly recommend. Connectivity is seamless and lag-free every single time. 10/10 would recommend!",1,Verified Purchase,108
REV01685,user_0232,smart bulb,5,"Amazing quality smart bulb, highly recommend. Setup was easy and it works flawlessly right out of the box. Highly recommend to anyone looking for reliability.",1,,100
REV01686,user_0586,smart bulb,4,"Excellent smart bulb, exactly as described. Setup was easy and it works flawlessly right out of the box. 5 stars without hesitation.",1,Verified Purchase,143
REV01687,user_0378,sunglasses,5,"Couldn't be happier with this sunglasses. Fits perfectly and matches exactly what was shown in the photos. Very satisfied, no complaints.",1,Verified Purchase,132
REV01688,user_0845,gaming mouse,1,Not as described — very misleading gaming mouse listing. Performance is terrible compared to competitors at the same price. Absolute rubbish.,0,Verified Purchase,69
REV01689,user_0012,smartwatch,5,Best smartwatch I've ever purchased. I've been using it daily for weeks and it still works like new. 5 stars without hesitation.,1,Verified Purchase,15
REV01690,user_0481,power bank,4,"Outstanding power bank, five stars. Setup was easy and it works flawlessly right out of the box. A must-buy!",1,Verified Purchase,96
REV01691,user_0210,instant pot,1,This instant pot is a total scam. Cheaply made materials that scratched and peeled after first use. Do not waste your money.,0,Verified Purchase,58
REV01692,user_0575,coffee maker,5,This coffee maker is worth every penny. Setup was easy and it works flawlessly right out of the box. Already ordered a second one as a gift.,1,Verified Purchase,45
REV01693,user_0788,bluetooth speaker,5,"Solid bluetooth speaker, highly satisfied. Customer support was very responsive when I had questions. Would definitely buy again!",1,Verified Purchase,9
REV01694,user_0296,coffee maker,1,"Terrible coffee maker, complete waste of money. Cheaply made materials that scratched and peeled after first use. Buyer beware — stay far away.",0,Verified Purchase,141
REV01695,user_0476,robot vacuum,2,"Huge disappointment, expected much better from this robot vacuum. Connection drops constantly and the device overheats quickly. Returning this immediately.",0,Verified Purchase,81
REV01696,user_0574,webcam,2,Zero stars if I could for this webcam. It stopped working completely after just a few days of light use. Buyer beware — stay far away.,0,Verified Purchase,16
REV01697,user_0682,robot vacuum,1,Deeply unsatisfied with this robot vacuum. Cheaply made materials that scratched and peeled after first use. Returning this immediately.,0,,29
REV01698,user_0514,blender,4,Great value for money blender. Connectivity is seamless and lag-free every single time. 10/10 would recommend!,1,Verified Purchase,112
REV01699,user_0974,air purifier,5,Purchased this air purifier last month and love it. Customer support was very responsive when I had questions. Already ordered a second one as a gift.,1,Verified Purchase,93
REV01700,user_0788,sunglasses,1,"Huge disappointment, expected much better from this sunglasses. Loud rattling noise that makes it completely unusable. Very angry and will not buy from this seller again.",0,Verified Purchase,68
REV01701,user_0706,laptop stand,1,This laptop stand is cheaply made and falls apart. Already broke and I only used it twice — total waste of money. Returning this immediately.,0,Verified Purchase,62
REV01702,user_0211,charging cable,5,This charging cable exceeded my expectations. Durable construction — dropped it a few times with no damage. Will be buying more products from this brand.,1,Verified Purchase,46
REV01703,user_0186,smart bulb,1,Deeply unsatisfied with this smart bulb. Took forever to arrive and the item was not as described at all. Worst purchase I've made this year.,0,Verified Purchase,108
REV01704,user_0578,monitor,2,This monitor is cheaply made and falls apart. The packaging was damaged and the product arrived broken. Do not waste your money.,0,Verified Purchase,23
REV01705,user_0855,electric kettle,1,Do NOT buy this electric kettle. Cheaply made materials that scratched and peeled after first use. Requested a refund right away.,0,Verified Purchase,138
REV01706,user_0624,smart bulb,4,"Outstanding smart bulb, five stars. Packaging was great and the product feels premium. A must-buy!",1,Verified Purchase,7
REV01707,user_0122,electric kettle,5,"Fantastic electric kettle, works perfectly. Setup was easy and it works flawlessly right out of the box. 5 stars without hesitation.",1,Verified Purchase,137
REV01708,user_0683,yoga mat,1,Not as described — very misleading yoga mat listing. The quality is extremely poor and feels like it will break any day. Do not waste your money.,0,,4
REV01709,user_0427,earbuds,1,"Faulty earbuds, does not work as advertised. Instructions were incomprehensible and setup took hours. Absolute rubbish.",0,Verified Purchase,96
REV01710,user_0234,power bank,4,Couldn't be happier with this power bank. Connectivity is seamless and lag-free every single time. Highly recommend to anyone looking for reliability.,1,Verified Purchase,11
REV01711,user_0564,toaster oven,2,Zero stars if I could for this toaster oven. Cheaply made materials that scratched and peeled after first use. Buyer beware — stay far away.,0,Verified Purchase,55
REV01712,user_0263,blender,5,"Amazing quality blender, highly recommend. Durable construction — dropped it a few times with no damage. Will be buying more products from this brand.",1,Verified Purchase,137
REV01713,user_0179,fitness tracker,4,This fitness tracker is a game changer. Durable construction — dropped it a few times with no damage. A must-buy!,1,Verified Purchase,90
REV01714,user_0379,mechanical keyboard,1,Worst mechanical keyboard I have ever purchased. Customer support never responded to my multiple messages. Very angry and will not buy from this seller again.,0,Verified Purchase,130
REV01715,user_0055,screen protector,5,"Fantastic screen protector, works perfectly. Customer support was very responsive when I had questions. A must-buy!",1,,69
REV01716,user_0974,gaming mouse,2,"Terrible gaming mouse, complete waste of money. Cheaply made materials that scratched and peeled after first use. Do not waste your money.",0,Verified Purchase,141
REV01717,user_0197,yoga mat,1,This yoga mat is cheaply made and falls apart. The packaging was damaged and the product arrived broken. Returning this immediately.,0,Verified Purchase,130
REV01718,user_0253,phone case,1,Worst phone case I have ever purchased. It stopped working completely after just a few days of light use. Buyer beware — stay far away.,0,,27
REV01719,user_0344,earbuds,1,Deeply unsatisfied with this earbuds. Performance is terrible compared to competitors at the same price. Requested a refund right away.,0,Verified Purchase,12
REV01720,user_0934,electric kettle,1,This electric kettle stopped working after one week. The quality is extremely poor and feels like it will break any day. Requested a refund right away.,0,Verified Purchase,111
REV01721,user_0595,mechanical keyboard,2,Deeply unsatisfied with this mechanical keyboard. Customer support never responded to my multiple messages. Returning this immediately.,0,Verified Purchase,94
REV01722,user_0719,yoga mat,1,"Faulty yoga mat, does not work as advertised. Cheaply made materials that scratched and peeled after first use. Worst purchase I've made this year.",0,Verified Purchase,111
REV01723,user_0892,USB hub,4,This USB hub exceeded my expectations. I've been using it daily for weeks and it still works like new. Highly recommend to anyone looking for reliability.,1,Verified Purchase,27
REV01724,user_0458,bluetooth speaker,4,This bluetooth speaker is worth every penny. Setup was easy and it works flawlessly right out of the box. Highly recommend to anyone looking for reliability.,1,,119
REV01725,user_0775,robot vacuum,5,"Fantastic robot vacuum, works perfectly. Much better than my previous one — noticeable improvement. Very satisfied, no complaints.",1,,87
REV01726,user_0968,tablet,1,This tablet broke within days. Customer support never responded to my multiple messages. Do not waste your money.,0,Verified Purchase,147
REV01727,user_0055,electric kettle,5,Super happy with my electric kettle purchase. The build quality is top-notch and it arrived quickly. Would definitely buy again!,1,,53
REV01728,user_0427,wireless headphones,5,Absolutely love this wireless headphones! The performance quality is incredible for the price. Highly recommend to anyone looking for reliability.,1,,32
REV01729,user_0373,mechanical keyboard,2,This mechanical keyboard is cheaply made and falls apart. The quality is extremely poor and feels like it will break any day. Very angry and will not buy from this seller again.,0,Verified Purchase,7
REV01730,user_0381,coffee maker,4,Absolutely love this coffee maker! Customer support was very responsive when I had questions. 5 stars without hesitation.,1,Verified Purchase,95
REV01731,user_0950,e-reader,5,"Great value for money e-reader. The design is sleek and modern, looks great on my desk. Already ordered a second one as a gift.",1,Verified Purchase,42
REV01732,user_0746,webcam,1,Worst webcam I have ever purchased. The quality is extremely poor and feels like it will break any day. Requested a refund right away.,0,Verified Purchase,18
REV01733,user_0673,sunglasses,5,Great value for money sunglasses. I've been using it daily for weeks and it still works like new. 5 stars without hesitation.,1,Verified Purchase,24
REV01734,user_0471,earbuds,5,Purchased this earbuds last month and love it. Much better than my previous one — noticeable improvement. 10/10 would recommend!,1,Verified Purchase,101
REV01735,user_0410,wireless headphones,2,"Faulty wireless headphones, does not work as advertised. Loud rattling noise that makes it completely unusable. Absolute rubbish.",0,Verified Purchase,11
REV01736,user_0100,fitness tracker,5,"Very impressed with this fitness tracker. The design is sleek and modern, looks great on my desk. Very satisfied, no complaints.",1,,115
REV01737,user_0330,coffee maker,2,"Huge disappointment, expected much better from this coffee maker. The packaging was damaged and the product arrived broken. 1 star — would give zero if possible.",0,Verified Purchase,83
REV01738,user_0966,wallet,2,This wallet is a total scam. The design looks nothing like the photos — very misleading listing. Do not waste your money.,0,Verified Purchase,143
REV01739,user_0467,charging cable,5,Absolutely love this charging cable! Setup was easy and it works flawlessly right out of the box. Highly recommend to anyone looking for reliability.,1,Verified Purchase,69
REV01740,user_0604,fitness tracker,4,This fitness tracker exceeded my expectations. Setup was easy and it works flawlessly right out of the box. 5 stars without hesitation.,1,,89
REV01741,user_0849,blender,5,"Outstanding blender, five stars. Customer support was very responsive when I had questions. Already ordered a second one as a gift.",1,Verified Purchase,25
REV01742,user_0486,webcam,2,Regret buying this webcam. Performance is terrible compared to competitors at the same price. Requested a refund right away.,0,Verified Purchase,20
REV01743,user_0688,charging cable,1,"Terrible charging cable, complete waste of money. The quality is extremely poor and feels like it will break any day. Very angry and will not buy from this seller again.",0,Verified Purchase,27
REV01744,user_0871,yoga mat,5,Very impressed with this yoga mat. The performance quality is incredible for the price. Already ordered a second one as a gift.,1,Verified Purchase,10
REV01745,user_0189,sunglasses,1,"Terrible sunglasses, complete waste of money. Very uncomfortable to use and causes strain after just minutes. Very angry and will not buy from this seller again.",0,Verified Purchase,31
REV01746,user_0360,electric kettle,4,This electric kettle exceeded my expectations. Packaging was great and the product feels premium. 10/10 would recommend!,1,,105
REV01747,user_0860,blender,5,"Excellent blender, exactly as described. My whole family loves it and we've recommended it to friends. A must-buy!",1,Verified Purchase,2
REV01748,user_0931,e-reader,1,This e-reader broke within days. Instructions were incomprehensible and setup took hours. Very angry and will not buy from this seller again.,0,Verified Purchase,0
REV01749,user_0836,screen protector,5,"Outstanding screen protector, five stars. Battery life is phenomenal — lasts much longer than advertised. 5 stars without hesitation.",1,Verified Purchase,101
REV01750,user_0745,monitor,5,This monitor is a game changer. Connectivity is seamless and lag-free every single time. Highly recommend to anyone looking for reliability.,1,Verified Purchase,83
REV01751,user_0255,gaming mouse,1,This gaming mouse broke within days. The packaging was damaged and the product arrived broken. Absolute rubbish.,0,Verified Purchase,45
REV01752,user_0561,webcam,1,"Faulty webcam, does not work as advertised. The quality is extremely poor and feels like it will break any day. 1 star — would give zero if possible.",0,Verified Purchase,140
REV01753,user_0091,bluetooth speaker,2,Not as described — very misleading bluetooth speaker listing. Already broke and I only used it twice — total waste of money. Buyer beware — stay far away.,0,Verified Purchase,39
REV01754,user_0859,toaster oven,1,Not as described — very misleading toaster oven listing. Instructions were incomprehensible and setup took hours. Requested a refund right away.,0,,4
REV01755,user_0451,USB hub,2,Do NOT buy this USB hub. Already broke and I only used it twice — total waste of money. Requested a refund right away.,0,Verified Purchase,20
REV01756,user_0713,screen protector,5,Best screen protector I've ever purchased. The build quality is top-notch and it arrived quickly. Will be buying more products from this brand.,1,Verified Purchase,120
REV01757,user_0175,wireless headphones,1,This wireless headphones broke within days. Performance is terrible compared to competitors at the same price. Very angry and will not buy from this seller again.,0,,10
REV01758,user_0332,laptop stand,5,"Great value for money laptop stand. Setup was easy and it works flawlessly right out of the box. Very satisfied, no complaints.",1,Verified Purchase,103
REV01759,user_0815,wireless headphones,2,"Faulty wireless headphones, does not work as advertised. Already broke and I only used it twice — total waste of money. Returning this immediately.",0,Verified Purchase,26
REV01760,user_0635,USB hub,4,"This USB hub exceeded my expectations. The design is sleek and modern, looks great on my desk. Very satisfied, no complaints.",1,,20
REV01761,user_0223,wallet,4,"Excellent wallet, exactly as described. My whole family loves it and we've recommended it to friends. Would definitely buy again!",1,Verified Purchase,148
REV01762,user_0792,smartwatch,5,Super happy with my smartwatch purchase. Setup was easy and it works flawlessly right out of the box. Would definitely buy again!,1,Verified Purchase,20
REV01763,user_0463,smart bulb,2,This smart bulb is cheaply made and falls apart. It stopped working completely after just a few days of light use. Returning this immediately.,0,,84
REV01764,user_0527,e-reader,1,This e-reader broke within days. The packaging was damaged and the product arrived broken. Absolute rubbish.,0,Verified Purchase,2
REV01765,user_0271,webcam,5,"This webcam is worth every penny. I've been using it daily for weeks and it still works like new. Very satisfied, no complaints.",1,,124
REV01766,user_0008,electric kettle,5,"Solid electric kettle, highly satisfied. My whole family loves it and we've recommended it to friends. Highly recommend to anyone looking for reliability.",1,Verified Purchase,66
REV01767,user_0773,mechanical keyboard,2,This mechanical keyboard broke within days. Took forever to arrive and the item was not as described at all. Absolute rubbish.,0,Verified Purchase,26
REV01768,user_0872,wireless headphones,2,Not as described — very misleading wireless headphones listing. Battery dies within an hour — completely unusable for daily tasks. 1 star — would give zero if possible.,0,Verified Purchase,41
REV01769,user_0017,monitor,1,Not as described — very misleading monitor listing. Instructions were incomprehensible and setup took hours. Do not waste your money.,0,,37
REV01770,user_0275,charging cable,5,"Outstanding charging cable, five stars. The design is sleek and modern, looks great on my desk. Already ordered a second one as a gift.",1,,144
REV01771,user_0115,yoga mat,2,Deeply unsatisfied with this yoga mat. Took forever to arrive and the item was not as described at all. Very angry and will not buy from this seller again.,0,,116
REV01772,user_0205,sunglasses,2,This sunglasses is cheaply made and falls apart. Took forever to arrive and the item was not as described at all. Returning this immediately.,0,Verified Purchase,96
REV01773,user_0132,electric kettle,2,"Faulty electric kettle, does not work as advertised. The design looks nothing like the photos — very misleading listing. Returning this immediately.",0,,76
REV01774,user_0422,wireless headphones,4,"Excellent wireless headphones, exactly as described. The build quality is top-notch and it arrived quickly. Highly recommend to anyone looking for reliability.",1,Verified Purchase,134
REV01775,user_0341,bluetooth speaker,2,"Poor quality bluetooth speaker, save your money. Cheaply made materials that scratched and peeled after first use. Very angry and will not buy from this seller again.",0,Verified Purchase,104
REV01776,user_0400,air purifier,4,"Fantastic air purifier, works perfectly. The performance quality is incredible for the price. Very satisfied, no complaints.",1,Verified Purchase,26
REV01777,user_0634,monitor,4,"Excellent monitor, exactly as described. Setup was easy and it works flawlessly right out of the box. A must-buy!",1,Verified Purchase,82
REV01778,user_0097,tablet,1,This tablet is a total scam. Very uncomfortable to use and causes strain after just minutes. Requested a refund right away.,0,Verified Purchase,79
REV01779,user_0993,webcam,1,"Poor quality webcam, save your money. Loud rattling noise that makes it completely unusable. Requested a refund right away.",0,,101
REV01780,user_0422,power bank,2,Do NOT buy this power bank. Took forever to arrive and the item was not as described at all. Buyer beware — stay far away.,0,Verified Purchase,128
REV01781,user_0818,smart bulb,5,"Solid smart bulb, highly satisfied. The performance quality is incredible for the price. 5 stars without hesitation.",1,Verified Purchase,28
REV01782,user_0063,wallet,4,"Excellent wallet, exactly as described. Connectivity is seamless and lag-free every single time. Highly recommend to anyone looking for reliability.",1,Verified Purchase,1
REV01783,user_0820,wireless headphones,1,Zero stars if I could for this wireless headphones. Performance is terrible compared to competitors at the same price. Very angry and will not buy from this seller again.,0,,64
REV01784,user_0905,wireless headphones,5,Purchased this wireless headphones last month and love it. Durable construction — dropped it a few times with no damage. Would definitely buy again!,1,Verified Purchase,28
REV01785,user_0337,air purifier,5,"Amazing quality air purifier, highly recommend. Setup was easy and it works flawlessly right out of the box. Highly recommend to anyone looking for reliability.",1,Verified Purchase,48
REV01786,user_0953,blender,5,Purchased this blender last month and love it. Much better than my previous one — noticeable improvement. A must-buy!,1,Verified Purchase,58
REV01787,user_0258,toaster oven,5,Couldn't be happier with this toaster oven. Comfortable to use for long periods without any fatigue. 5 stars without hesitation.,1,,27
REV01788,user_0951,USB hub,5,Purchased this USB hub last month and love it. Durable construction — dropped it a few times with no damage. Already ordered a second one as a gift.,1,Verified Purchase,62
REV01789,user_0924,monitor,1,This monitor stopped working after one week. It stopped working completely after just a few days of light use. Absolute rubbish.,0,Verified Purchase,83
REV01790,user_0350,e-reader,4,This e-reader is worth every penny. Connectivity is seamless and lag-free every single time. Already ordered a second one as a gift.,1,,109
REV01791,user_0462,robot vacuum,1,This robot vacuum stopped working after one week. Instructions were incomprehensible and setup took hours. Buyer beware — stay far away.,0,Verified Purchase,121
REV01792,user_0983,backpack,5,"Excellent backpack, exactly as described. Comfortable to use for long periods without any fatigue. Would definitely buy again!",1,Verified Purchase,147
REV01793,user_0044,power bank,5,"Amazing quality power bank, highly recommend. Connectivity is seamless and lag-free every single time. Already ordered a second one as a gift.",1,,20
REV01794,user_0500,e-reader,1,Zero stars if I could for this e-reader. The quality is extremely poor and feels like it will break any day. Returning this immediately.,0,Verified Purchase,129
REV01795,user_0174,wallet,2,Regret buying this wallet. Customer support never responded to my multiple messages. Worst purchase I've made this year.,0,Verified Purchase,127
REV01796,user_0688,smart bulb,1,Zero stars if I could for this smart bulb. Loud rattling noise that makes it completely unusable. Absolute rubbish.,0,Verified Purchase,119
REV01797,user_0210,running shoes,2,"Poor quality running shoes, save your money. Connection drops constantly and the device overheats quickly. Buyer beware — stay far away.",0,Verified Purchase,33
REV01798,user_0554,gaming mouse,1,Deeply unsatisfied with this gaming mouse. It stopped working completely after just a few days of light use. Do not waste your money.,0,Verified Purchase,75
REV01799,user_0145,coffee maker,2,Not as described — very misleading coffee maker listing. The packaging was damaged and the product arrived broken. Worst purchase I've made this year.,0,Verified Purchase,44
REV01800,user_0532,bluetooth speaker,5,Very impressed with this bluetooth speaker. The performance quality is incredible for the price. 10/10 would recommend!,1,Verified Purchase,116
REV01801,user_0326,webcam,5,Couldn't be happier with this webcam. Fits perfectly and matches exactly what was shown in the photos. Highly recommend to anyone looking for reliability.,1,,115
REV01802,user_0831,mechanical keyboard,1,This mechanical keyboard broke within days. Loud rattling noise that makes it completely unusable. Absolute rubbish.,0,Verified Purchase,92
REV01803,user_0580,instant pot,5,"Outstanding instant pot, five stars. My whole family loves it and we've recommended it to friends. Will be buying more products from this brand.",1,Verified Purchase,80
REV01804,user_0393,phone case,4,"Absolutely love this phone case! The design is sleek and modern, looks great on my desk. Would definitely buy again!",1,Verified Purchase,22
REV01805,user_0999,screen protector,5,"Absolutely love this screen protector! Battery life is phenomenal — lasts much longer than advertised. Very satisfied, no complaints.",1,,95
REV01806,user_0892,laptop stand,1,"Huge disappointment, expected much better from this laptop stand. Cheaply made materials that scratched and peeled after first use. Returning this immediately.",0,Verified Purchase,128
REV01807,user_0146,air purifier,5,"Couldn't be happier with this air purifier. The design is sleek and modern, looks great on my desk. Would definitely buy again!",1,,12
REV01808,user_0154,sunglasses,5,Absolutely love this sunglasses! Battery life is phenomenal — lasts much longer than advertised. A must-buy!,1,,17
REV01809,user_0410,robot vacuum,5,"Excellent robot vacuum, exactly as described. The design is sleek and modern, looks great on my desk. Already ordered a second one as a gift.",1,Verified Purchase,89
REV01810,user_0152,wallet,5,"Outstanding wallet, five stars. My whole family loves it and we've recommended it to friends. Highly recommend to anyone looking for reliability.",1,Verified Purchase,79
REV01811,user_0057,laptop stand,1,Very disappointed with this laptop stand. Customer support never responded to my multiple messages. 1 star — would give zero if possible.,0,Verified Purchase,109
REV01812,user_0847,instant pot,2,Zero stars if I could for this instant pot. Very uncomfortable to use and causes strain after just minutes. Requested a refund right away.,0,Verified Purchase,147
REV01813,user_0103,wireless headphones,5,Great value for money wireless headphones. Setup was easy and it works flawlessly right out of the box. 5 stars without hesitation.,1,Verified Purchase,141
REV01814,user_0463,running shoes,5,Couldn't be happier with this running shoes. I've been using it daily for weeks and it still works like new. Would definitely buy again!,1,Verified Purchase,64
REV01815,user_0508,wallet,2,This wallet is a total scam. Customer support never responded to my multiple messages. Do not waste your money.,0,,101
REV01816,user_0702,screen protector,5,This screen protector is a game changer. Connectivity is seamless and lag-free every single time. A must-buy!,1,Verified Purchase,17
REV01817,user_0193,robot vacuum,5,"Solid robot vacuum, highly satisfied. I've been using it daily for weeks and it still works like new. Will be buying more products from this brand.",1,Verified Purchase,132
REV01818,user_0741,screen protector,2,Worst screen protector I have ever purchased. Connection drops constantly and the device overheats quickly. Absolute rubbish.,0,Verified Purchase,50
REV01819,user_0905,robot vacuum,5,"Fantastic robot vacuum, works perfectly. Packaging was great and the product feels premium. Already ordered a second one as a gift.",1,Verified Purchase,45
REV01820,user_0453,coffee maker,5,"Amazing quality coffee maker, highly recommend. Comfortable to use for long periods without any fatigue. Very satisfied, no complaints.",1,,54
REV01821,user_0630,water bottle,1,Regret buying this water bottle. Already broke and I only used it twice — total waste of money. Worst purchase I've made this year.,0,Verified Purchase,61
REV01822,user_0086,fitness tracker,5,Absolutely love this fitness tracker! Battery life is phenomenal — lasts much longer than advertised. 5 stars without hesitation.,1,Verified Purchase,68
REV01823,user_0167,smartwatch,5,"Best smartwatch I've ever purchased. Much better than my previous one — noticeable improvement. Very satisfied, no complaints.",1,,75
REV01824,user_0860,water bottle,1,"Huge disappointment, expected much better from this water bottle. Cheaply made materials that scratched and peeled after first use. Returning this immediately.",0,Verified Purchase,87
REV01825,user_0281,sunglasses,1,"Huge disappointment, expected much better from this sunglasses. The packaging was damaged and the product arrived broken. Returning this immediately.",0,,123
REV01826,user_0151,power bank,4,"Excellent power bank, exactly as described. Connectivity is seamless and lag-free every single time. A must-buy!",1,Verified Purchase,42
REV01827,user_0146,backpack,5,Super happy with my backpack purchase. Durable construction — dropped it a few times with no damage. Will be buying more products from this brand.,1,Verified Purchase,23
REV01828,user_0667,water bottle,1,Regret buying this water bottle. Instructions were incomprehensible and setup took hours. Worst purchase I've made this year.,0,Verified Purchase,107
REV01829,user_0685,resistance bands,1,"Poor quality resistance bands, save your money. Very uncomfortable to use and causes strain after just minutes. Very angry and will not buy from this seller again.",0,Verified Purchase,105
REV01830,user_0672,toaster oven,2,Do NOT buy this toaster oven. Already broke and I only used it twice — total waste of money. Requested a refund right away.,0,Verified Purchase,117
REV01831,user_0696,air purifier,4,"Fantastic air purifier, works perfectly. Fits perfectly and matches exactly what was shown in the photos. 10/10 would recommend!",1,,8
REV01832,user_0354,USB hub,5,Best USB hub I've ever purchased. Battery life is phenomenal — lasts much longer than advertised. A must-buy!,1,,122
REV01833,user_0282,running shoes,5,Best running shoes I've ever purchased. Battery life is phenomenal — lasts much longer than advertised. Already ordered a second one as a gift.,1,Verified Purchase,114
REV01834,user_0992,mechanical keyboard,5,This mechanical keyboard is worth every penny. Customer support was very responsive when I had questions. A must-buy!,1,,54
REV01835,user_0742,bluetooth speaker,2,Regret buying this bluetooth speaker. Connection drops constantly and the device overheats quickly. Worst purchase I've made this year.,0,Verified Purchase,136
REV01836,user_0217,backpack,5,"This backpack exceeded my expectations. The design is sleek and modern, looks great on my desk. Already ordered a second one as a gift.",1,Verified Purchase,22
REV01837,user_0711,earbuds,5,Absolutely love this earbuds! Fits perfectly and matches exactly what was shown in the photos. 10/10 would recommend!,1,Verified Purchase,46
REV01838,user_0033,charging cable,1,Zero stars if I could for this charging cable. It stopped working completely after just a few days of light use. Buyer beware — stay far away.,0,Verified Purchase,129
REV01839,user_0700,smart bulb,1,This smart bulb is cheaply made and falls apart. Loud rattling noise that makes it completely unusable. Returning this immediately.,0,,53
REV01840,user_0171,gaming mouse,5,This gaming mouse exceeded my expectations. Connectivity is seamless and lag-free every single time. Already ordered a second one as a gift.,1,Verified Purchase,144
REV01841,user_0445,sunglasses,2,"Huge disappointment, expected much better from this sunglasses. Customer support never responded to my multiple messages. Worst purchase I've made this year.",0,,122
REV01842,user_0183,tablet,1,Regret buying this tablet. The packaging was damaged and the product arrived broken. Do not waste your money.,0,,101
REV01843,user_0014,webcam,2,"Huge disappointment, expected much better from this webcam. The packaging was damaged and the product arrived broken. Buyer beware — stay far away.",0,Verified Purchase,129
REV01844,user_0705,gaming mouse,4,This gaming mouse is a game changer. The performance quality is incredible for the price. Highly recommend to anyone looking for reliability.,1,Verified Purchase,123
REV01845,user_0778,gaming mouse,1,This gaming mouse is cheaply made and falls apart. Cheaply made materials that scratched and peeled after first use. Worst purchase I've made this year.,0,Verified Purchase,128
REV01846,user_0987,sunglasses,4,Couldn't be happier with this sunglasses. Setup was easy and it works flawlessly right out of the box. Already ordered a second one as a gift.,1,Verified Purchase,107
REV01847,user_0881,air purifier,5,"Solid air purifier, highly satisfied. Comfortable to use for long periods without any fatigue. A must-buy!",1,Verified Purchase,52
REV01848,user_0185,robot vacuum,2,"Huge disappointment, expected much better from this robot vacuum. Connection drops constantly and the device overheats quickly. Do not waste your money.",0,Verified Purchase,77
REV01849,user_0958,fitness tracker,5,Couldn't be happier with this fitness tracker. Comfortable to use for long periods without any fatigue. A must-buy!,1,Verified Purchase,65
REV01850,user_0307,instant pot,5,"Amazing quality instant pot, highly recommend. Connectivity is seamless and lag-free every single time. Already ordered a second one as a gift.",1,Verified Purchase,146
REV01851,user_0086,earbuds,5,Absolutely love this earbuds! Much better than my previous one — noticeable improvement. A must-buy!,1,Verified Purchase,61
REV01852,user_0868,e-reader,1,Zero stars if I could for this e-reader. Loud rattling noise that makes it completely unusable. Returning this immediately.,0,Verified Purchase,25
REV01853,user_0375,blender,2,"Faulty blender, does not work as advertised. Already broke and I only used it twice — total waste of money. 1 star — would give zero if possible.",0,,131
REV01854,user_0228,USB hub,1,Regret buying this USB hub. Performance is terrible compared to competitors at the same price. Requested a refund right away.,0,Verified Purchase,115
REV01855,user_0293,laptop stand,5,"Absolutely love this laptop stand! The build quality is top-notch and it arrived quickly. Very satisfied, no complaints.",1,,71
REV01856,user_0311,wireless headphones,4,This wireless headphones exceeded my expectations. Customer support was very responsive when I had questions. Will be buying more products from this brand.,1,Verified Purchase,81
REV01857,user_0203,blender,5,Absolutely love this blender! Setup was easy and it works flawlessly right out of the box. A must-buy!,1,Verified Purchase,135
REV01858,user_0419,toaster oven,2,"Faulty toaster oven, does not work as advertised. Connection drops constantly and the device overheats quickly. Do not waste your money.",0,,11
REV01859,user_0532,resistance bands,1,This resistance bands is cheaply made and falls apart. The quality is extremely poor and feels like it will break any day. Worst purchase I've made this year.,0,Verified Purchase,60
REV01860,user_0830,coffee maker,2,Very disappointed with this coffee maker. Performance is terrible compared to competitors at the same price. 1 star — would give zero if possible.,0,Verified Purchase,137
REV01861,user_0730,fitness tracker,5,"Amazing quality fitness tracker, highly recommend. Setup was easy and it works flawlessly right out of the box. Highly recommend to anyone looking for reliability.",1,,113
REV01862,user_0298,screen protector,4,Super happy with my screen protector purchase. Packaging was great and the product feels premium. A must-buy!,1,Verified Purchase,8
REV01863,user_0749,water bottle,4,Great value for money water bottle. Battery life is phenomenal — lasts much longer than advertised. Would definitely buy again!,1,,91
REV01864,user_0614,mechanical keyboard,5,Purchased this mechanical keyboard last month and love it. Much better than my previous one — noticeable improvement. Highly recommend to anyone looking for reliability.,1,,42
REV01865,user_0651,earbuds,2,Worst earbuds I have ever purchased. Very uncomfortable to use and causes strain after just minutes. Absolute rubbish.,0,Verified Purchase,20
REV01866,user_0955,screen protector,2,Deeply unsatisfied with this screen protector. Cheaply made materials that scratched and peeled after first use. Absolute rubbish.,0,Verified Purchase,2
REV01867,user_0029,tablet,1,Regret buying this tablet. Customer support never responded to my multiple messages. 1 star — would give zero if possible.,0,Verified Purchase,139
REV01868,user_0828,power bank,1,"Poor quality power bank, save your money. The design looks nothing like the photos — very misleading listing. Buyer beware — stay far away.",0,Verified Purchase,96
REV01869,user_0415,power bank,4,Very impressed with this power bank. I've been using it daily for weeks and it still works like new. Highly recommend to anyone looking for reliability.,1,,37
REV01870,user_0580,gaming mouse,5,Great value for money gaming mouse. Much better than my previous one — noticeable improvement. A must-buy!,1,Verified Purchase,135
REV01871,user_0412,instant pot,4,Great value for money instant pot. Customer support was very responsive when I had questions. A must-buy!,1,Verified Purchase,1
REV01872,user_0190,e-reader,5,This e-reader is a game changer. Much better than my previous one — noticeable improvement. 5 stars without hesitation.,1,Verified Purchase,66
REV01873,user_0563,gaming mouse,1,Zero stars if I could for this gaming mouse. Loud rattling noise that makes it completely unusable. 1 star — would give zero if possible.,0,,85
REV01874,user_0098,webcam,1,This webcam broke within days. Instructions were incomprehensible and setup took hours. Absolute rubbish.,0,Verified Purchase,11
REV01875,user_0184,resistance bands,2,Regret buying this resistance bands. The quality is extremely poor and feels like it will break any day. Very angry and will not buy from this seller again.,0,Verified Purchase,87
REV01876,user_0249,yoga mat,5,"Excellent yoga mat, exactly as described. Fits perfectly and matches exactly what was shown in the photos. Already ordered a second one as a gift.",1,Verified Purchase,68
REV01877,user_0480,bluetooth speaker,1,This bluetooth speaker stopped working after one week. Took forever to arrive and the item was not as described at all. Requested a refund right away.,0,,17
REV01878,user_0690,earbuds,1,This earbuds is cheaply made and falls apart. Loud rattling noise that makes it completely unusable. Returning this immediately.,0,Verified Purchase,47
REV01879,user_0624,toaster oven,4,This toaster oven is a game changer. Packaging was great and the product feels premium. Will be buying more products from this brand.,1,Verified Purchase,136
REV01880,user_0353,screen protector,5,Absolutely love this screen protector! Packaging was great and the product feels premium. Would definitely buy again!,1,Verified Purchase,51
REV01881,user_0268,e-reader,1,This e-reader is cheaply made and falls apart. Customer support never responded to my multiple messages. 1 star — would give zero if possible.,0,Verified Purchase,52
REV01882,user_0981,fitness tracker,5,"Solid fitness tracker, highly satisfied. The build quality is top-notch and it arrived quickly. Very satisfied, no complaints.",1,Verified Purchase,28
REV01883,user_0992,screen protector,5,"This screen protector is worth every penny. The design is sleek and modern, looks great on my desk. Would definitely buy again!",1,,142
REV01884,user_0445,robot vacuum,1,Regret buying this robot vacuum. Customer support never responded to my multiple messages. Absolute rubbish.,0,Verified Purchase,36
REV01885,user_0453,running shoes,5,"Outstanding running shoes, five stars. Battery life is phenomenal — lasts much longer than advertised. 10/10 would recommend!",1,Verified Purchase,128
REV01886,user_0787,yoga mat,1,This yoga mat is cheaply made and falls apart. Already broke and I only used it twice — total waste of money. 1 star — would give zero if possible.,0,Verified Purchase,3
REV01887,user_0663,instant pot,1,Do NOT buy this instant pot. The design looks nothing like the photos — very misleading listing. Buyer beware — stay far away.,0,Verified Purchase,69
REV01888,user_0330,coffee maker,1,Deeply unsatisfied with this coffee maker. The packaging was damaged and the product arrived broken. Worst purchase I've made this year.,0,Verified Purchase,134
REV01889,user_0401,sunglasses,4,Great value for money sunglasses. Customer support was very responsive when I had questions. 5 stars without hesitation.,1,Verified Purchase,126
REV01890,user_0942,bluetooth speaker,1,Regret buying this bluetooth speaker. It stopped working completely after just a few days of light use. 1 star — would give zero if possible.,0,,10
REV01891,user_0082,blender,4,Purchased this blender last month and love it. The performance quality is incredible for the price. 5 stars without hesitation.,1,Verified Purchase,140
REV01892,user_0777,screen protector,1,Zero stars if I could for this screen protector. Very uncomfortable to use and causes strain after just minutes. Requested a refund right away.,0,Verified Purchase,115
REV01893,user_0629,electric kettle,2,Worst electric kettle I have ever purchased. Took forever to arrive and the item was not as described at all. Very angry and will not buy from this seller again.,0,Verified Purchase,34
REV01894,user_0844,air purifier,4,This air purifier is worth every penny. Much better than my previous one — noticeable improvement. Will be buying more products from this brand.,1,Verified Purchase,142
REV01895,user_0653,coffee maker,5,"Best coffee maker I've ever purchased. Customer support was very responsive when I had questions. Very satisfied, no complaints.",1,Verified Purchase,37
REV01896,user_0342,wallet,1,Zero stars if I could for this wallet. It stopped working completely after just a few days of light use. 1 star — would give zero if possible.,0,Verified Purchase,55
REV01897,user_0652,power bank,5,"Absolutely love this power bank! I've been using it daily for weeks and it still works like new. Very satisfied, no complaints.",1,Verified Purchase,12
REV01898,user_0595,gaming mouse,5,"Outstanding gaming mouse, five stars. Fits perfectly and matches exactly what was shown in the photos. A must-buy!",1,Verified Purchase,115
REV01899,user_0340,toaster oven,5,"Amazing quality toaster oven, highly recommend. Customer support was very responsive when I had questions. 5 stars without hesitation.",1,Verified Purchase,119
REV01900,user_0339,phone case,5,"Fantastic phone case, works perfectly. Packaging was great and the product feels premium. Will be buying more products from this brand.",1,Verified Purchase,115
REV01901,user_0412,robot vacuum,2,"Poor quality robot vacuum, save your money. Very uncomfortable to use and causes strain after just minutes. Very angry and will not buy from this seller again.",0,Verified Purchase,102
REV01902,user_0020,resistance bands,5,Couldn't be happier with this resistance bands. Much better than my previous one — noticeable improvement. Highly recommend to anyone looking for reliability.,1,Verified Purchase,89
REV01903,user_0899,monitor,1,This monitor stopped working after one week. The design looks nothing like the photos — very misleading listing. Buyer beware — stay far away.,0,Verified Purchase,86
REV01904,user_0921,earbuds,5,"This earbuds is a game changer. My whole family loves it and we've recommended it to friends. Very satisfied, no complaints.",1,Verified Purchase,143
REV01905,user_0491,power bank,1,"Faulty power bank, does not work as advertised. Already broke and I only used it twice — total waste of money. Absolute rubbish.",0,,110
REV01906,user_0357,coffee maker,1,"Terrible coffee maker, complete waste of money. Took forever to arrive and the item was not as described at all. 1 star — would give zero if possible.",0,Verified Purchase,12
REV01907,user_0294,power bank,4,"Outstanding power bank, five stars. The build quality is top-notch and it arrived quickly. Will be buying more products from this brand.",1,,21
REV01908,user_0795,earbuds,1,Do NOT buy this earbuds. Very uncomfortable to use and causes strain after just minutes. Very angry and will not buy from this seller again.,0,Verified Purchase,62
REV01909,user_0987,monitor,5,"This monitor is worth every penny. The design is sleek and modern, looks great on my desk. 10/10 would recommend!",1,,1
REV01910,user_0954,water bottle,5,Best water bottle I've ever purchased. Fits perfectly and matches exactly what was shown in the photos. 5 stars without hesitation.,1,Verified Purchase,41
REV01911,user_0920,e-reader,1,"Poor quality e-reader, save your money. It stopped working completely after just a few days of light use. Absolute rubbish.",0,Verified Purchase,103
REV01912,user_0500,air purifier,5,"Excellent air purifier, exactly as described. The design is sleek and modern, looks great on my desk. Highly recommend to anyone looking for reliability.",1,Verified Purchase,81
REV01913,user_0331,power bank,5,Absolutely love this power bank! Comfortable to use for long periods without any fatigue. Highly recommend to anyone looking for reliability.,1,Verified Purchase,53
REV01914,user_0264,toaster oven,5,Very impressed with this toaster oven. Customer support was very responsive when I had questions. Will be buying more products from this brand.,1,,75
REV01915,user_0904,resistance bands,1,Do NOT buy this resistance bands. Customer support never responded to my multiple messages. Returning this immediately.,0,Verified Purchase,31
REV01916,user_0841,phone case,5,Absolutely love this phone case! The performance quality is incredible for the price. Would definitely buy again!,1,Verified Purchase,116
REV01917,user_0379,robot vacuum,5,"Outstanding robot vacuum, five stars. The performance quality is incredible for the price. 10/10 would recommend!",1,Verified Purchase,52
REV01918,user_0382,screen protector,2,"Huge disappointment, expected much better from this screen protector. Cheaply made materials that scratched and peeled after first use. Returning this immediately.",0,Verified Purchase,94
REV01919,user_0172,e-reader,4,This e-reader is worth every penny. Much better than my previous one — noticeable improvement. Highly recommend to anyone looking for reliability.,1,,102
REV01920,user_0099,USB hub,1,"Terrible USB hub, complete waste of money. Took forever to arrive and the item was not as described at all. 1 star — would give zero if possible.",0,Verified Purchase,124
REV01921,user_0057,running shoes,4,"Outstanding running shoes, five stars. Comfortable to use for long periods without any fatigue. A must-buy!",1,Verified Purchase,99
REV01922,user_0368,running shoes,5,Super happy with my running shoes purchase. Connectivity is seamless and lag-free every single time. Will be buying more products from this brand.,1,Verified Purchase,94
REV01923,user_0069,mechanical keyboard,2,This mechanical keyboard broke within days. Battery dies within an hour — completely unusable for daily tasks. Returning this immediately.,0,,12
REV01924,user_0121,charging cable,4,Couldn't be happier with this charging cable. The build quality is top-notch and it arrived quickly. 5 stars without hesitation.,1,Verified Purchase,88
REV01925,user_0556,laptop stand,5,Great value for money laptop stand. Durable construction — dropped it a few times with no damage. 10/10 would recommend!,1,,48
REV01926,user_0689,yoga mat,2,Very disappointed with this yoga mat. Battery dies within an hour — completely unusable for daily tasks. Absolute rubbish.,0,Verified Purchase,37
REV01927,user_0608,webcam,5,"Fantastic webcam, works perfectly. Comfortable to use for long periods without any fatigue. Will be buying more products from this brand.",1,Verified Purchase,41
REV01928,user_0986,backpack,5,Best backpack I've ever purchased. My whole family loves it and we've recommended it to friends. Highly recommend to anyone looking for reliability.,1,Verified Purchase,131
REV01929,user_0583,resistance bands,5,Absolutely love this resistance bands! Battery life is phenomenal — lasts much longer than advertised. Already ordered a second one as a gift.,1,,23
REV01930,user_0290,mechanical keyboard,5,Absolutely love this mechanical keyboard! The performance quality is incredible for the price. 10/10 would recommend!,1,Verified Purchase,80
REV01931,user_0739,electric kettle,5,Best electric kettle I've ever purchased. The performance quality is incredible for the price. 5 stars without hesitation.,1,,11
REV01932,user_0955,water bottle,1,Very disappointed with this water bottle. Instructions were incomprehensible and setup took hours. Requested a refund right away.,0,Verified Purchase,124
REV01933,user_0490,phone case,1,This phone case stopped working after one week. It stopped working completely after just a few days of light use. Do not waste your money.,0,,6
REV01934,user_0794,instant pot,4,Absolutely love this instant pot! The build quality is top-notch and it arrived quickly. Would definitely buy again!,1,Verified Purchase,7
REV01935,user_0403,water bottle,4,"Fantastic water bottle, works perfectly. My whole family loves it and we've recommended it to friends. 5 stars without hesitation.",1,Verified Purchase,61
REV01936,user_0651,coffee maker,5,"Solid coffee maker, highly satisfied. Setup was easy and it works flawlessly right out of the box. Will be buying more products from this brand.",1,Verified Purchase,32
REV01937,user_0903,backpack,5,Super happy with my backpack purchase. Battery life is phenomenal — lasts much longer than advertised. A must-buy!,1,Verified Purchase,21
REV01938,user_0499,wallet,1,This wallet stopped working after one week. The quality is extremely poor and feels like it will break any day. Requested a refund right away.,0,,53
REV01939,user_0914,gaming mouse,4,This gaming mouse is worth every penny. My whole family loves it and we've recommended it to friends. Highly recommend to anyone looking for reliability.,1,,31
REV01940,user_0476,toaster oven,1,Not as described — very misleading toaster oven listing. Customer support never responded to my multiple messages. Returning this immediately.,0,Verified Purchase,112
REV01941,user_0549,e-reader,1,"Terrible e-reader, complete waste of money. Loud rattling noise that makes it completely unusable. Do not waste your money.",0,Verified Purchase,106
REV01942,user_0391,screen protector,5,This screen protector exceeded my expectations. The performance quality is incredible for the price. Will be buying more products from this brand.,1,Verified Purchase,116
REV01943,user_0385,wireless headphones,1,"Terrible wireless headphones, complete waste of money. Loud rattling noise that makes it completely unusable. Requested a refund right away.",0,Verified Purchase,34
REV01944,user_0844,bluetooth speaker,1,Deeply unsatisfied with this bluetooth speaker. Already broke and I only used it twice — total waste of money. Absolute rubbish.,0,,126
REV01945,user_0208,electric kettle,4,"Fantastic electric kettle, works perfectly. The performance quality is incredible for the price. Highly recommend to anyone looking for reliability.",1,,38
REV01946,user_0291,USB hub,1,Do NOT buy this USB hub. Cheaply made materials that scratched and peeled after first use. Worst purchase I've made this year.,0,Verified Purchase,8
REV01947,user_0798,smartwatch,2,Zero stars if I could for this smartwatch. The quality is extremely poor and feels like it will break any day. Requested a refund right away.,0,Verified Purchase,150
REV01948,user_0040,wallet,5,Couldn't be happier with this wallet. Packaging was great and the product feels premium. 5 stars without hesitation.,1,Verified Purchase,92
REV01949,user_0626,tablet,5,This tablet is a game changer. My whole family loves it and we've recommended it to friends. A must-buy!,1,Verified Purchase,91
REV01950,user_0122,webcam,5,Couldn't be happier with this webcam. Battery life is phenomenal — lasts much longer than advertised. Highly recommend to anyone looking for reliability.,1,Verified Purchase,21
REV01951,user_0235,yoga mat,5,"Excellent yoga mat, exactly as described. The build quality is top-notch and it arrived quickly. Will be buying more products from this brand.",1,,93
REV01952,user_0401,fitness tracker,2,This fitness tracker broke within days. It stopped working completely after just a few days of light use. Very angry and will not buy from this seller again.,0,Verified Purchase,24
REV01953,user_0985,webcam,2,Not as described — very misleading webcam listing. Very uncomfortable to use and causes strain after just minutes. Worst purchase I've made this year.,0,,70
REV01954,user_0293,instant pot,1,"Faulty instant pot, does not work as advertised. Connection drops constantly and the device overheats quickly. Absolute rubbish.",0,Verified Purchase,43
REV01955,user_0970,instant pot,5,This instant pot is worth every penny. Packaging was great and the product feels premium. 5 stars without hesitation.,1,,47
REV01956,user_0908,air purifier,2,"Faulty air purifier, does not work as advertised. Loud rattling noise that makes it completely unusable. Absolute rubbish.",0,Verified Purchase,120
REV01957,user_0529,yoga mat,2,"Terrible yoga mat, complete waste of money. Customer support never responded to my multiple messages. 1 star — would give zero if possible.",0,Verified Purchase,11
REV01958,user_0606,air purifier,2,Do NOT buy this air purifier. Loud rattling noise that makes it completely unusable. 1 star — would give zero if possible.,0,Verified Purchase,36
REV01959,user_0336,laptop stand,2,This laptop stand broke within days. Cheaply made materials that scratched and peeled after first use. Very angry and will not buy from this seller again.,0,,76
REV01960,user_0985,laptop stand,4,"Best laptop stand I've ever purchased. Much better than my previous one — noticeable improvement. Very satisfied, no complaints.",1,Verified Purchase,150
REV01961,user_0588,bluetooth speaker,5,"Great value for money bluetooth speaker. Setup was easy and it works flawlessly right out of the box. Very satisfied, no complaints.",1,,106
REV01962,user_0143,instant pot,5,"Solid instant pot, highly satisfied. Durable construction — dropped it a few times with no damage. Highly recommend to anyone looking for reliability.",1,,144
REV01963,user_0859,sunglasses,2,This sunglasses is a total scam. Instructions were incomprehensible and setup took hours. Absolute rubbish.,0,Verified Purchase,106
REV01964,user_0071,phone case,5,"Fantastic phone case, works perfectly. Connectivity is seamless and lag-free every single time. 5 stars without hesitation.",1,Verified Purchase,42
REV01965,user_0486,electric kettle,4,Absolutely love this electric kettle! The build quality is top-notch and it arrived quickly. Would definitely buy again!,1,,123
REV01966,user_0743,webcam,5,"Excellent webcam, exactly as described. The design is sleek and modern, looks great on my desk. Very satisfied, no complaints.",1,Verified Purchase,64
REV01967,user_0498,fitness tracker,1,Zero stars if I could for this fitness tracker. Loud rattling noise that makes it completely unusable. Requested a refund right away.,0,Verified Purchase,18
REV01968,user_0716,blender,1,This blender broke within days. Performance is terrible compared to competitors at the same price. Buyer beware — stay far away.,0,Verified Purchase,57
REV01969,user_0270,electric kettle,2,"Terrible electric kettle, complete waste of money. The design looks nothing like the photos — very misleading listing. Worst purchase I've made this year.",0,,105
REV01970,user_0427,screen protector,5,"Solid screen protector, highly satisfied. Packaging was great and the product feels premium. Would definitely buy again!",1,Verified Purchase,121
REV01971,user_0122,gaming mouse,4,This gaming mouse is worth every penny. I've been using it daily for weeks and it still works like new. Already ordered a second one as a gift.,1,Verified Purchase,92
REV01972,user_0382,laptop stand,5,"Excellent laptop stand, exactly as described. Battery life is phenomenal — lasts much longer than advertised. Very satisfied, no complaints.",1,,138
REV01973,user_0162,phone case,1,Very disappointed with this phone case. Cheaply made materials that scratched and peeled after first use. Requested a refund right away.,0,Verified Purchase,117
REV01974,user_0067,wireless headphones,4,"Excellent wireless headphones, exactly as described. Comfortable to use for long periods without any fatigue. A must-buy!",1,Verified Purchase,128
REV01975,user_0463,screen protector,2,This screen protector is a total scam. Very uncomfortable to use and causes strain after just minutes. Worst purchase I've made this year.,0,,52
REV01976,user_0151,running shoes,1,Very disappointed with this running shoes. The packaging was damaged and the product arrived broken. Requested a refund right away.,0,Verified Purchase,59
REV01977,user_0994,bluetooth speaker,4,"Fantastic bluetooth speaker, works perfectly. Customer support was very responsive when I had questions. Will be buying more products from this brand.",1,Verified Purchase,50
REV01978,user_0945,laptop stand,1,This laptop stand broke within days. Instructions were incomprehensible and setup took hours. Returning this immediately.,0,,132
REV01979,user_0720,coffee maker,5,"Solid coffee maker, highly satisfied. The build quality is top-notch and it arrived quickly. Already ordered a second one as a gift.",1,,81
REV01980,user_0818,bluetooth speaker,5,Best bluetooth speaker I've ever purchased. The performance quality is incredible for the price. Would definitely buy again!,1,Verified Purchase,58
REV01981,user_0393,screen protector,1,This screen protector stopped working after one week. Instructions were incomprehensible and setup took hours. 1 star — would give zero if possible.,0,,35
REV01982,user_0712,gaming mouse,5,This gaming mouse exceeded my expectations. The performance quality is incredible for the price. A must-buy!,1,Verified Purchase,43
REV01983,user_0180,robot vacuum,5,This robot vacuum exceeded my expectations. The build quality is top-notch and it arrived quickly. 10/10 would recommend!,1,Verified Purchase,97
REV01984,user_0211,yoga mat,5,This yoga mat exceeded my expectations. Packaging was great and the product feels premium. Will be buying more products from this brand.,1,Verified Purchase,52
REV01985,user_0603,bluetooth speaker,5,"Best bluetooth speaker I've ever purchased. The build quality is top-notch and it arrived quickly. Very satisfied, no complaints.",1,Verified Purchase,4
REV01986,user_0081,webcam,1,This webcam stopped working after one week. The packaging was damaged and the product arrived broken. Absolute rubbish.,0,,76
REV01987,user_0337,smartwatch,4,Absolutely love this smartwatch! My whole family loves it and we've recommended it to friends. A must-buy!,1,Verified Purchase,122
REV01988,user_0575,tablet,1,"Terrible tablet, complete waste of money. The quality is extremely poor and feels like it will break any day. Absolute rubbish.",0,Verified Purchase,68
REV01989,user_0458,mechanical keyboard,4,Couldn't be happier with this mechanical keyboard. Customer support was very responsive when I had questions. Highly recommend to anyone looking for reliability.,1,Verified Purchase,62
REV01990,user_0014,electric kettle,4,"Fantastic electric kettle, works perfectly. Comfortable to use for long periods without any fatigue. Very satisfied, no complaints.",1,Verified Purchase,51
REV01991,user_0556,e-reader,4,"Fantastic e-reader, works perfectly. Battery life is phenomenal — lasts much longer than advertised. Will be buying more products from this brand.",1,Verified Purchase,45
REV01992,user_0811,power bank,1,This power bank is cheaply made and falls apart. Instructions were incomprehensible and setup took hours. 1 star — would give zero if possible.,0,,74
REV01993,user_0195,wireless headphones,4,This wireless headphones is a game changer. Much better than my previous one — noticeable improvement. Already ordered a second one as a gift.,1,Verified Purchase,10
REV01994,user_0068,wireless headphones,1,Worst wireless headphones I have ever purchased. Customer support never responded to my multiple messages. Worst purchase I've made this year.,0,Verified Purchase,92
REV01995,user_0081,laptop stand,5,Couldn't be happier with this laptop stand. The performance quality is incredible for the price. 5 stars without hesitation.,1,Verified Purchase,59
REV01996,user_0117,tablet,5,This tablet exceeded my expectations. Connectivity is seamless and lag-free every single time. Will be buying more products from this brand.,1,,86
REV01997,user_0233,laptop stand,5,"Outstanding laptop stand, five stars. Setup was easy and it works flawlessly right out of the box. Already ordered a second one as a gift.",1,Verified Purchase,111
REV01998,user_0189,smart bulb,5,"Great value for money smart bulb. Fits perfectly and matches exactly what was shown in the photos. Very satisfied, no complaints.",1,,108
REV01999,user_0858,laptop stand,5,This laptop stand is a game changer. Setup was easy and it works flawlessly right out of the box. 5 stars without hesitation.,1,,105
REV02000,user_0611,resistance bands,1,This resistance bands stopped working after one week. Already broke and I only used it twice — total waste of money. Do not waste your money.,0,,93
REV02001,user_0670,phone case,1,This phone case is a total scam. Instructions were incomprehensible and setup took hours. Buyer beware — stay far away.,0,Verified Purchase,76
REV02002,user_0253,running shoes,1,Zero stars if I could for this running shoes. It stopped working completely after just a few days of light use. Buyer beware — stay far away.,0,Verified Purchase,82
REV02003,user_0562,charging cable,5,"Outstanding charging cable, five stars. Fits perfectly and matches exactly what was shown in the photos. Will be buying more products from this brand.",1,Verified Purchase,77
REV02004,user_0572,tablet,4,Very impressed with this tablet. Customer support was very responsive when I had questions. A must-buy!,1,,132
REV02005,user_0471,fitness tracker,1,This fitness tracker is cheaply made and falls apart. The design looks nothing like the photos — very misleading listing. Absolute rubbish.,0,,127
REV02006,user_0646,electric kettle,5,"Outstanding electric kettle, five stars. Comfortable to use for long periods without any fatigue. Very satisfied, no complaints.",1,Verified Purchase,55
REV02007,user_0845,running shoes,5,"Amazing quality running shoes, highly recommend. Fits perfectly and matches exactly what was shown in the photos. A must-buy!",1,Verified Purchase,88
REV02008,user_0225,sunglasses,5,Great value for money sunglasses. Durable construction — dropped it a few times with no damage. Already ordered a second one as a gift.,1,Verified Purchase,36
REV02009,user_0039,instant pot,1,Regret buying this instant pot. Loud rattling noise that makes it completely unusable. 1 star — would give zero if possible.,0,Verified Purchase,2
REV02010,user_0151,tablet,5,"Excellent tablet, exactly as described. I've been using it daily for weeks and it still works like new. Already ordered a second one as a gift.",1,Verified Purchase,11
REV02011,user_0897,e-reader,1,Very disappointed with this e-reader. Very uncomfortable to use and causes strain after just minutes. Do not waste your money.,0,Verified Purchase,136
REV02012,user_0554,tablet,5,Best tablet I've ever purchased. Setup was easy and it works flawlessly right out of the box. Will be buying more products from this brand.,1,,12
REV02013,user_0571,earbuds,1,Zero stars if I could for this earbuds. Cheaply made materials that scratched and peeled after first use. Buyer beware — stay far away.,0,Verified Purchase,112
REV02014,user_0765,e-reader,5,Super happy with my e-reader purchase. Setup was easy and it works flawlessly right out of the box. Will be buying more products from this brand.,1,,5
REV02015,user_0011,air purifier,1,"Poor quality air purifier, save your money. The design looks nothing like the photos — very misleading listing. Returning this immediately.",0,Verified Purchase,114
REV02016,user_0954,blender,1,"Huge disappointment, expected much better from this blender. Customer support never responded to my multiple messages. Requested a refund right away.",0,Verified Purchase,54
REV02017,user_0566,air purifier,2,"Huge disappointment, expected much better from this air purifier. Customer support never responded to my multiple messages. Very angry and will not buy from this seller again.",0,Verified Purchase,74
REV02018,user_0094,sunglasses,4,"This sunglasses exceeded my expectations. The build quality is top-notch and it arrived quickly. Very satisfied, no complaints.",1,Verified Purchase,147
REV02019,user_0002,earbuds,4,"Fantastic earbuds, works perfectly. My whole family loves it and we've recommended it to friends. Highly recommend to anyone looking for reliability.",1,Verified Purchase,122
REV02020,user_0993,wallet,5,"Solid wallet, highly satisfied. The build quality is top-notch and it arrived quickly. Highly recommend to anyone looking for reliability.",1,,30
REV02021,user_0481,screen protector,4,"Fantastic screen protector, works perfectly. Much better than my previous one — noticeable improvement. 5 stars without hesitation.",1,Verified Purchase,86
REV02022,user_0308,monitor,1,Do NOT buy this monitor. The design looks nothing like the photos — very misleading listing. Do not waste your money.,0,,65
REV02023,user_0441,sunglasses,5,Absolutely love this sunglasses! Comfortable to use for long periods without any fatigue. A must-buy!,1,,140
REV02024,user_0733,mechanical keyboard,5,This mechanical keyboard is worth every penny. Durable construction — dropped it a few times with no damage. Would definitely buy again!,1,Verified Purchase,32
REV02025,user_0473,backpack,1,Worst backpack I have ever purchased. Battery dies within an hour — completely unusable for daily tasks. Buyer beware — stay far away.,0,,44
REV02026,user_0515,bluetooth speaker,5,This bluetooth speaker is a game changer. Setup was easy and it works flawlessly right out of the box. 10/10 would recommend!,1,,95
REV02027,user_0449,smartwatch,5,Super happy with my smartwatch purchase. I've been using it daily for weeks and it still works like new. A must-buy!,1,,30
REV02028,user_0272,air purifier,5,This air purifier is worth every penny. Durable construction — dropped it a few times with no damage. Would definitely buy again!,1,Verified Purchase,13
REV02029,user_0288,toaster oven,5,Absolutely love this toaster oven! Battery life is phenomenal — lasts much longer than advertised. Will be buying more products from this brand.,1,,25
REV02030,user_0767,yoga mat,1,"Terrible yoga mat, complete waste of money. Very uncomfortable to use and causes strain after just minutes. Requested a refund right away.",0,Verified Purchase,99
REV02031,user_0319,laptop stand,1,"Terrible laptop stand, complete waste of money. It stopped working completely after just a few days of light use. 1 star — would give zero if possible.",0,Verified Purchase,71
REV02032,user_0826,coffee maker,4,Super happy with my coffee maker purchase. Fits perfectly and matches exactly what was shown in the photos. Highly recommend to anyone looking for reliability.,1,Verified Purchase,22
REV02033,user_0904,webcam,1,Worst webcam I have ever purchased. The design looks nothing like the photos — very misleading listing. Buyer beware — stay far away.,0,Verified Purchase,64
REV02034,user_0741,blender,5,Purchased this blender last month and love it. Customer support was very responsive when I had questions. Highly recommend to anyone looking for reliability.,1,Verified Purchase,93
REV02035,user_0313,earbuds,5,"Amazing quality earbuds, highly recommend. Much better than my previous one — noticeable improvement. 10/10 would recommend!",1,Verified Purchase,57
REV02036,user_0143,laptop stand,1,Do NOT buy this laptop stand. The design looks nothing like the photos — very misleading listing. Requested a refund right away.,0,,31
REV02037,user_0721,blender,5,Very impressed with this blender. I've been using it daily for weeks and it still works like new. 5 stars without hesitation.,1,Verified Purchase,74
REV02038,user_0061,electric kettle,1,"Huge disappointment, expected much better from this electric kettle. Cheaply made materials that scratched and peeled after first use. Do not waste your money.",0,Verified Purchase,40
REV02039,user_0936,gaming mouse,4,"Excellent gaming mouse, exactly as described. Fits perfectly and matches exactly what was shown in the photos. Already ordered a second one as a gift.",1,Verified Purchase,106
REV02040,user_0272,smart bulb,5,Purchased this smart bulb last month and love it. My whole family loves it and we've recommended it to friends. 10/10 would recommend!,1,Verified Purchase,84
REV02041,user_0422,blender,1,This blender is a total scam. Connection drops constantly and the device overheats quickly. Requested a refund right away.,0,,147
REV02042,user_0465,sunglasses,2,Not as described — very misleading sunglasses listing. Loud rattling noise that makes it completely unusable. Very angry and will not buy from this seller again.,0,Verified Purchase,66
REV02043,user_0024,earbuds,5,This earbuds is worth every penny. Connectivity is seamless and lag-free every single time. Will be buying more products from this brand.,1,Verified Purchase,137
REV02044,user_0544,fitness tracker,1,This fitness tracker is cheaply made and falls apart. Connection drops constantly and the device overheats quickly. Requested a refund right away.,0,Verified Purchase,131
REV02045,user_0683,bluetooth speaker,5,Couldn't be happier with this bluetooth speaker. The performance quality is incredible for the price. A must-buy!,1,Verified Purchase,18
REV02046,user_0596,webcam,1,Worst webcam I have ever purchased. Took forever to arrive and the item was not as described at all. 1 star — would give zero if possible.,0,Verified Purchase,76
REV02047,user_0803,earbuds,2,Zero stars if I could for this earbuds. The design looks nothing like the photos — very misleading listing. Requested a refund right away.,0,Verified Purchase,49
REV02048,user_0572,webcam,5,"Best webcam I've ever purchased. The design is sleek and modern, looks great on my desk. Already ordered a second one as a gift.",1,Verified Purchase,112
REV02049,user_0030,robot vacuum,5,Absolutely love this robot vacuum! Connectivity is seamless and lag-free every single time. Would definitely buy again!,1,,8
REV02050,user_0676,power bank,1,Worst power bank I have ever purchased. The packaging was damaged and the product arrived broken. Very angry and will not buy from this seller again.,0,Verified Purchase,24
REV02051,user_0968,mechanical keyboard,5,"Couldn't be happier with this mechanical keyboard. The design is sleek and modern, looks great on my desk. Highly recommend to anyone looking for reliability.",1,Verified Purchase,103
REV02052,user_0013,gaming mouse,5,"Outstanding gaming mouse, five stars. Fits perfectly and matches exactly what was shown in the photos. Very satisfied, no complaints.",1,Verified Purchase,105
REV02053,user_0953,wireless headphones,1,Zero stars if I could for this wireless headphones. Cheaply made materials that scratched and peeled after first use. Very angry and will not buy from this seller again.,0,Verified Purchase,114
REV02054,user_0623,electric kettle,1,Zero stars if I could for this electric kettle. Battery dies within an hour — completely unusable for daily tasks. Do not waste your money.,0,Verified Purchase,6
REV02055,user_0328,toaster oven,5,Couldn't be happier with this toaster oven. Battery life is phenomenal — lasts much longer than advertised. A must-buy!,1,Verified Purchase,46
REV02056,user_0309,resistance bands,1,"Poor quality resistance bands, save your money. The quality is extremely poor and feels like it will break any day. Buyer beware — stay far away.",0,Verified Purchase,7
REV02057,user_0874,tablet,5,Super happy with my tablet purchase. Much better than my previous one — noticeable improvement. Would definitely buy again!,1,Verified Purchase,74
REV02058,user_0467,power bank,1,Regret buying this power bank. Loud rattling noise that makes it completely unusable. Absolute rubbish.,0,Verified Purchase,30
REV02059,user_0646,sunglasses,1,Very disappointed with this sunglasses. Cheaply made materials that scratched and peeled after first use. 1 star — would give zero if possible.,0,Verified Purchase,10
REV02060,user_0131,charging cable,4,This charging cable exceeded my expectations. Fits perfectly and matches exactly what was shown in the photos. 5 stars without hesitation.,1,Verified Purchase,145
REV02061,user_0086,smartwatch,1,Do NOT buy this smartwatch. Connection drops constantly and the device overheats quickly. Worst purchase I've made this year.,0,Verified Purchase,51
REV02062,user_0890,tablet,2,Do NOT buy this tablet. Customer support never responded to my multiple messages. Worst purchase I've made this year.,0,Verified Purchase,109
REV02063,user_0408,electric kettle,1,"Poor quality electric kettle, save your money. Very uncomfortable to use and causes strain after just minutes. Absolute rubbish.",0,,5
REV02064,user_0890,smartwatch,2,Do NOT buy this smartwatch. Already broke and I only used it twice — total waste of money. Absolute rubbish.,0,Verified Purchase,99
REV02065,user_0747,earbuds,1,Regret buying this earbuds. Instructions were incomprehensible and setup took hours. Worst purchase I've made this year.,0,Verified Purchase,20
REV02066,user_0232,charging cable,5,"Amazing quality charging cable, highly recommend. Battery life is phenomenal — lasts much longer than advertised. 10/10 would recommend!",1,Verified Purchase,39
REV02067,user_0789,smart bulb,5,"Fantastic smart bulb, works perfectly. My whole family loves it and we've recommended it to friends. Would definitely buy again!",1,Verified Purchase,30
REV02068,user_0215,water bottle,5,Super happy with my water bottle purchase. My whole family loves it and we've recommended it to friends. Will be buying more products from this brand.,1,Verified Purchase,102
REV02069,user_0835,wireless headphones,4,"Outstanding wireless headphones, five stars. Battery life is phenomenal — lasts much longer than advertised. Will be buying more products from this brand.",1,Verified Purchase,47
REV02070,user_0039,webcam,1,"Terrible webcam, complete waste of money. Very uncomfortable to use and causes strain after just minutes. Worst purchase I've made this year.",0,,73
REV02071,user_0679,smart bulb,5,Super happy with my smart bulb purchase. My whole family loves it and we've recommended it to friends. 5 stars without hesitation.,1,Verified Purchase,145
REV02072,user_0656,blender,5,Super happy with my blender purchase. Comfortable to use for long periods without any fatigue. Highly recommend to anyone looking for reliability.,1,,39
REV02073,user_0504,charging cable,5,Very impressed with this charging cable. My whole family loves it and we've recommended it to friends. Will be buying more products from this brand.,1,,34
REV02074,user_0957,resistance bands,5,"Amazing quality resistance bands, highly recommend. Much better than my previous one — noticeable improvement. 5 stars without hesitation.",1,Verified Purchase,48
REV02075,user_0974,bluetooth speaker,1,Very disappointed with this bluetooth speaker. Battery dies within an hour — completely unusable for daily tasks. Absolute rubbish.,0,,118
REV02076,user_0570,wireless headphones,5,Purchased this wireless headphones last month and love it. My whole family loves it and we've recommended it to friends. Will be buying more products from this brand.,1,Verified Purchase,130
REV02077,user_0950,running shoes,1,"Faulty running shoes, does not work as advertised. Connection drops constantly and the device overheats quickly. Very angry and will not buy from this seller again.",0,Verified Purchase,68
REV02078,user_0643,monitor,5,Super happy with my monitor purchase. Durable construction — dropped it a few times with no damage. Already ordered a second one as a gift.,1,Verified Purchase,110
REV02079,user_0333,air purifier,1,Regret buying this air purifier. Performance is terrible compared to competitors at the same price. Worst purchase I've made this year.,0,Verified Purchase,10
REV02080,user_0926,yoga mat,5,"Amazing quality yoga mat, highly recommend. The performance quality is incredible for the price. Would definitely buy again!",1,,64
REV02081,user_0770,smart bulb,2,"Huge disappointment, expected much better from this smart bulb. Connection drops constantly and the device overheats quickly. Requested a refund right away.",0,,149
REV02082,user_0383,wireless headphones,1,This wireless headphones stopped working after one week. Took forever to arrive and the item was not as described at all. Returning this immediately.,0,Verified Purchase,64
REV02083,user_0411,USB hub,5,"Amazing quality USB hub, highly recommend. Much better than my previous one — noticeable improvement. Would definitely buy again!",1,Verified Purchase,16
REV02084,user_0601,e-reader,5,"Solid e-reader, highly satisfied. Customer support was very responsive when I had questions. A must-buy!",1,Verified Purchase,15
REV02085,user_0759,toaster oven,1,"Poor quality toaster oven, save your money. Cheaply made materials that scratched and peeled after first use. Buyer beware — stay far away.",0,Verified Purchase,125
REV02086,user_0214,air purifier,5,Absolutely love this air purifier! Setup was easy and it works flawlessly right out of the box. Will be buying more products from this brand.,1,Verified Purchase,15
REV02087,user_0932,earbuds,1,Zero stars if I could for this earbuds. The packaging was damaged and the product arrived broken. Very angry and will not buy from this seller again.,0,,23
REV02088,user_0977,screen protector,1,Worst screen protector I have ever purchased. Instructions were incomprehensible and setup took hours. Returning this immediately.,0,Verified Purchase,74
REV02089,user_0084,instant pot,4,"Solid instant pot, highly satisfied. Fits perfectly and matches exactly what was shown in the photos. Would definitely buy again!",1,Verified Purchase,147
REV02090,user_0960,water bottle,5,This water bottle is a game changer. The performance quality is incredible for the price. Will be buying more products from this brand.,1,Verified Purchase,8
REV02091,user_0521,gaming mouse,5,"This gaming mouse is worth every penny. The design is sleek and modern, looks great on my desk. Highly recommend to anyone looking for reliability.",1,,130
REV02092,user_0798,gaming mouse,5,Absolutely love this gaming mouse! Connectivity is seamless and lag-free every single time. 5 stars without hesitation.,1,Verified Purchase,6
REV02093,user_0087,screen protector,5,"Super happy with my screen protector purchase. The design is sleek and modern, looks great on my desk. A must-buy!",1,Verified Purchase,106
REV02094,user_0274,power bank,4,Purchased this power bank last month and love it. Comfortable to use for long periods without any fatigue. 10/10 would recommend!,1,Verified Purchase,134
REV02095,user_0633,mechanical keyboard,1,"Huge disappointment, expected much better from this mechanical keyboard. The quality is extremely poor and feels like it will break any day. Absolute rubbish.",0,,137
REV02096,user_0280,resistance bands,5,This resistance bands is a game changer. Connectivity is seamless and lag-free every single time. 10/10 would recommend!,1,,6
REV02097,user_0399,backpack,2,"Faulty backpack, does not work as advertised. Already broke and I only used it twice — total waste of money. Absolute rubbish.",0,Verified Purchase,109
REV02098,user_0575,toaster oven,1,This toaster oven is cheaply made and falls apart. Instructions were incomprehensible and setup took hours. Very angry and will not buy from this seller again.,0,Verified Purchase,99
REV02099,user_0640,earbuds,1,Not as described — very misleading earbuds listing. Customer support never responded to my multiple messages. Do not waste your money.,0,Verified Purchase,38
REV02100,user_0924,instant pot,5,"Outstanding instant pot, five stars. Connectivity is seamless and lag-free every single time. Very satisfied, no complaints.",1,Verified Purchase,82
REV02101,user_0136,air purifier,4,Great value for money air purifier. Battery life is phenomenal — lasts much longer than advertised. Will be buying more products from this brand.,1,Verified Purchase,47
REV02102,user_0618,fitness tracker,1,Not as described — very misleading fitness tracker listing. Loud rattling noise that makes it completely unusable. Returning this immediately.,0,,119
REV02103,user_0616,wireless headphones,1,This wireless headphones stopped working after one week. The quality is extremely poor and feels like it will break any day. Do not waste your money.,0,,35
REV02104,user_0956,yoga mat,5,Very impressed with this yoga mat. Battery life is phenomenal — lasts much longer than advertised. 5 stars without hesitation.,1,Verified Purchase,80
REV02105,user_0572,electric kettle,5,"Amazing quality electric kettle, highly recommend. Packaging was great and the product feels premium. Already ordered a second one as a gift.",1,,27
REV02106,user_0425,tablet,5,Great value for money tablet. Fits perfectly and matches exactly what was shown in the photos. Highly recommend to anyone looking for reliability.,1,Verified Purchase,98
REV02107,user_0412,blender,2,This blender is a total scam. It stopped working completely after just a few days of light use. 1 star — would give zero if possible.,0,,112
REV02108,user_0878,sunglasses,5,Great value for money sunglasses. Comfortable to use for long periods without any fatigue. 10/10 would recommend!,1,Verified Purchase,79
REV02109,user_0835,electric kettle,1,Not as described — very misleading electric kettle listing. Loud rattling noise that makes it completely unusable. Worst purchase I've made this year.,0,,104
REV02110,user_0418,instant pot,5,Couldn't be happier with this instant pot. Packaging was great and the product feels premium. 10/10 would recommend!,1,Verified Purchase,54
REV02111,user_0941,charging cable,1,Worst charging cable I have ever purchased. The packaging was damaged and the product arrived broken. Absolute rubbish.,0,Verified Purchase,40
REV02112,user_0742,monitor,2,Zero stars if I could for this monitor. Connection drops constantly and the device overheats quickly. 1 star — would give zero if possible.,0,Verified Purchase,32
REV02113,user_0136,electric kettle,5,Super happy with my electric kettle purchase. I've been using it daily for weeks and it still works like new. 5 stars without hesitation.,1,Verified Purchase,142
REV02114,user_0361,screen protector,1,Not as described — very misleading screen protector listing. Took forever to arrive and the item was not as described at all. Absolute rubbish.,0,,72
REV02115,user_0765,resistance bands,4,"Amazing quality resistance bands, highly recommend. Packaging was great and the product feels premium. Already ordered a second one as a gift.",1,Verified Purchase,30
REV02116,user_0295,power bank,5,This power bank exceeded my expectations. Customer support was very responsive when I had questions. 5 stars without hesitation.,1,,133
REV02117,user_0810,running shoes,1,This running shoes is cheaply made and falls apart. The packaging was damaged and the product arrived broken. Worst purchase I've made this year.,0,Verified Purchase,87
REV02118,user_0070,screen protector,5,"Excellent screen protector, exactly as described. Fits perfectly and matches exactly what was shown in the photos. 5 stars without hesitation.",1,Verified Purchase,47
REV02119,user_0315,tablet,1,Deeply unsatisfied with this tablet. Already broke and I only used it twice — total waste of money. Requested a refund right away.,0,Verified Purchase,78
REV02120,user_0281,running shoes,1,Not as described — very misleading running shoes listing. It stopped working completely after just a few days of light use. Buyer beware — stay far away.,0,Verified Purchase,147
REV02121,user_0448,air purifier,5,This air purifier exceeded my expectations. The performance quality is incredible for the price. Already ordered a second one as a gift.,1,Verified Purchase,62
REV02122,user_0290,mechanical keyboard,5,Absolutely love this mechanical keyboard! My whole family loves it and we've recommended it to friends. 10/10 would recommend!,1,,115
REV02123,user_0487,smart bulb,2,"Huge disappointment, expected much better from this smart bulb. Battery dies within an hour — completely unusable for daily tasks. Buyer beware — stay far away.",0,Verified Purchase,37
REV02124,user_0302,earbuds,4,"Best earbuds I've ever purchased. The design is sleek and modern, looks great on my desk. Highly recommend to anyone looking for reliability.",1,Verified Purchase,81
REV02125,user_0345,toaster oven,4,Super happy with my toaster oven purchase. My whole family loves it and we've recommended it to friends. A must-buy!,1,Verified Purchase,82
REV02126,user_0829,wireless headphones,2,Worst wireless headphones I have ever purchased. It stopped working completely after just a few days of light use. Very angry and will not buy from this seller again.,0,Verified Purchase,3
REV02127,user_0283,blender,1,"Terrible blender, complete waste of money. The design looks nothing like the photos — very misleading listing. Absolute rubbish.",0,Verified Purchase,13
REV02128,user_0377,smart bulb,5,Couldn't be happier with this smart bulb. Much better than my previous one — noticeable improvement. A must-buy!,1,,65
REV02129,user_0136,instant pot,2,This instant pot broke within days. Loud rattling noise that makes it completely unusable. Do not waste your money.,0,Verified Purchase,101
REV02130,user_0097,instant pot,2,Very disappointed with this instant pot. Instructions were incomprehensible and setup took hours. 1 star — would give zero if possible.,0,Verified Purchase,53
REV02131,user_0450,mechanical keyboard,5,Absolutely love this mechanical keyboard! The performance quality is incredible for the price. Will be buying more products from this brand.,1,Verified Purchase,119
REV02132,user_0868,water bottle,1,"Huge disappointment, expected much better from this water bottle. Connection drops constantly and the device overheats quickly. Absolute rubbish.",0,Verified Purchase,32
REV02133,user_0654,phone case,5,This phone case is a game changer. Much better than my previous one — noticeable improvement. Will be buying more products from this brand.,1,Verified Purchase,34
REV02134,user_0684,webcam,1,This webcam stopped working after one week. Loud rattling noise that makes it completely unusable. Requested a refund right away.,0,,98
REV02135,user_0842,coffee maker,1,Very disappointed with this coffee maker. The packaging was damaged and the product arrived broken. Do not waste your money.,0,,33
REV02136,user_0989,yoga mat,5,"Fantastic yoga mat, works perfectly. Comfortable to use for long periods without any fatigue. Highly recommend to anyone looking for reliability.",1,Verified Purchase,150
REV02137,user_0318,instant pot,1,Regret buying this instant pot. The packaging was damaged and the product arrived broken. Requested a refund right away.,0,Verified Purchase,78
REV02138,user_0175,screen protector,5,"This screen protector is worth every penny. Battery life is phenomenal — lasts much longer than advertised. Very satisfied, no complaints.",1,,61
REV02139,user_0159,toaster oven,1,"Poor quality toaster oven, save your money. Connection drops constantly and the device overheats quickly. Buyer beware — stay far away.",0,,65
REV02140,user_0251,laptop stand,5,"Excellent laptop stand, exactly as described. Comfortable to use for long periods without any fatigue. Would definitely buy again!",1,Verified Purchase,138
REV02141,user_0317,wallet,2,"Huge disappointment, expected much better from this wallet. Performance is terrible compared to competitors at the same price. Worst purchase I've made this year.",0,,38
REV02142,user_0764,webcam,5,"Purchased this webcam last month and love it. The design is sleek and modern, looks great on my desk. 5 stars without hesitation.",1,Verified Purchase,60
REV02143,user_0732,bluetooth speaker,1,Not as described — very misleading bluetooth speaker listing. Cheaply made materials that scratched and peeled after first use. Buyer beware — stay far away.,0,,40
REV02144,user_0115,smartwatch,1,Zero stars if I could for this smartwatch. Loud rattling noise that makes it completely unusable. Absolute rubbish.,0,Verified Purchase,37
REV02145,user_0550,mechanical keyboard,2,Zero stars if I could for this mechanical keyboard. Instructions were incomprehensible and setup took hours. Requested a refund right away.,0,,34
REV02146,user_0162,fitness tracker,5,"Fantastic fitness tracker, works perfectly. Comfortable to use for long periods without any fatigue. 10/10 would recommend!",1,Verified Purchase,79
REV02147,user_0138,bluetooth speaker,5,"Amazing quality bluetooth speaker, highly recommend. The build quality is top-notch and it arrived quickly. 5 stars without hesitation.",1,Verified Purchase,146
REV02148,user_0339,backpack,1,Do NOT buy this backpack. The quality is extremely poor and feels like it will break any day. Returning this immediately.,0,Verified Purchase,107
REV02149,user_0870,phone case,5,"Fantastic phone case, works perfectly. Durable construction — dropped it a few times with no damage. Very satisfied, no complaints.",1,Verified Purchase,97
REV02150,user_0467,tablet,5,"This tablet is worth every penny. Connectivity is seamless and lag-free every single time. Very satisfied, no complaints.",1,Verified Purchase,29
REV02151,user_0595,webcam,5,This webcam exceeded my expectations. Connectivity is seamless and lag-free every single time. Already ordered a second one as a gift.,1,,100
REV02152,user_0578,charging cable,2,Deeply unsatisfied with this charging cable. It stopped working completely after just a few days of light use. Buyer beware — stay far away.,0,Verified Purchase,67
REV02153,user_0885,blender,1,Zero stars if I could for this blender. Cheaply made materials that scratched and peeled after first use. Do not waste your money.,0,Verified Purchase,14
REV02154,user_0911,gaming mouse,1,"Faulty gaming mouse, does not work as advertised. The packaging was damaged and the product arrived broken. Requested a refund right away.",0,Verified Purchase,27
REV02155,user_0329,electric kettle,5,"Outstanding electric kettle, five stars. My whole family loves it and we've recommended it to friends. Very satisfied, no complaints.",1,Verified Purchase,7
REV02156,user_0247,screen protector,5,Couldn't be happier with this screen protector. Comfortable to use for long periods without any fatigue. 5 stars without hesitation.,1,Verified Purchase,76
REV02157,user_0714,laptop stand,1,Zero stars if I could for this laptop stand. It stopped working completely after just a few days of light use. Worst purchase I've made this year.,0,,65
REV02158,user_0502,bluetooth speaker,5,Absolutely love this bluetooth speaker! Packaging was great and the product feels premium. Will be buying more products from this brand.,1,,40
REV02159,user_0664,fitness tracker,5,Best fitness tracker I've ever purchased. Battery life is phenomenal — lasts much longer than advertised. Will be buying more products from this brand.,1,Verified Purchase,4
REV02160,user_0267,earbuds,1,This earbuds broke within days. The quality is extremely poor and feels like it will break any day. Very angry and will not buy from this seller again.,0,Verified Purchase,40
REV02161,user_0795,tablet,5,This tablet exceeded my expectations. Customer support was very responsive when I had questions. A must-buy!,1,,115
REV02162,user_0727,charging cable,2,Worst charging cable I have ever purchased. Took forever to arrive and the item was not as described at all. Worst purchase I've made this year.,0,Verified Purchase,90
REV02163,user_0128,smart bulb,4,This smart bulb is a game changer. I've been using it daily for weeks and it still works like new. Will be buying more products from this brand.,1,Verified Purchase,145
REV02164,user_0910,e-reader,5,"This e-reader exceeded my expectations. Setup was easy and it works flawlessly right out of the box. Very satisfied, no complaints.",1,,41
REV02165,user_0620,water bottle,1,Not as described — very misleading water bottle listing. The packaging was damaged and the product arrived broken. Requested a refund right away.,0,Verified Purchase,95
REV02166,user_0684,yoga mat,1,"Huge disappointment, expected much better from this yoga mat. Loud rattling noise that makes it completely unusable. Worst purchase I've made this year.",0,Verified Purchase,59
REV02167,user_0280,earbuds,1,Not as described — very misleading earbuds listing. Connection drops constantly and the device overheats quickly. Returning this immediately.,0,Verified Purchase,40
REV02168,user_0009,yoga mat,1,Worst yoga mat I have ever purchased. Battery dies within an hour — completely unusable for daily tasks. Do not waste your money.,0,Verified Purchase,49
REV02169,user_0474,tablet,5,This tablet is worth every penny. Durable construction — dropped it a few times with no damage. A must-buy!,1,,103
REV02170,user_0262,smart bulb,4,This smart bulb is a game changer. I've been using it daily for weeks and it still works like new. Will be buying more products from this brand.,1,,118
REV02171,user_0934,bluetooth speaker,1,This bluetooth speaker is a total scam. Battery dies within an hour — completely unusable for daily tasks. Do not waste your money.,0,Verified Purchase,125
REV02172,user_0819,phone case,5,"Amazing quality phone case, highly recommend. Comfortable to use for long periods without any fatigue. Already ordered a second one as a gift.",1,Verified Purchase,109
REV02173,user_0263,resistance bands,5,Couldn't be happier with this resistance bands. Much better than my previous one — noticeable improvement. Will be buying more products from this brand.,1,Verified Purchase,103
REV02174,user_0451,robot vacuum,5,"Solid robot vacuum, highly satisfied. My whole family loves it and we've recommended it to friends. Very satisfied, no complaints.",1,Verified Purchase,120
REV02175,user_0681,blender,5,"Amazing quality blender, highly recommend. Fits perfectly and matches exactly what was shown in the photos. A must-buy!",1,Verified Purchase,134
REV02176,user_0038,running shoes,5,"Fantastic running shoes, works perfectly. Much better than my previous one — noticeable improvement. 10/10 would recommend!",1,,102
REV02177,user_0605,webcam,2,Worst webcam I have ever purchased. Performance is terrible compared to competitors at the same price. Absolute rubbish.,0,,62
REV02178,user_0231,laptop stand,2,Worst laptop stand I have ever purchased. Battery dies within an hour — completely unusable for daily tasks. Returning this immediately.,0,Verified Purchase,40
REV02179,user_0401,bluetooth speaker,2,"Huge disappointment, expected much better from this bluetooth speaker. Already broke and I only used it twice — total waste of money. 1 star — would give zero if possible.",0,,94
REV02180,user_0231,wallet,1,Worst wallet I have ever purchased. It stopped working completely after just a few days of light use. 1 star — would give zero if possible.,0,Verified Purchase,49
REV02181,user_0361,fitness tracker,1,Regret buying this fitness tracker. Battery dies within an hour — completely unusable for daily tasks. Absolute rubbish.,0,Verified Purchase,50
REV02182,user_0650,wallet,4,Couldn't be happier with this wallet. Much better than my previous one — noticeable improvement. Would definitely buy again!,1,,70
REV02183,user_0878,blender,5,This blender is worth every penny. Much better than my previous one — noticeable improvement. 5 stars without hesitation.,1,Verified Purchase,85
REV02184,user_0872,mechanical keyboard,5,Very impressed with this mechanical keyboard. Customer support was very responsive when I had questions. Will be buying more products from this brand.,1,Verified Purchase,44
REV02185,user_0550,e-reader,5,"Excellent e-reader, exactly as described. Durable construction — dropped it a few times with no damage. A must-buy!",1,Verified Purchase,72
REV02186,user_0103,gaming mouse,5,This gaming mouse is worth every penny. Durable construction — dropped it a few times with no damage. Will be buying more products from this brand.,1,,10
REV02187,user_0578,backpack,5,Great value for money backpack. I've been using it daily for weeks and it still works like new. Already ordered a second one as a gift.,1,Verified Purchase,38
REV02188,user_0971,e-reader,1,This e-reader is cheaply made and falls apart. Battery dies within an hour — completely unusable for daily tasks. Do not waste your money.,0,Verified Purchase,59
REV02189,user_0955,wallet,5,"This wallet exceeded my expectations. Connectivity is seamless and lag-free every single time. Very satisfied, no complaints.",1,Verified Purchase,87
REV02190,user_0749,bluetooth speaker,4,Super happy with my bluetooth speaker purchase. Fits perfectly and matches exactly what was shown in the photos. 10/10 would recommend!,1,Verified Purchase,55
REV02191,user_0148,toaster oven,1,"Terrible toaster oven, complete waste of money. It stopped working completely after just a few days of light use. Very angry and will not buy from this seller again.",0,Verified Purchase,46
REV02192,user_0875,blender,1,Zero stars if I could for this blender. Instructions were incomprehensible and setup took hours. Worst purchase I've made this year.,0,,64
REV02193,user_0406,water bottle,4,"Excellent water bottle, exactly as described. Connectivity is seamless and lag-free every single time. Will be buying more products from this brand.",1,Verified Purchase,0
REV02194,user_0295,mechanical keyboard,1,Regret buying this mechanical keyboard. Cheaply made materials that scratched and peeled after first use. Worst purchase I've made this year.,0,,7
REV02195,user_0923,coffee maker,1,Very disappointed with this coffee maker. Loud rattling noise that makes it completely unusable. Buyer beware — stay far away.,0,Verified Purchase,61
REV02196,user_0278,webcam,5,Absolutely love this webcam! Comfortable to use for long periods without any fatigue. 10/10 would recommend!,1,Verified Purchase,50
REV02197,user_0555,screen protector,4,Super happy with my screen protector purchase. Comfortable to use for long periods without any fatigue. A must-buy!,1,Verified Purchase,52
REV02198,user_0312,wallet,5,"Outstanding wallet, five stars. My whole family loves it and we've recommended it to friends. 10/10 would recommend!",1,Verified Purchase,78
REV02199,user_0578,smartwatch,5,This smartwatch is a game changer. Packaging was great and the product feels premium. A must-buy!,1,,69
REV02200,user_0404,tablet,1,This tablet stopped working after one week. The packaging was damaged and the product arrived broken. Requested a refund right away.,0,Verified Purchase,109
REV02201,user_0822,yoga mat,4,Absolutely love this yoga mat! Comfortable to use for long periods without any fatigue. Would definitely buy again!,1,Verified Purchase,137
REV02202,user_0184,air purifier,5,This air purifier is worth every penny. The performance quality is incredible for the price. Will be buying more products from this brand.,1,Verified Purchase,75
REV02203,user_0816,instant pot,5,Super happy with my instant pot purchase. Fits perfectly and matches exactly what was shown in the photos. A must-buy!,1,Verified Purchase,73
REV02204,user_0152,gaming mouse,5,"Amazing quality gaming mouse, highly recommend. Comfortable to use for long periods without any fatigue. Will be buying more products from this brand.",1,Verified Purchase,86
REV02205,user_0991,charging cable,4,Very impressed with this charging cable. The performance quality is incredible for the price. Will be buying more products from this brand.,1,Verified Purchase,109
REV02206,user_0411,air purifier,2,Deeply unsatisfied with this air purifier. Cheaply made materials that scratched and peeled after first use. Buyer beware — stay far away.,0,,59
REV02207,user_0757,yoga mat,1,This yoga mat stopped working after one week. Performance is terrible compared to competitors at the same price. Requested a refund right away.,0,Verified Purchase,139
REV02208,user_0102,charging cable,5,Very impressed with this charging cable. Battery life is phenomenal — lasts much longer than advertised. Would definitely buy again!,1,,47
REV02209,user_0543,sunglasses,2,"Poor quality sunglasses, save your money. Already broke and I only used it twice — total waste of money. Very angry and will not buy from this seller again.",0,,139
REV02210,user_0478,webcam,5,Best webcam I've ever purchased. Setup was easy and it works flawlessly right out of the box. 5 stars without hesitation.,1,Verified Purchase,104
REV02211,user_0603,tablet,4,"Amazing quality tablet, highly recommend. Setup was easy and it works flawlessly right out of the box. Very satisfied, no complaints.",1,Verified Purchase,150
REV02212,user_0219,tablet,5,Best tablet I've ever purchased. Comfortable to use for long periods without any fatigue. 10/10 would recommend!,1,,15
REV02213,user_0390,fitness tracker,1,This fitness tracker is a total scam. Customer support never responded to my multiple messages. Buyer beware — stay far away.,0,Verified Purchase,109
REV02214,user_0203,power bank,5,Very impressed with this power bank. Durable construction — dropped it a few times with no damage. Highly recommend to anyone looking for reliability.,1,,29
REV02215,user_0498,wireless headphones,5,"Fantastic wireless headphones, works perfectly. The design is sleek and modern, looks great on my desk. Will be buying more products from this brand.",1,Verified Purchase,109
REV02216,user_0167,smart bulb,5,"Amazing quality smart bulb, highly recommend. Durable construction — dropped it a few times with no damage. 10/10 would recommend!",1,Verified Purchase,82
REV02217,user_0546,yoga mat,2,Deeply unsatisfied with this yoga mat. Loud rattling noise that makes it completely unusable. Do not waste your money.,0,,20
REV02218,user_0942,backpack,5,This backpack is a game changer. Durable construction — dropped it a few times with no damage. Already ordered a second one as a gift.,1,,113
REV02219,user_0868,webcam,2,This webcam broke within days. The design looks nothing like the photos — very misleading listing. Absolute rubbish.,0,,33
REV02220,user_0342,mechanical keyboard,1,This mechanical keyboard broke within days. Performance is terrible compared to competitors at the same price. Absolute rubbish.,0,,80
REV02221,user_0172,gaming mouse,2,Deeply unsatisfied with this gaming mouse. Took forever to arrive and the item was not as described at all. Buyer beware — stay far away.,0,Verified Purchase,125
REV02222,user_0222,screen protector,1,Zero stars if I could for this screen protector. The design looks nothing like the photos — very misleading listing. Very angry and will not buy from this seller again.,0,Verified Purchase,33
REV02223,user_0906,USB hub,5,"Fantastic USB hub, works perfectly. The design is sleek and modern, looks great on my desk. A must-buy!",1,,126
REV02224,user_0750,air purifier,5,"This air purifier is worth every penny. The design is sleek and modern, looks great on my desk. Would definitely buy again!",1,Verified Purchase,23
REV02225,user_0012,resistance bands,5,"Absolutely love this resistance bands! Battery life is phenomenal — lasts much longer than advertised. Very satisfied, no complaints.",1,Verified Purchase,72
REV02226,user_0028,wallet,2,Do NOT buy this wallet. Already broke and I only used it twice — total waste of money. Absolute rubbish.,0,Verified Purchase,8
REV02227,user_0373,air purifier,5,Best air purifier I've ever purchased. Fits perfectly and matches exactly what was shown in the photos. Would definitely buy again!,1,,122
REV02228,user_0929,smartwatch,5,This smartwatch is a game changer. Durable construction — dropped it a few times with no damage. Already ordered a second one as a gift.,1,Verified Purchase,129
REV02229,user_0494,smartwatch,1,This smartwatch is cheaply made and falls apart. Took forever to arrive and the item was not as described at all. Returning this immediately.,0,Verified Purchase,77
REV02230,user_0388,toaster oven,5,This toaster oven exceeded my expectations. Customer support was very responsive when I had questions. A must-buy!,1,,11
REV02231,user_0252,instant pot,1,Not as described — very misleading instant pot listing. Instructions were incomprehensible and setup took hours. Very angry and will not buy from this seller again.,0,Verified Purchase,46
REV02232,user_0810,USB hub,5,Super happy with my USB hub purchase. Packaging was great and the product feels premium. Will be buying more products from this brand.,1,,108
REV02233,user_0282,charging cable,5,"Very impressed with this charging cable. Battery life is phenomenal — lasts much longer than advertised. Very satisfied, no complaints.",1,Verified Purchase,17
REV02234,user_0450,gaming mouse,1,This gaming mouse broke within days. Cheaply made materials that scratched and peeled after first use. Absolute rubbish.,0,Verified Purchase,148
REV02235,user_0226,blender,2,Zero stars if I could for this blender. Very uncomfortable to use and causes strain after just minutes. Buyer beware — stay far away.,0,,8
REV02236,user_0560,smart bulb,5,This smart bulb is worth every penny. Comfortable to use for long periods without any fatigue. Already ordered a second one as a gift.,1,Verified Purchase,87
REV02237,user_0400,fitness tracker,4,Great value for money fitness tracker. Durable construction — dropped it a few times with no damage. Would definitely buy again!,1,Verified Purchase,113
REV02238,user_0783,bluetooth speaker,1,"Terrible bluetooth speaker, complete waste of money. Took forever to arrive and the item was not as described at all. Very angry and will not buy from this seller again.",0,Verified Purchase,111
REV02239,user_0426,phone case,2,Do NOT buy this phone case. Cheaply made materials that scratched and peeled after first use. Worst purchase I've made this year.,0,Verified Purchase,123
REV02240,user_0161,webcam,4,Very impressed with this webcam. Comfortable to use for long periods without any fatigue. 10/10 would recommend!,1,Verified Purchase,77
REV02241,user_0836,USB hub,5,This USB hub is a game changer. Battery life is phenomenal — lasts much longer than advertised. Would definitely buy again!,1,,70
REV02242,user_0069,wallet,1,Deeply unsatisfied with this wallet. Battery dies within an hour — completely unusable for daily tasks. Buyer beware — stay far away.,0,,70
REV02243,user_0669,smartwatch,1,"Poor quality smartwatch, save your money. The design looks nothing like the photos — very misleading listing. Requested a refund right away.",0,Verified Purchase,0
REV02244,user_0471,sunglasses,1,This sunglasses is a total scam. Battery dies within an hour — completely unusable for daily tasks. Absolute rubbish.,0,,149
REV02245,user_0954,earbuds,5,This earbuds is a game changer. Setup was easy and it works flawlessly right out of the box. Would definitely buy again!,1,,133
REV02246,user_0677,wallet,5,Couldn't be happier with this wallet. The build quality is top-notch and it arrived quickly. A must-buy!,1,Verified Purchase,12
REV02247,user_0269,mechanical keyboard,4,Absolutely love this mechanical keyboard! Fits perfectly and matches exactly what was shown in the photos. Highly recommend to anyone looking for reliability.,1,Verified Purchase,10
REV02248,user_0655,tablet,5,Couldn't be happier with this tablet. Customer support was very responsive when I had questions. A must-buy!,1,Verified Purchase,31
REV02249,user_0987,gaming mouse,5,"Very impressed with this gaming mouse. I've been using it daily for weeks and it still works like new. Very satisfied, no complaints.",1,Verified Purchase,57
REV02250,user_0070,earbuds,5,Absolutely love this earbuds! Setup was easy and it works flawlessly right out of the box. Would definitely buy again!,1,Verified Purchase,84
REV02251,user_0744,instant pot,1,Zero stars if I could for this instant pot. The design looks nothing like the photos — very misleading listing. 1 star — would give zero if possible.,0,Verified Purchase,149
REV02252,user_0611,phone case,5,Best phone case I've ever purchased. The build quality is top-notch and it arrived quickly. Will be buying more products from this brand.,1,Verified Purchase,59
REV02253,user_0759,sunglasses,4,Super happy with my sunglasses purchase. Battery life is phenomenal — lasts much longer than advertised. Would definitely buy again!,1,Verified Purchase,52
REV02254,user_0429,running shoes,4,"Absolutely love this running shoes! Durable construction — dropped it a few times with no damage. Very satisfied, no complaints.",1,,8
REV02255,user_0468,monitor,5,Purchased this monitor last month and love it. Much better than my previous one — noticeable improvement. 5 stars without hesitation.,1,Verified Purchase,109
REV02256,user_0879,sunglasses,5,"Excellent sunglasses, exactly as described. I've been using it daily for weeks and it still works like new. 5 stars without hesitation.",1,Verified Purchase,116
REV02257,user_0898,screen protector,5,"Outstanding screen protector, five stars. The design is sleek and modern, looks great on my desk. Already ordered a second one as a gift.",1,,3
REV02258,user_0275,toaster oven,4,This toaster oven exceeded my expectations. Customer support was very responsive when I had questions. Already ordered a second one as a gift.,1,,10
REV02259,user_0088,coffee maker,2,Regret buying this coffee maker. The design looks nothing like the photos — very misleading listing. Very angry and will not buy from this seller again.,0,Verified Purchase,49
REV02260,user_0696,sunglasses,1,Very disappointed with this sunglasses. Cheaply made materials that scratched and peeled after first use. 1 star — would give zero if possible.,0,Verified Purchase,23
REV02261,user_0132,wallet,1,Not as described — very misleading wallet listing. Cheaply made materials that scratched and peeled after first use. Returning this immediately.,0,Verified Purchase,52
REV02262,user_0589,screen protector,5,Very impressed with this screen protector. Comfortable to use for long periods without any fatigue. A must-buy!,1,,108
REV02263,user_0948,tablet,5,"Best tablet I've ever purchased. The design is sleek and modern, looks great on my desk. A must-buy!",1,Verified Purchase,83
REV02264,user_0652,e-reader,5,Purchased this e-reader last month and love it. Packaging was great and the product feels premium. A must-buy!,1,Verified Purchase,22
REV02265,user_0739,webcam,5,This webcam exceeded my expectations. Setup was easy and it works flawlessly right out of the box. 10/10 would recommend!,1,Verified Purchase,139
REV02266,user_0419,yoga mat,2,Regret buying this yoga mat. Cheaply made materials that scratched and peeled after first use. Returning this immediately.,0,,105
REV02267,user_0373,wallet,5,This wallet is worth every penny. Packaging was great and the product feels premium. Would definitely buy again!,1,Verified Purchase,94
REV02268,user_0151,earbuds,1,"Poor quality earbuds, save your money. Very uncomfortable to use and causes strain after just minutes. 1 star — would give zero if possible.",0,,97
REV02269,user_0516,blender,5,Purchased this blender last month and love it. My whole family loves it and we've recommended it to friends. 5 stars without hesitation.,1,Verified Purchase,29
REV02270,user_0994,blender,1,Worst blender I have ever purchased. Cheaply made materials that scratched and peeled after first use. 1 star — would give zero if possible.,0,,70
REV02271,user_0361,power bank,5,This power bank is worth every penny. Connectivity is seamless and lag-free every single time. A must-buy!,1,Verified Purchase,107
REV02272,user_0213,toaster oven,1,"Poor quality toaster oven, save your money. Battery dies within an hour — completely unusable for daily tasks. 1 star — would give zero if possible.",0,Verified Purchase,3
REV02273,user_0965,resistance bands,5,Purchased this resistance bands last month and love it. Battery life is phenomenal — lasts much longer than advertised. Will be buying more products from this brand.,1,Verified Purchase,13
REV02274,user_0479,air purifier,5,Purchased this air purifier last month and love it. The build quality is top-notch and it arrived quickly. Highly recommend to anyone looking for reliability.,1,Verified Purchase,26
REV02275,user_0793,screen protector,2,This screen protector is cheaply made and falls apart. The quality is extremely poor and feels like it will break any day. Absolute rubbish.,0,Verified Purchase,19
REV02276,user_0575,power bank,2,This power bank is cheaply made and falls apart. Instructions were incomprehensible and setup took hours. Very angry and will not buy from this seller again.,0,Verified Purchase,64
REV02277,user_0103,resistance bands,5,This resistance bands is a game changer. Packaging was great and the product feels premium. A must-buy!,1,Verified Purchase,83
REV02278,user_0647,USB hub,4,"Outstanding USB hub, five stars. Packaging was great and the product feels premium. Already ordered a second one as a gift.",1,Verified Purchase,126
REV02279,user_0479,screen protector,1,"Huge disappointment, expected much better from this screen protector. Very uncomfortable to use and causes strain after just minutes. Worst purchase I've made this year.",0,Verified Purchase,127
REV02280,user_0509,instant pot,2,Worst instant pot I have ever purchased. Customer support never responded to my multiple messages. Absolute rubbish.,0,,69
REV02281,user_0101,air purifier,1,Zero stars if I could for this air purifier. Loud rattling noise that makes it completely unusable. Very angry and will not buy from this seller again.,0,Verified Purchase,66
REV02282,user_0630,wallet,5,"Very impressed with this wallet. Connectivity is seamless and lag-free every single time. Very satisfied, no complaints.",1,Verified Purchase,93
REV02283,user_0187,resistance bands,2,"Faulty resistance bands, does not work as advertised. The packaging was damaged and the product arrived broken. Do not waste your money.",0,Verified Purchase,103
REV02284,user_0534,wireless headphones,1,Very disappointed with this wireless headphones. The design looks nothing like the photos — very misleading listing. Absolute rubbish.,0,,135
REV02285,user_0244,earbuds,5,"Outstanding earbuds, five stars. The design is sleek and modern, looks great on my desk. 5 stars without hesitation.",1,Verified Purchase,38
REV02286,user_0991,electric kettle,5,Best electric kettle I've ever purchased. The build quality is top-notch and it arrived quickly. Already ordered a second one as a gift.,1,Verified Purchase,97
REV02287,user_0276,gaming mouse,5,"This gaming mouse exceeded my expectations. My whole family loves it and we've recommended it to friends. Very satisfied, no complaints.",1,Verified Purchase,101
REV02288,user_0468,robot vacuum,5,Great value for money robot vacuum. Setup was easy and it works flawlessly right out of the box. A must-buy!,1,Verified Purchase,113
REV02289,user_0727,bluetooth speaker,1,Zero stars if I could for this bluetooth speaker. Cheaply made materials that scratched and peeled after first use. Do not waste your money.,0,,56
REV02290,user_0813,robot vacuum,2,Very disappointed with this robot vacuum. The packaging was damaged and the product arrived broken. Worst purchase I've made this year.,0,Verified Purchase,12
REV02291,user_0614,sunglasses,5,"Fantastic sunglasses, works perfectly. Customer support was very responsive when I had questions. Would definitely buy again!",1,Verified Purchase,33
REV02292,user_0157,resistance bands,1,This resistance bands broke within days. Already broke and I only used it twice — total waste of money. Requested a refund right away.,0,Verified Purchase,106
REV02293,user_0939,earbuds,1,Do NOT buy this earbuds. The design looks nothing like the photos — very misleading listing. Absolute rubbish.,0,Verified Purchase,72
REV02294,user_0206,gaming mouse,2,"Faulty gaming mouse, does not work as advertised. Took forever to arrive and the item was not as described at all. Requested a refund right away.",0,Verified Purchase,123
REV02295,user_0683,charging cable,4,"This charging cable is a game changer. The design is sleek and modern, looks great on my desk. 5 stars without hesitation.",1,,109
REV02296,user_0438,electric kettle,2,Not as described — very misleading electric kettle listing. Already broke and I only used it twice — total waste of money. Absolute rubbish.,0,Verified Purchase,85
REV02297,user_0052,running shoes,5,Best running shoes I've ever purchased. Much better than my previous one — noticeable improvement. 10/10 would recommend!,1,Verified Purchase,97
REV02298,user_0262,water bottle,4,This water bottle is a game changer. Battery life is phenomenal — lasts much longer than advertised. 5 stars without hesitation.,1,,118
REV02299,user_0696,e-reader,2,"Poor quality e-reader, save your money. Connection drops constantly and the device overheats quickly. Very angry and will not buy from this seller again.",0,Verified Purchase,45
REV02300,user_0605,wireless headphones,2,Zero stars if I could for this wireless headphones. The design looks nothing like the photos — very misleading listing. Very angry and will not buy from this seller again.,0,Verified Purchase,104
REV02301,user_0333,smartwatch,1,This smartwatch is a total scam. Connection drops constantly and the device overheats quickly. Absolute rubbish.,0,,136
REV02302,user_0273,blender,2,Do NOT buy this blender. The design looks nothing like the photos — very misleading listing. Absolute rubbish.,0,,121
REV02303,user_0107,blender,1,This blender is a total scam. Instructions were incomprehensible and setup took hours. Absolute rubbish.,0,Verified Purchase,41
REV02304,user_0168,e-reader,4,Purchased this e-reader last month and love it. Packaging was great and the product feels premium. Would definitely buy again!,1,Verified Purchase,67
REV02305,user_0172,sunglasses,2,This sunglasses is cheaply made and falls apart. Loud rattling noise that makes it completely unusable. Buyer beware — stay far away.,0,,116
REV02306,user_0640,earbuds,5,Super happy with my earbuds purchase. My whole family loves it and we've recommended it to friends. Highly recommend to anyone looking for reliability.,1,,18
REV02307,user_0119,e-reader,5,Great value for money e-reader. Setup was easy and it works flawlessly right out of the box. 5 stars without hesitation.,1,Verified Purchase,59
REV02308,user_0657,screen protector,5,"Outstanding screen protector, five stars. I've been using it daily for weeks and it still works like new. Very satisfied, no complaints.",1,Verified Purchase,28
REV02309,user_0364,fitness tracker,1,This fitness tracker is cheaply made and falls apart. Customer support never responded to my multiple messages. Worst purchase I've made this year.,0,,93
REV02310,user_0202,gaming mouse,2,Very disappointed with this gaming mouse. Very uncomfortable to use and causes strain after just minutes. Buyer beware — stay far away.,0,Verified Purchase,23
REV02311,user_0791,mechanical keyboard,4,Great value for money mechanical keyboard. Connectivity is seamless and lag-free every single time. 10/10 would recommend!,1,Verified Purchase,66
REV02312,user_0809,electric kettle,4,"Fantastic electric kettle, works perfectly. Connectivity is seamless and lag-free every single time. Very satisfied, no complaints.",1,Verified Purchase,16
REV02313,user_0500,wireless headphones,2,Very disappointed with this wireless headphones. Very uncomfortable to use and causes strain after just minutes. Very angry and will not buy from this seller again.,0,Verified Purchase,109
REV02314,user_0984,yoga mat,5,Absolutely love this yoga mat! Customer support was very responsive when I had questions. 5 stars without hesitation.,1,Verified Purchase,120
REV02315,user_0412,electric kettle,5,"Purchased this electric kettle last month and love it. Comfortable to use for long periods without any fatigue. Very satisfied, no complaints.",1,Verified Purchase,75
REV02316,user_0651,running shoes,5,"Couldn't be happier with this running shoes. Connectivity is seamless and lag-free every single time. Very satisfied, no complaints.",1,Verified Purchase,14
REV02317,user_0246,wallet,1,This wallet broke within days. Already broke and I only used it twice — total waste of money. Very angry and will not buy from this seller again.,0,,83
REV02318,user_0019,electric kettle,5,"Amazing quality electric kettle, highly recommend. Fits perfectly and matches exactly what was shown in the photos. Would definitely buy again!",1,Verified Purchase,118
REV02319,user_0391,fitness tracker,1,Worst fitness tracker I have ever purchased. Loud rattling noise that makes it completely unusable. 1 star — would give zero if possible.,0,,141
REV02320,user_0327,e-reader,1,"Faulty e-reader, does not work as advertised. The packaging was damaged and the product arrived broken. Returning this immediately.",0,Verified Purchase,19
REV02321,user_0548,phone case,2,"Huge disappointment, expected much better from this phone case. The design looks nothing like the photos — very misleading listing. Do not waste your money.",0,Verified Purchase,4
REV02322,user_0333,coffee maker,5,This coffee maker is a game changer. Comfortable to use for long periods without any fatigue. Would definitely buy again!,1,Verified Purchase,9
REV02323,user_0779,sunglasses,4,Great value for money sunglasses. The performance quality is incredible for the price. 5 stars without hesitation.,1,,77
REV02324,user_0282,yoga mat,5,"Amazing quality yoga mat, highly recommend. Durable construction — dropped it a few times with no damage. Very satisfied, no complaints.",1,Verified Purchase,117
REV02325,user_0523,robot vacuum,2,This robot vacuum is a total scam. Connection drops constantly and the device overheats quickly. Very angry and will not buy from this seller again.,0,,5
REV02326,user_0216,air purifier,5,This air purifier exceeded my expectations. Much better than my previous one — noticeable improvement. Already ordered a second one as a gift.,1,Verified Purchase,112
REV02327,user_0119,coffee maker,1,Do NOT buy this coffee maker. Took forever to arrive and the item was not as described at all. Requested a refund right away.,0,Verified Purchase,148
REV02328,user_0055,power bank,5,Absolutely love this power bank! I've been using it daily for weeks and it still works like new. Already ordered a second one as a gift.,1,,2
REV02329,user_0955,wireless headphones,1,"Huge disappointment, expected much better from this wireless headphones. The quality is extremely poor and feels like it will break any day. Very angry and will not buy from this seller again.",0,Verified Purchase,118
REV02330,user_0862,phone case,1,Do NOT buy this phone case. Instructions were incomprehensible and setup took hours. Returning this immediately.,0,Verified Purchase,21
REV02331,user_0528,smartwatch,5,"Purchased this smartwatch last month and love it. The build quality is top-notch and it arrived quickly. Very satisfied, no complaints.",1,,139
REV02332,user_0907,charging cable,5,Great value for money charging cable. The build quality is top-notch and it arrived quickly. 10/10 would recommend!,1,Verified Purchase,21
REV02333,user_0808,water bottle,1,Very disappointed with this water bottle. The quality is extremely poor and feels like it will break any day. Requested a refund right away.,0,Verified Purchase,141
REV02334,user_0679,mechanical keyboard,5,"Couldn't be happier with this mechanical keyboard. The performance quality is incredible for the price. Very satisfied, no complaints.",1,Verified Purchase,30
REV02335,user_0937,toaster oven,5,This toaster oven is a game changer. Battery life is phenomenal — lasts much longer than advertised. Would definitely buy again!,1,Verified Purchase,58
REV02336,user_0952,webcam,5,"Fantastic webcam, works perfectly. Durable construction — dropped it a few times with no damage. Would definitely buy again!",1,Verified Purchase,98
REV02337,user_0098,running shoes,4,Super happy with my running shoes purchase. Fits perfectly and matches exactly what was shown in the photos. Will be buying more products from this brand.,1,Verified Purchase,13
REV02338,user_0378,e-reader,4,"Outstanding e-reader, five stars. Setup was easy and it works flawlessly right out of the box. 5 stars without hesitation.",1,Verified Purchase,109
REV02339,user_0743,screen protector,1,This screen protector is cheaply made and falls apart. Already broke and I only used it twice — total waste of money. Do not waste your money.,0,Verified Purchase,106
REV02340,user_0255,power bank,5,"Excellent power bank, exactly as described. Comfortable to use for long periods without any fatigue. A must-buy!",1,Verified Purchase,18
REV02341,user_0838,coffee maker,5,Absolutely love this coffee maker! I've been using it daily for weeks and it still works like new. 5 stars without hesitation.,1,,48
REV02342,user_0495,running shoes,1,This running shoes is cheaply made and falls apart. Instructions were incomprehensible and setup took hours. Absolute rubbish.,0,Verified Purchase,137
REV02343,user_0055,earbuds,5,Great value for money earbuds. Connectivity is seamless and lag-free every single time. Already ordered a second one as a gift.,1,Verified Purchase,28
REV02344,user_0529,mechanical keyboard,5,Very impressed with this mechanical keyboard. I've been using it daily for weeks and it still works like new. A must-buy!,1,,90
REV02345,user_0895,e-reader,2,Worst e-reader I have ever purchased. It stopped working completely after just a few days of light use. Returning this immediately.,0,Verified Purchase,57
REV02346,user_0585,smart bulb,5,This smart bulb exceeded my expectations. Packaging was great and the product feels premium. Will be buying more products from this brand.,1,,9
REV02347,user_0961,monitor,5,"Excellent monitor, exactly as described. Setup was easy and it works flawlessly right out of the box. Highly recommend to anyone looking for reliability.",1,Verified Purchase,126
REV02348,user_0603,wireless headphones,5,"Outstanding wireless headphones, five stars. The design is sleek and modern, looks great on my desk. Already ordered a second one as a gift.",1,,116
REV02349,user_0892,mechanical keyboard,5,Absolutely love this mechanical keyboard! Durable construction — dropped it a few times with no damage. Would definitely buy again!,1,Verified Purchase,39
REV02350,user_0376,robot vacuum,2,"Terrible robot vacuum, complete waste of money. Took forever to arrive and the item was not as described at all. 1 star — would give zero if possible.",0,Verified Purchase,89
REV02351,user_0888,phone case,5,"Amazing quality phone case, highly recommend. Battery life is phenomenal — lasts much longer than advertised. Will be buying more products from this brand.",1,Verified Purchase,25
REV02352,user_0925,toaster oven,1,Do NOT buy this toaster oven. Performance is terrible compared to competitors at the same price. Very angry and will not buy from this seller again.,0,Verified Purchase,9
REV02353,user_0401,backpack,2,Zero stars if I could for this backpack. Very uncomfortable to use and causes strain after just minutes. Do not waste your money.,0,Verified Purchase,66
REV02354,user_0265,gaming mouse,4,"Amazing quality gaming mouse, highly recommend. Connectivity is seamless and lag-free every single time. Highly recommend to anyone looking for reliability.",1,Verified Purchase,11
REV02355,user_0602,coffee maker,1,This coffee maker is a total scam. The design looks nothing like the photos — very misleading listing. Returning this immediately.,0,Verified Purchase,54
REV02356,user_0677,tablet,1,"Poor quality tablet, save your money. Performance is terrible compared to competitors at the same price. Requested a refund right away.",0,,45
REV02357,user_0228,e-reader,4,Absolutely love this e-reader! Customer support was very responsive when I had questions. Already ordered a second one as a gift.,1,,61
REV02358,user_0973,water bottle,5,Best water bottle I've ever purchased. Connectivity is seamless and lag-free every single time. 10/10 would recommend!,1,,129
REV02359,user_0014,screen protector,1,"Terrible screen protector, complete waste of money. The packaging was damaged and the product arrived broken. 1 star — would give zero if possible.",0,Verified Purchase,120
REV02360,user_0570,USB hub,1,Deeply unsatisfied with this USB hub. Battery dies within an hour — completely unusable for daily tasks. Buyer beware — stay far away.,0,Verified Purchase,74
REV02361,user_0321,smart bulb,5,Purchased this smart bulb last month and love it. I've been using it daily for weeks and it still works like new. Will be buying more products from this brand.,1,Verified Purchase,61
REV02362,user_0018,tablet,1,This tablet stopped working after one week. Battery dies within an hour — completely unusable for daily tasks. Requested a refund right away.,0,Verified Purchase,38
REV02363,user_0688,water bottle,1,"Huge disappointment, expected much better from this water bottle. Cheaply made materials that scratched and peeled after first use. Very angry and will not buy from this seller again.",0,,140
REV02364,user_0184,mechanical keyboard,2,"Huge disappointment, expected much better from this mechanical keyboard. Cheaply made materials that scratched and peeled after first use. Worst purchase I've made this year.",0,Verified Purchase,35
REV02365,user_0552,electric kettle,1,"Faulty electric kettle, does not work as advertised. It stopped working completely after just a few days of light use. Do not waste your money.",0,,30
REV02366,user_0134,tablet,1,Very disappointed with this tablet. Customer support never responded to my multiple messages. Worst purchase I've made this year.,0,,15
REV02367,user_0863,charging cable,1,Not as described — very misleading charging cable listing. Already broke and I only used it twice — total waste of money. Requested a refund right away.,0,Verified Purchase,7
REV02368,user_0858,USB hub,1,This USB hub is a total scam. Battery dies within an hour — completely unusable for daily tasks. Requested a refund right away.,0,Verified Purchase,10
REV02369,user_0463,bluetooth speaker,1,Deeply unsatisfied with this bluetooth speaker. It stopped working completely after just a few days of light use. Buyer beware — stay far away.,0,Verified Purchase,102
REV02370,user_0105,earbuds,4,"Excellent earbuds, exactly as described. Battery life is phenomenal — lasts much longer than advertised. Highly recommend to anyone looking for reliability.",1,Verified Purchase,115
REV02371,user_0994,charging cable,5,"Absolutely love this charging cable! Setup was easy and it works flawlessly right out of the box. Very satisfied, no complaints.",1,Verified Purchase,103
REV02372,user_0569,toaster oven,1,Do NOT buy this toaster oven. Loud rattling noise that makes it completely unusable. Very angry and will not buy from this seller again.,0,Verified Purchase,44
REV02373,user_0618,running shoes,5,Couldn't be happier with this running shoes. The performance quality is incredible for the price. 5 stars without hesitation.,1,,85
REV02374,user_0153,electric kettle,1,This electric kettle stopped working after one week. The quality is extremely poor and feels like it will break any day. Absolute rubbish.,0,,114
REV02375,user_0446,resistance bands,4,"Fantastic resistance bands, works perfectly. The build quality is top-notch and it arrived quickly. Will be buying more products from this brand.",1,Verified Purchase,69
REV02376,user_0301,running shoes,5,"Purchased this running shoes last month and love it. The design is sleek and modern, looks great on my desk. Highly recommend to anyone looking for reliability.",1,Verified Purchase,36
REV02377,user_0126,charging cable,5,Absolutely love this charging cable! Customer support was very responsive when I had questions. 10/10 would recommend!,1,Verified Purchase,32
REV02378,user_0783,gaming mouse,4,"Excellent gaming mouse, exactly as described. My whole family loves it and we've recommended it to friends. 10/10 would recommend!",1,Verified Purchase,123
REV02379,user_0287,instant pot,1,Zero stars if I could for this instant pot. Cheaply made materials that scratched and peeled after first use. Very angry and will not buy from this seller again.,0,Verified Purchase,59
REV02380,user_0959,air purifier,5,Best air purifier I've ever purchased. Comfortable to use for long periods without any fatigue. Will be buying more products from this brand.,1,Verified Purchase,90
REV02381,user_0926,earbuds,5,Very impressed with this earbuds. Packaging was great and the product feels premium. Will be buying more products from this brand.,1,Verified Purchase,94
REV02382,user_0069,gaming mouse,2,"Terrible gaming mouse, complete waste of money. The packaging was damaged and the product arrived broken. Very angry and will not buy from this seller again.",0,Verified Purchase,146
REV02383,user_0944,electric kettle,2,Not as described — very misleading electric kettle listing. Already broke and I only used it twice — total waste of money. Requested a refund right away.,0,Verified Purchase,130
REV02384,user_0969,gaming mouse,5,Purchased this gaming mouse last month and love it. Fits perfectly and matches exactly what was shown in the photos. Already ordered a second one as a gift.,1,Verified Purchase,36
REV02385,user_0714,running shoes,1,Not as described — very misleading running shoes listing. Cheaply made materials that scratched and peeled after first use. Buyer beware — stay far away.,0,Verified Purchase,90
REV02386,user_0304,gaming mouse,5,"Absolutely love this gaming mouse! The performance quality is incredible for the price. Very satisfied, no complaints.",1,Verified Purchase,38
REV02387,user_0397,running shoes,5,Best running shoes I've ever purchased. Packaging was great and the product feels premium. 10/10 would recommend!,1,Verified Purchase,34
REV02388,user_0365,yoga mat,2,"Terrible yoga mat, complete waste of money. Battery dies within an hour — completely unusable for daily tasks. Returning this immediately.",0,,65
REV02389,user_0614,backpack,1,"Poor quality backpack, save your money. The design looks nothing like the photos — very misleading listing. Buyer beware — stay far away.",0,Verified Purchase,23
REV02390,user_0634,water bottle,5,Absolutely love this water bottle! My whole family loves it and we've recommended it to friends. 10/10 would recommend!,1,Verified Purchase,8
REV02391,user_0713,instant pot,5,"Solid instant pot, highly satisfied. My whole family loves it and we've recommended it to friends. 5 stars without hesitation.",1,,46
REV02392,user_0094,gaming mouse,1,Not as described — very misleading gaming mouse listing. The quality is extremely poor and feels like it will break any day. Buyer beware — stay far away.,0,Verified Purchase,146
REV02393,user_0122,sunglasses,2,"Faulty sunglasses, does not work as advertised. Performance is terrible compared to competitors at the same price. Returning this immediately.",0,,41
REV02394,user_0786,resistance bands,5,This resistance bands is a game changer. My whole family loves it and we've recommended it to friends. 5 stars without hesitation.,1,Verified Purchase,4
REV02395,user_0712,fitness tracker,2,Very disappointed with this fitness tracker. Already broke and I only used it twice — total waste of money. Absolute rubbish.,0,Verified Purchase,70
REV02396,user_0161,fitness tracker,4,"Excellent fitness tracker, exactly as described. Packaging was great and the product feels premium. Will be buying more products from this brand.",1,Verified Purchase,44
REV02397,user_0457,smart bulb,5,Purchased this smart bulb last month and love it. Customer support was very responsive when I had questions. 5 stars without hesitation.,1,Verified Purchase,139
REV02398,user_0399,mechanical keyboard,5,This mechanical keyboard exceeded my expectations. Connectivity is seamless and lag-free every single time. 10/10 would recommend!,1,Verified Purchase,118
REV02399,user_0439,webcam,1,"Faulty webcam, does not work as advertised. It stopped working completely after just a few days of light use. Absolute rubbish.",0,,109
REV02400,user_0514,e-reader,1,Zero stars if I could for this e-reader. The packaging was damaged and the product arrived broken. 1 star — would give zero if possible.,0,Verified Purchase,65
REV02401,user_0004,backpack,1,This backpack is cheaply made and falls apart. Loud rattling noise that makes it completely unusable. Do not waste your money.,0,,104
REV02402,user_0434,wireless headphones,5,Couldn't be happier with this wireless headphones. The build quality is top-notch and it arrived quickly. Already ordered a second one as a gift.,1,Verified Purchase,93
REV02403,user_0557,backpack,5,"Outstanding backpack, five stars. The design is sleek and modern, looks great on my desk. A must-buy!",1,Verified Purchase,92
REV02404,user_0175,screen protector,5,"Amazing quality screen protector, highly recommend. Customer support was very responsive when I had questions. A must-buy!",1,Verified Purchase,20
REV02405,user_0291,resistance bands,4,"Solid resistance bands, highly satisfied. Comfortable to use for long periods without any fatigue. 5 stars without hesitation.",1,,30
REV02406,user_0242,smartwatch,4,This smartwatch is a game changer. The build quality is top-notch and it arrived quickly. Already ordered a second one as a gift.,1,,83
REV02407,user_0089,laptop stand,5,This laptop stand is a game changer. Packaging was great and the product feels premium. Would definitely buy again!,1,Verified Purchase,102
REV02408,user_0310,toaster oven,1,Zero stars if I could for this toaster oven. Performance is terrible compared to competitors at the same price. Buyer beware — stay far away.,0,Verified Purchase,24
REV02409,user_0232,laptop stand,1,This laptop stand is cheaply made and falls apart. Loud rattling noise that makes it completely unusable. Do not waste your money.,0,Verified Purchase,69
REV02410,user_0611,e-reader,5,"Best e-reader I've ever purchased. Durable construction — dropped it a few times with no damage. Very satisfied, no complaints.",1,Verified Purchase,58
REV02411,user_0748,smart bulb,2,"Poor quality smart bulb, save your money. Customer support never responded to my multiple messages. Returning this immediately.",0,,38
REV02412,user_0497,toaster oven,5,This toaster oven is worth every penny. The performance quality is incredible for the price. Will be buying more products from this brand.,1,Verified Purchase,135
REV02413,user_0465,bluetooth speaker,1,This bluetooth speaker is a total scam. Loud rattling noise that makes it completely unusable. 1 star — would give zero if possible.,0,Verified Purchase,84
REV02414,user_0910,gaming mouse,1,This gaming mouse is a total scam. Took forever to arrive and the item was not as described at all. Absolute rubbish.,0,Verified Purchase,2
REV02415,user_0366,webcam,5,"Amazing quality webcam, highly recommend. Durable construction — dropped it a few times with no damage. 10/10 would recommend!",1,Verified Purchase,60
REV02416,user_0267,electric kettle,1,"Poor quality electric kettle, save your money. Instructions were incomprehensible and setup took hours. Very angry and will not buy from this seller again.",0,Verified Purchase,131
REV02417,user_0247,electric kettle,5,Very impressed with this electric kettle. My whole family loves it and we've recommended it to friends. Already ordered a second one as a gift.,1,Verified Purchase,109
REV02418,user_0744,resistance bands,1,Very disappointed with this resistance bands. The packaging was damaged and the product arrived broken. Absolute rubbish.,0,,135
REV02419,user_0905,laptop stand,4,"Excellent laptop stand, exactly as described. I've been using it daily for weeks and it still works like new. Very satisfied, no complaints.",1,Verified Purchase,33
REV02420,user_0015,running shoes,1,Very disappointed with this running shoes. Cheaply made materials that scratched and peeled after first use. Buyer beware — stay far away.,0,Verified Purchase,53
REV02421,user_0686,resistance bands,2,"Terrible resistance bands, complete waste of money. Already broke and I only used it twice — total waste of money. Do not waste your money.",0,Verified Purchase,110
REV02422,user_0757,blender,4,"This blender is worth every penny. The design is sleek and modern, looks great on my desk. 5 stars without hesitation.",1,Verified Purchase,146
REV02423,user_0385,fitness tracker,2,Regret buying this fitness tracker. The quality is extremely poor and feels like it will break any day. Very angry and will not buy from this seller again.,0,Verified Purchase,138
REV02424,user_0340,mechanical keyboard,4,This mechanical keyboard exceeded my expectations. The build quality is top-notch and it arrived quickly. Would definitely buy again!,1,Verified Purchase,80
REV02425,user_0254,coffee maker,2,This coffee maker is a total scam. Loud rattling noise that makes it completely unusable. Buyer beware — stay far away.,0,Verified Purchase,106
REV02426,user_0027,robot vacuum,4,"Excellent robot vacuum, exactly as described. I've been using it daily for weeks and it still works like new. Already ordered a second one as a gift.",1,Verified Purchase,127
REV02427,user_0678,phone case,1,This phone case is cheaply made and falls apart. The packaging was damaged and the product arrived broken. Absolute rubbish.,0,,68
REV02428,user_0023,wallet,5,Super happy with my wallet purchase. Comfortable to use for long periods without any fatigue. Will be buying more products from this brand.,1,,86
REV02429,user_0001,backpack,5,This backpack is worth every penny. My whole family loves it and we've recommended it to friends. Already ordered a second one as a gift.,1,Verified Purchase,104
REV02430,user_0565,backpack,5,This backpack is a game changer. Connectivity is seamless and lag-free every single time. Will be buying more products from this brand.,1,Verified Purchase,44
REV02431,user_0358,coffee maker,1,Do NOT buy this coffee maker. The design looks nothing like the photos — very misleading listing. Requested a refund right away.,0,Verified Purchase,112
REV02432,user_0489,yoga mat,5,"Excellent yoga mat, exactly as described. Setup was easy and it works flawlessly right out of the box. 5 stars without hesitation.",1,Verified Purchase,63
REV02433,user_0337,coffee maker,2,Zero stars if I could for this coffee maker. Instructions were incomprehensible and setup took hours. Absolute rubbish.,0,Verified Purchase,2
REV02434,user_0176,coffee maker,5,This coffee maker exceeded my expectations. Comfortable to use for long periods without any fatigue. Would definitely buy again!,1,,92
REV02435,user_0440,wallet,4,Best wallet I've ever purchased. I've been using it daily for weeks and it still works like new. Highly recommend to anyone looking for reliability.,1,Verified Purchase,8
REV02436,user_0782,bluetooth speaker,5,Great value for money bluetooth speaker. Durable construction — dropped it a few times with no damage. A must-buy!,1,Verified Purchase,115
REV02437,user_0981,wallet,5,This wallet is a game changer. Fits perfectly and matches exactly what was shown in the photos. Already ordered a second one as a gift.,1,Verified Purchase,75
REV02438,user_0771,toaster oven,1,Regret buying this toaster oven. It stopped working completely after just a few days of light use. Buyer beware — stay far away.,0,Verified Purchase,57
REV02439,user_0671,resistance bands,5,Great value for money resistance bands. The build quality is top-notch and it arrived quickly. Highly recommend to anyone looking for reliability.,1,Verified Purchase,3
REV02440,user_0873,fitness tracker,1,Deeply unsatisfied with this fitness tracker. Very uncomfortable to use and causes strain after just minutes. Requested a refund right away.,0,Verified Purchase,114
REV02441,user_0087,electric kettle,1,"Terrible electric kettle, complete waste of money. Cheaply made materials that scratched and peeled after first use. Absolute rubbish.",0,Verified Purchase,99
REV02442,user_0842,yoga mat,5,Great value for money yoga mat. The performance quality is incredible for the price. Already ordered a second one as a gift.,1,,31
REV02443,user_0577,screen protector,1,"Faulty screen protector, does not work as advertised. The design looks nothing like the photos — very misleading listing. Buyer beware — stay far away.",0,Verified Purchase,106
REV02444,user_0560,wallet,5,Couldn't be happier with this wallet. Connectivity is seamless and lag-free every single time. 10/10 would recommend!,1,Verified Purchase,58
REV02445,user_0464,laptop stand,4,Couldn't be happier with this laptop stand. Comfortable to use for long periods without any fatigue. Highly recommend to anyone looking for reliability.,1,Verified Purchase,83
REV02446,user_0410,smart bulb,1,Deeply unsatisfied with this smart bulb. It stopped working completely after just a few days of light use. Very angry and will not buy from this seller again.,0,,3
REV02447,user_0882,mechanical keyboard,2,Do NOT buy this mechanical keyboard. Connection drops constantly and the device overheats quickly. Very angry and will not buy from this seller again.,0,Verified Purchase,30
REV02448,user_0213,earbuds,1,Very disappointed with this earbuds. Very uncomfortable to use and causes strain after just minutes. Buyer beware — stay far away.,0,,25
REV02449,user_0333,e-reader,5,Super happy with my e-reader purchase. The performance quality is incredible for the price. A must-buy!,1,Verified Purchase,2
REV02450,user_0241,wallet,5,Purchased this wallet last month and love it. Packaging was great and the product feels premium. 10/10 would recommend!,1,Verified Purchase,3
REV02451,user_0296,USB hub,5,"Fantastic USB hub, works perfectly. I've been using it daily for weeks and it still works like new. Will be buying more products from this brand.",1,Verified Purchase,30
REV02452,user_0113,e-reader,2,"Poor quality e-reader, save your money. Already broke and I only used it twice — total waste of money. Do not waste your money.",0,Verified Purchase,105
REV02453,user_0783,sunglasses,5,Best sunglasses I've ever purchased. Comfortable to use for long periods without any fatigue. Highly recommend to anyone looking for reliability.,1,,7
REV02454,user_0356,running shoes,2,This running shoes broke within days. The packaging was damaged and the product arrived broken. 1 star — would give zero if possible.,0,Verified Purchase,59
REV02455,user_0320,monitor,5,"Solid monitor, highly satisfied. Durable construction — dropped it a few times with no damage. 5 stars without hesitation.",1,Verified Purchase,116
REV02456,user_0261,instant pot,2,This instant pot is a total scam. The design looks nothing like the photos — very misleading listing. Requested a refund right away.,0,Verified Purchase,63
REV02457,user_0133,coffee maker,5,Super happy with my coffee maker purchase. Durable construction — dropped it a few times with no damage. Highly recommend to anyone looking for reliability.,1,Verified Purchase,51
REV02458,user_0702,fitness tracker,1,"Poor quality fitness tracker, save your money. The quality is extremely poor and feels like it will break any day. 1 star — would give zero if possible.",0,,102
REV02459,user_0201,laptop stand,4,"Couldn't be happier with this laptop stand. The design is sleek and modern, looks great on my desk. Already ordered a second one as a gift.",1,,28
REV02460,user_0279,bluetooth speaker,4,"Amazing quality bluetooth speaker, highly recommend. My whole family loves it and we've recommended it to friends. Already ordered a second one as a gift.",1,Verified Purchase,96
REV02461,user_0632,electric kettle,5,"Fantastic electric kettle, works perfectly. The design is sleek and modern, looks great on my desk. Already ordered a second one as a gift.",1,Verified Purchase,72
REV02462,user_0906,USB hub,5,"Amazing quality USB hub, highly recommend. I've been using it daily for weeks and it still works like new. 10/10 would recommend!",1,Verified Purchase,73
REV02463,user_0070,sunglasses,2,"Poor quality sunglasses, save your money. Connection drops constantly and the device overheats quickly. 1 star — would give zero if possible.",0,Verified Purchase,44
REV02464,user_0695,smart bulb,5,"Absolutely love this smart bulb! Durable construction — dropped it a few times with no damage. Very satisfied, no complaints.",1,,117
REV02465,user_0420,charging cable,1,"Poor quality charging cable, save your money. Performance is terrible compared to competitors at the same price. Worst purchase I've made this year.",0,Verified Purchase,51
REV02466,user_0613,bluetooth speaker,2,This bluetooth speaker is cheaply made and falls apart. Already broke and I only used it twice — total waste of money. Worst purchase I've made this year.,0,Verified Purchase,18
REV02467,user_0932,smartwatch,2,This smartwatch stopped working after one week. Very uncomfortable to use and causes strain after just minutes. Very angry and will not buy from this seller again.,0,Verified Purchase,97
REV02468,user_0866,sunglasses,5,"Amazing quality sunglasses, highly recommend. Much better than my previous one — noticeable improvement. Highly recommend to anyone looking for reliability.",1,Verified Purchase,29
REV02469,user_0894,tablet,5,Couldn't be happier with this tablet. The performance quality is incredible for the price. Highly recommend to anyone looking for reliability.,1,Verified Purchase,120
REV02470,user_0447,fitness tracker,1,Worst fitness tracker I have ever purchased. Battery dies within an hour — completely unusable for daily tasks. Returning this immediately.,0,,41
REV02471,user_0584,charging cable,5,"Solid charging cable, highly satisfied. Much better than my previous one — noticeable improvement. 5 stars without hesitation.",1,,46
REV02472,user_0038,toaster oven,5,This toaster oven is a game changer. Connectivity is seamless and lag-free every single time. 10/10 would recommend!,1,,39
REV02473,user_0437,e-reader,2,"Poor quality e-reader, save your money. Customer support never responded to my multiple messages. Requested a refund right away.",0,Verified Purchase,42
REV02474,user_0538,bluetooth speaker,5,"Outstanding bluetooth speaker, five stars. My whole family loves it and we've recommended it to friends. Will be buying more products from this brand.",1,Verified Purchase,37
REV02475,user_0903,running shoes,1,"Poor quality running shoes, save your money. Instructions were incomprehensible and setup took hours. Do not waste your money.",0,,27
REV02476,user_0118,USB hub,5,"Excellent USB hub, exactly as described. Packaging was great and the product feels premium. Highly recommend to anyone looking for reliability.",1,Verified Purchase,9
REV02477,user_0391,charging cable,2,This charging cable stopped working after one week. Customer support never responded to my multiple messages. Very angry and will not buy from this seller again.,0,,149
REV02478,user_0766,gaming mouse,1,"Faulty gaming mouse, does not work as advertised. Very uncomfortable to use and causes strain after just minutes. Returning this immediately.",0,Verified Purchase,75
REV02479,user_0289,laptop stand,2,Zero stars if I could for this laptop stand. Battery dies within an hour — completely unusable for daily tasks. Requested a refund right away.,0,Verified Purchase,73
REV02480,user_0900,e-reader,2,This e-reader stopped working after one week. Very uncomfortable to use and causes strain after just minutes. Requested a refund right away.,0,Verified Purchase,28
REV02481,user_0801,tablet,5,"Excellent tablet, exactly as described. Connectivity is seamless and lag-free every single time. Would definitely buy again!",1,Verified Purchase,122
REV02482,user_0636,tablet,5,"Outstanding tablet, five stars. Customer support was very responsive when I had questions. Very satisfied, no complaints.",1,Verified Purchase,13
REV02483,user_0728,smart bulb,5,Great value for money smart bulb. Packaging was great and the product feels premium. 10/10 would recommend!,1,Verified Purchase,63
REV02484,user_0054,USB hub,5,"Excellent USB hub, exactly as described. Customer support was very responsive when I had questions. Already ordered a second one as a gift.",1,Verified Purchase,105
REV02485,user_0281,instant pot,5,This instant pot is worth every penny. I've been using it daily for weeks and it still works like new. 5 stars without hesitation.,1,Verified Purchase,25
REV02486,user_0433,toaster oven,2,Very disappointed with this toaster oven. Customer support never responded to my multiple messages. Do not waste your money.,0,Verified Purchase,39
REV02487,user_0657,bluetooth speaker,1,This bluetooth speaker stopped working after one week. Instructions were incomprehensible and setup took hours. 1 star — would give zero if possible.,0,Verified Purchase,80
REV02488,user_0336,smartwatch,2,Zero stars if I could for this smartwatch. The quality is extremely poor and feels like it will break any day. Do not waste your money.,0,,39
REV02489,user_0843,e-reader,5,This e-reader exceeded my expectations. Connectivity is seamless and lag-free every single time. Highly recommend to anyone looking for reliability.,1,Verified Purchase,22
REV02490,user_0845,webcam,1,Not as described — very misleading webcam listing. Loud rattling noise that makes it completely unusable. Buyer beware — stay far away.,0,Verified Purchase,131
REV02491,user_0158,webcam,2,Not as described — very misleading webcam listing. Cheaply made materials that scratched and peeled after first use. Returning this immediately.,0,Verified Purchase,55
REV02492,user_0675,phone case,1,"Faulty phone case, does not work as advertised. The quality is extremely poor and feels like it will break any day. Do not waste your money.",0,Verified Purchase,62
REV02493,user_0134,power bank,5,Purchased this power bank last month and love it. I've been using it daily for weeks and it still works like new. Already ordered a second one as a gift.,1,Verified Purchase,13
REV02494,user_0997,air purifier,1,"Poor quality air purifier, save your money. Cheaply made materials that scratched and peeled after first use. Absolute rubbish.",0,Verified Purchase,32
REV02495,user_0422,phone case,5,Super happy with my phone case purchase. Customer support was very responsive when I had questions. Will be buying more products from this brand.,1,Verified Purchase,113
REV02496,user_0340,air purifier,5,Great value for money air purifier. Much better than my previous one — noticeable improvement. Would definitely buy again!,1,Verified Purchase,106
REV02497,user_0143,backpack,5,Great value for money backpack. Much better than my previous one — noticeable improvement. Would definitely buy again!,1,Verified Purchase,78
REV02498,user_0988,smartwatch,5,"Fantastic smartwatch, works perfectly. Connectivity is seamless and lag-free every single time. Would definitely buy again!",1,Verified Purchase,137
REV02499,user_0381,charging cable,2,This charging cable stopped working after one week. Customer support never responded to my multiple messages. Returning this immediately.,0,Verified Purchase,28
REV02500,user_0053,phone case,2,"Poor quality phone case, save your money. Performance is terrible compared to competitors at the same price. Do not waste your money.",0,Verified Purchase,36
REV02501,user_0848,smart bulb,5,Couldn't be happier with this smart bulb. Fits perfectly and matches exactly what was shown in the photos. A must-buy!,1,Verified Purchase,15
REV02502,user_0161,wireless headphones,5,Best wireless headphones I've ever purchased. Battery life is phenomenal — lasts much longer than advertised. A must-buy!,1,Verified Purchase,33
REV02503,user_0890,power bank,5,Purchased this power bank last month and love it. Battery life is phenomenal — lasts much longer than advertised. 5 stars without hesitation.,1,Verified Purchase,45
REV02504,user_0708,wireless headphones,1,This wireless headphones is a total scam. The design looks nothing like the photos — very misleading listing. Do not waste your money.,0,Verified Purchase,106
REV02505,user_0357,coffee maker,1,Very disappointed with this coffee maker. Battery dies within an hour — completely unusable for daily tasks. Worst purchase I've made this year.,0,,98
REV02506,user_0775,yoga mat,5,"Amazing quality yoga mat, highly recommend. Much better than my previous one — noticeable improvement. A must-buy!",1,,73
REV02507,user_0029,power bank,4,This power bank is a game changer. I've been using it daily for weeks and it still works like new. Highly recommend to anyone looking for reliability.,1,,110
REV02508,user_0116,gaming mouse,2,Deeply unsatisfied with this gaming mouse. Customer support never responded to my multiple messages. 1 star — would give zero if possible.,0,Verified Purchase,54
REV02509,user_0515,blender,2,"Poor quality blender, save your money. Loud rattling noise that makes it completely unusable. Very angry and will not buy from this seller again.",0,Verified Purchase,144
REV02510,user_0635,earbuds,2,This earbuds stopped working after one week. Very uncomfortable to use and causes strain after just minutes. Worst purchase I've made this year.,0,Verified Purchase,34
REV02511,user_0792,e-reader,2,Do NOT buy this e-reader. Already broke and I only used it twice — total waste of money. Worst purchase I've made this year.,0,Verified Purchase,81
REV02512,user_0005,monitor,1,Regret buying this monitor. Loud rattling noise that makes it completely unusable. Worst purchase I've made this year.,0,Verified Purchase,136
REV02513,user_0268,yoga mat,4,Couldn't be happier with this yoga mat. Much better than my previous one — noticeable improvement. Highly recommend to anyone looking for reliability.,1,Verified Purchase,45
REV02514,user_0485,water bottle,5,Super happy with my water bottle purchase. Connectivity is seamless and lag-free every single time. Highly recommend to anyone looking for reliability.,1,,79
REV02515,user_0603,backpack,5,Absolutely love this backpack! Durable construction — dropped it a few times with no damage. Highly recommend to anyone looking for reliability.,1,Verified Purchase,16
REV02516,user_0230,sunglasses,4,Purchased this sunglasses last month and love it. The performance quality is incredible for the price. 5 stars without hesitation.,1,Verified Purchase,78
REV02517,user_0929,air purifier,1,Not as described — very misleading air purifier listing. Already broke and I only used it twice — total waste of money. Very angry and will not buy from this seller again.,0,,126
REV02518,user_0524,monitor,5,"Amazing quality monitor, highly recommend. Comfortable to use for long periods without any fatigue. 5 stars without hesitation.",1,Verified Purchase,82
REV02519,user_0010,blender,5,"Best blender I've ever purchased. The design is sleek and modern, looks great on my desk. 10/10 would recommend!",1,Verified Purchase,91
REV02520,user_0574,air purifier,5,Very impressed with this air purifier. Connectivity is seamless and lag-free every single time. Highly recommend to anyone looking for reliability.,1,,96
REV02521,user_0692,laptop stand,5,"Very impressed with this laptop stand. Packaging was great and the product feels premium. Very satisfied, no complaints.",1,Verified Purchase,64
REV02522,user_0306,yoga mat,1,Worst yoga mat I have ever purchased. Cheaply made materials that scratched and peeled after first use. Very angry and will not buy from this seller again.,0,Verified Purchase,150
REV02523,user_0014,fitness tracker,2,Deeply unsatisfied with this fitness tracker. The design looks nothing like the photos — very misleading listing. Requested a refund right away.,0,Verified Purchase,81
REV02524,user_0936,smartwatch,4,Great value for money smartwatch. I've been using it daily for weeks and it still works like new. Will be buying more products from this brand.,1,,21
REV02525,user_0015,webcam,1,"Poor quality webcam, save your money. Very uncomfortable to use and causes strain after just minutes. Very angry and will not buy from this seller again.",0,Verified Purchase,114
REV02526,user_0905,power bank,1,"Huge disappointment, expected much better from this power bank. Already broke and I only used it twice — total waste of money. Requested a refund right away.",0,Verified Purchase,84
REV02527,user_0351,charging cable,5,"Solid charging cable, highly satisfied. The build quality is top-notch and it arrived quickly. Highly recommend to anyone looking for reliability.",1,Verified Purchase,42
REV02528,user_0690,yoga mat,5,"Fantastic yoga mat, works perfectly. Battery life is phenomenal — lasts much longer than advertised. Would definitely buy again!",1,Verified Purchase,136
REV02529,user_0757,e-reader,2,This e-reader is a total scam. Connection drops constantly and the device overheats quickly. Very angry and will not buy from this seller again.,0,Verified Purchase,59
REV02530,user_0592,phone case,5,Couldn't be happier with this phone case. Setup was easy and it works flawlessly right out of the box. Would definitely buy again!,1,,117
REV02531,user_0678,wireless headphones,1,Deeply unsatisfied with this wireless headphones. Cheaply made materials that scratched and peeled after first use. Worst purchase I've made this year.,0,Verified Purchase,126
REV02532,user_0584,wallet,2,Deeply unsatisfied with this wallet. Cheaply made materials that scratched and peeled after first use. Buyer beware — stay far away.,0,Verified Purchase,94
REV02533,user_0225,resistance bands,5,"This resistance bands exceeded my expectations. The design is sleek and modern, looks great on my desk. 10/10 would recommend!",1,Verified Purchase,100
REV02534,user_0941,phone case,1,This phone case is a total scam. The design looks nothing like the photos — very misleading listing. Returning this immediately.,0,Verified Purchase,13
REV02535,user_0600,yoga mat,1,"Terrible yoga mat, complete waste of money. The packaging was damaged and the product arrived broken. Do not waste your money.",0,Verified Purchase,98
REV02536,user_0877,electric kettle,1,This electric kettle stopped working after one week. Instructions were incomprehensible and setup took hours. Worst purchase I've made this year.,0,,39
REV02537,user_0194,blender,5,"Fantastic blender, works perfectly. The design is sleek and modern, looks great on my desk. Would definitely buy again!",1,Verified Purchase,5
REV02538,user_0834,coffee maker,5,"Amazing quality coffee maker, highly recommend. Packaging was great and the product feels premium. 5 stars without hesitation.",1,Verified Purchase,22
REV02539,user_0660,mechanical keyboard,5,"Outstanding mechanical keyboard, five stars. The design is sleek and modern, looks great on my desk. Very satisfied, no complaints.",1,Verified Purchase,115
REV02540,user_0474,phone case,5,Great value for money phone case. The performance quality is incredible for the price. 10/10 would recommend!,1,,14
REV02541,user_0593,earbuds,5,"Solid earbuds, highly satisfied. Customer support was very responsive when I had questions. Very satisfied, no complaints.",1,Verified Purchase,83
REV02542,user_0885,phone case,2,This phone case is cheaply made and falls apart. It stopped working completely after just a few days of light use. Worst purchase I've made this year.,0,,85
REV02543,user_0821,charging cable,2,This charging cable stopped working after one week. It stopped working completely after just a few days of light use. 1 star — would give zero if possible.,0,,80
REV02544,user_0322,charging cable,1,This charging cable is cheaply made and falls apart. Performance is terrible compared to competitors at the same price. Requested a refund right away.,0,Verified Purchase,11
REV02545,user_0421,robot vacuum,2,Worst robot vacuum I have ever purchased. Very uncomfortable to use and causes strain after just minutes. Buyer beware — stay far away.,0,,7
REV02546,user_0836,backpack,1,"Huge disappointment, expected much better from this backpack. The quality is extremely poor and feels like it will break any day. Very angry and will not buy from this seller again.",0,Verified Purchase,107
REV02547,user_0956,tablet,1,"Faulty tablet, does not work as advertised. Very uncomfortable to use and causes strain after just minutes. Returning this immediately.",0,,92
REV02548,user_0408,backpack,5,"Fantastic backpack, works perfectly. Customer support was very responsive when I had questions. Highly recommend to anyone looking for reliability.",1,Verified Purchase,36
REV02549,user_0027,monitor,1,This monitor broke within days. Instructions were incomprehensible and setup took hours. 1 star — would give zero if possible.,0,Verified Purchase,98
REV02550,user_0820,instant pot,1,Deeply unsatisfied with this instant pot. Performance is terrible compared to competitors at the same price. Absolute rubbish.,0,,113
REV02551,user_0634,coffee maker,5,"Fantastic coffee maker, works perfectly. Packaging was great and the product feels premium. Already ordered a second one as a gift.",1,Verified Purchase,141
REV02552,user_0926,gaming mouse,1,Worst gaming mouse I have ever purchased. Cheaply made materials that scratched and peeled after first use. 1 star — would give zero if possible.,0,,85
REV02553,user_0971,blender,2,This blender broke within days. The packaging was damaged and the product arrived broken. 1 star — would give zero if possible.,0,Verified Purchase,42
REV02554,user_0165,phone case,4,"Fantastic phone case, works perfectly. Comfortable to use for long periods without any fatigue. Very satisfied, no complaints.",1,Verified Purchase,122
REV02555,user_0509,monitor,5,"Outstanding monitor, five stars. Durable construction — dropped it a few times with no damage. Highly recommend to anyone looking for reliability.",1,Verified Purchase,60
REV02556,user_0734,water bottle,2,"Huge disappointment, expected much better from this water bottle. Already broke and I only used it twice — total waste of money. Absolute rubbish.",0,Verified Purchase,99
REV02557,user_0774,resistance bands,5,"Solid resistance bands, highly satisfied. The build quality is top-notch and it arrived quickly. Will be buying more products from this brand.",1,,139
REV02558,user_0044,instant pot,4,"Purchased this instant pot last month and love it. Connectivity is seamless and lag-free every single time. Very satisfied, no complaints.",1,,79
REV02559,user_0281,fitness tracker,1,Worst fitness tracker I have ever purchased. Connection drops constantly and the device overheats quickly. Returning this immediately.,0,Verified Purchase,116
REV02560,user_0371,fitness tracker,5,"Super happy with my fitness tracker purchase. Connectivity is seamless and lag-free every single time. Very satisfied, no complaints.",1,Verified Purchase,39
REV02561,user_0947,wireless headphones,4,Absolutely love this wireless headphones! Comfortable to use for long periods without any fatigue. Already ordered a second one as a gift.,1,Verified Purchase,1
REV02562,user_0630,backpack,5,"This backpack is a game changer. The design is sleek and modern, looks great on my desk. Would definitely buy again!",1,,70
REV02563,user_0668,backpack,4,This backpack is worth every penny. Much better than my previous one — noticeable improvement. Highly recommend to anyone looking for reliability.,1,Verified Purchase,23
REV02564,user_0539,smart bulb,4,"Fantastic smart bulb, works perfectly. Packaging was great and the product feels premium. 5 stars without hesitation.",1,,122
REV02565,user_0038,smart bulb,1,Deeply unsatisfied with this smart bulb. The design looks nothing like the photos — very misleading listing. Worst purchase I've made this year.,0,Verified Purchase,142
REV02566,user_0241,air purifier,1,"Terrible air purifier, complete waste of money. The packaging was damaged and the product arrived broken. Returning this immediately.",0,Verified Purchase,92
REV02567,user_0357,air purifier,5,"Solid air purifier, highly satisfied. The build quality is top-notch and it arrived quickly. 10/10 would recommend!",1,Verified Purchase,112
REV02568,user_0879,running shoes,1,This running shoes is cheaply made and falls apart. It stopped working completely after just a few days of light use. Absolute rubbish.,0,Verified Purchase,25
REV02569,user_0101,earbuds,1,Regret buying this earbuds. Instructions were incomprehensible and setup took hours. Returning this immediately.,0,,81
REV02570,user_0860,smartwatch,5,Best smartwatch I've ever purchased. Packaging was great and the product feels premium. Highly recommend to anyone looking for reliability.,1,Verified Purchase,75
REV02571,user_0137,smartwatch,1,"Faulty smartwatch, does not work as advertised. It stopped working completely after just a few days of light use. 1 star — would give zero if possible.",0,Verified Purchase,60
REV02572,user_0715,phone case,2,Zero stars if I could for this phone case. It stopped working completely after just a few days of light use. Absolute rubbish.,0,Verified Purchase,111
REV02573,user_0239,backpack,1,Very disappointed with this backpack. Battery dies within an hour — completely unusable for daily tasks. Worst purchase I've made this year.,0,Verified Purchase,31
REV02574,user_0079,monitor,1,This monitor is cheaply made and falls apart. Took forever to arrive and the item was not as described at all. Returning this immediately.,0,,126
REV02575,user_0889,screen protector,1,Zero stars if I could for this screen protector. Took forever to arrive and the item was not as described at all. Do not waste your money.,0,Verified Purchase,105
REV02576,user_0388,bluetooth speaker,1,Zero stars if I could for this bluetooth speaker. Very uncomfortable to use and causes strain after just minutes. Worst purchase I've made this year.,0,Verified Purchase,33
REV02577,user_0807,laptop stand,5,Couldn't be happier with this laptop stand. Comfortable to use for long periods without any fatigue. Will be buying more products from this brand.,1,Verified Purchase,85
REV02578,user_0141,e-reader,1,Regret buying this e-reader. Performance is terrible compared to competitors at the same price. Do not waste your money.,0,Verified Purchase,63
REV02579,user_0308,coffee maker,1,"Huge disappointment, expected much better from this coffee maker. Cheaply made materials that scratched and peeled after first use. Do not waste your money.",0,Verified Purchase,4
REV02580,user_0478,wallet,2,"Huge disappointment, expected much better from this wallet. Loud rattling noise that makes it completely unusable. Do not waste your money.",0,Verified Purchase,133
REV02581,user_0326,toaster oven,1,Regret buying this toaster oven. The quality is extremely poor and feels like it will break any day. Do not waste your money.,0,Verified Purchase,113
REV02582,user_0902,wireless headphones,5,Great value for money wireless headphones. Comfortable to use for long periods without any fatigue. 10/10 would recommend!,1,Verified Purchase,86
REV02583,user_0645,power bank,1,Regret buying this power bank. Cheaply made materials that scratched and peeled after first use. Very angry and will not buy from this seller again.,0,,83
REV02584,user_0928,mechanical keyboard,5,Very impressed with this mechanical keyboard. My whole family loves it and we've recommended it to friends. Highly recommend to anyone looking for reliability.,1,Verified Purchase,89
REV02585,user_0024,robot vacuum,4,This robot vacuum exceeded my expectations. I've been using it daily for weeks and it still works like new. Would definitely buy again!,1,Verified Purchase,27
REV02586,user_0530,wallet,4,Best wallet I've ever purchased. Comfortable to use for long periods without any fatigue. Would definitely buy again!,1,Verified Purchase,93
REV02587,user_0435,screen protector,2,Regret buying this screen protector. The design looks nothing like the photos — very misleading listing. Absolute rubbish.,0,Verified Purchase,100
REV02588,user_0899,tablet,5,"Excellent tablet, exactly as described. Battery life is phenomenal — lasts much longer than advertised. 10/10 would recommend!",1,Verified Purchase,59
REV02589,user_0958,phone case,1,Deeply unsatisfied with this phone case. Took forever to arrive and the item was not as described at all. 1 star — would give zero if possible.,0,,96
REV02590,user_0390,coffee maker,5,"Solid coffee maker, highly satisfied. My whole family loves it and we've recommended it to friends. A must-buy!",1,Verified Purchase,80
REV02591,user_0726,wallet,5,Great value for money wallet. Connectivity is seamless and lag-free every single time. 5 stars without hesitation.,1,Verified Purchase,49
REV02592,user_0296,backpack,5,Best backpack I've ever purchased. Much better than my previous one — noticeable improvement. 5 stars without hesitation.,1,Verified Purchase,136
REV02593,user_0607,bluetooth speaker,5,Super happy with my bluetooth speaker purchase. Fits perfectly and matches exactly what was shown in the photos. Already ordered a second one as a gift.,1,,99
REV02594,user_0702,electric kettle,5,This electric kettle is worth every penny. Setup was easy and it works flawlessly right out of the box. Already ordered a second one as a gift.,1,,43
REV02595,user_0735,running shoes,2,Very disappointed with this running shoes. Very uncomfortable to use and causes strain after just minutes. Very angry and will not buy from this seller again.,0,,138
REV02596,user_0207,smartwatch,5,Very impressed with this smartwatch. Durable construction — dropped it a few times with no damage. 10/10 would recommend!,1,Verified Purchase,36
REV02597,user_0011,yoga mat,4,This yoga mat is worth every penny. Battery life is phenomenal — lasts much longer than advertised. A must-buy!,1,Verified Purchase,66
REV02598,user_0660,smartwatch,1,This smartwatch is cheaply made and falls apart. The design looks nothing like the photos — very misleading listing. Worst purchase I've made this year.,0,Verified Purchase,147
REV02599,user_0283,charging cable,5,Great value for money charging cable. Battery life is phenomenal — lasts much longer than advertised. 10/10 would recommend!,1,,133
REV02600,user_0196,yoga mat,5,"Outstanding yoga mat, five stars. Comfortable to use for long periods without any fatigue. Will be buying more products from this brand.",1,Verified Purchase,148
REV02601,user_0063,instant pot,1,"Poor quality instant pot, save your money. Very uncomfortable to use and causes strain after just minutes. Absolute rubbish.",0,Verified Purchase,118
REV02602,user_0287,screen protector,1,This screen protector stopped working after one week. Cheaply made materials that scratched and peeled after first use. Worst purchase I've made this year.,0,,5
REV02603,user_0437,blender,5,"Very impressed with this blender. Much better than my previous one — noticeable improvement. Very satisfied, no complaints.",1,,64
REV02604,user_0606,gaming mouse,5,"Outstanding gaming mouse, five stars. Durable construction — dropped it a few times with no damage. A must-buy!",1,Verified Purchase,115
REV02605,user_0300,gaming mouse,1,"Poor quality gaming mouse, save your money. Very uncomfortable to use and causes strain after just minutes. Returning this immediately.",0,Verified Purchase,51
REV02606,user_0222,bluetooth speaker,4,Purchased this bluetooth speaker last month and love it. Durable construction — dropped it a few times with no damage. Will be buying more products from this brand.,1,,120
REV02607,user_0180,screen protector,5,"Outstanding screen protector, five stars. Packaging was great and the product feels premium. 10/10 would recommend!",1,,9
REV02608,user_0033,tablet,4,"Solid tablet, highly satisfied. The performance quality is incredible for the price. 10/10 would recommend!",1,Verified Purchase,68
REV02609,user_0985,robot vacuum,2,This robot vacuum is cheaply made and falls apart. Very uncomfortable to use and causes strain after just minutes. Do not waste your money.,0,Verified Purchase,65
REV02610,user_0656,smart bulb,5,"Solid smart bulb, highly satisfied. Durable construction — dropped it a few times with no damage. Will be buying more products from this brand.",1,Verified Purchase,107
REV02611,user_0865,robot vacuum,2,Deeply unsatisfied with this robot vacuum. Very uncomfortable to use and causes strain after just minutes. Returning this immediately.,0,Verified Purchase,112
REV02612,user_0452,wallet,2,This wallet is cheaply made and falls apart. Took forever to arrive and the item was not as described at all. Worst purchase I've made this year.,0,Verified Purchase,83
REV02613,user_0038,resistance bands,1,"Faulty resistance bands, does not work as advertised. Took forever to arrive and the item was not as described at all. 1 star — would give zero if possible.",0,Verified Purchase,105
REV02614,user_0448,smart bulb,5,"Amazing quality smart bulb, highly recommend. Packaging was great and the product feels premium. 5 stars without hesitation.",1,Verified Purchase,53
REV02615,user_0180,air purifier,2,Deeply unsatisfied with this air purifier. The quality is extremely poor and feels like it will break any day. 1 star — would give zero if possible.,0,Verified Purchase,27
REV02616,user_0528,smartwatch,5,Best smartwatch I've ever purchased. Fits perfectly and matches exactly what was shown in the photos. A must-buy!,1,Verified Purchase,22
REV02617,user_0987,earbuds,4,Purchased this earbuds last month and love it. Customer support was very responsive when I had questions. 5 stars without hesitation.,1,,111
REV02618,user_0809,water bottle,5,This water bottle is worth every penny. The performance quality is incredible for the price. A must-buy!,1,Verified Purchase,118
REV02619,user_0385,mechanical keyboard,5,Best mechanical keyboard I've ever purchased. I've been using it daily for weeks and it still works like new. Would definitely buy again!,1,Verified Purchase,146
REV02620,user_0662,robot vacuum,1,Very disappointed with this robot vacuum. Battery dies within an hour — completely unusable for daily tasks. Buyer beware — stay far away.,0,Verified Purchase,104
REV02621,user_0073,mechanical keyboard,1,Deeply unsatisfied with this mechanical keyboard. Connection drops constantly and the device overheats quickly. Buyer beware — stay far away.,0,Verified Purchase,50
REV02622,user_0764,water bottle,1,Very disappointed with this water bottle. Loud rattling noise that makes it completely unusable. 1 star — would give zero if possible.,0,,121
REV02623,user_0974,earbuds,5,Absolutely love this earbuds! Comfortable to use for long periods without any fatigue. Would definitely buy again!,1,,56
REV02624,user_0248,sunglasses,5,"Outstanding sunglasses, five stars. Connectivity is seamless and lag-free every single time. A must-buy!",1,Verified Purchase,127
REV02625,user_0114,instant pot,2,Not as described — very misleading instant pot listing. Instructions were incomprehensible and setup took hours. Buyer beware — stay far away.,0,Verified Purchase,36
REV02626,user_0008,toaster oven,5,"Outstanding toaster oven, five stars. The build quality is top-notch and it arrived quickly. A must-buy!",1,Verified Purchase,6
REV02627,user_0421,phone case,1,"Terrible phone case, complete waste of money. Performance is terrible compared to competitors at the same price. 1 star — would give zero if possible.",0,,147
REV02628,user_0249,backpack,5,Great value for money backpack. Connectivity is seamless and lag-free every single time. A must-buy!,1,Verified Purchase,42
REV02629,user_0168,air purifier,5,This air purifier exceeded my expectations. Connectivity is seamless and lag-free every single time. 5 stars without hesitation.,1,,30
REV02630,user_0875,fitness tracker,5,"Fantastic fitness tracker, works perfectly. Durable construction — dropped it a few times with no damage. Very satisfied, no complaints.",1,,71
REV02631,user_0007,blender,1,This blender stopped working after one week. Took forever to arrive and the item was not as described at all. Worst purchase I've made this year.,0,Verified Purchase,62
REV02632,user_0515,backpack,5,Great value for money backpack. Connectivity is seamless and lag-free every single time. Will be buying more products from this brand.,1,,41
REV02633,user_0959,tablet,1,Zero stars if I could for this tablet. Instructions were incomprehensible and setup took hours. 1 star — would give zero if possible.,0,Verified Purchase,131
REV02634,user_0880,gaming mouse,2,Deeply unsatisfied with this gaming mouse. Very uncomfortable to use and causes strain after just minutes. Buyer beware — stay far away.,0,,13
REV02635,user_0056,instant pot,5,This instant pot is worth every penny. I've been using it daily for weeks and it still works like new. 10/10 would recommend!,1,Verified Purchase,43
REV02636,user_0133,charging cable,1,Very disappointed with this charging cable. The quality is extremely poor and feels like it will break any day. Returning this immediately.,0,Verified Purchase,65
REV02637,user_0732,wallet,5,Very impressed with this wallet. Fits perfectly and matches exactly what was shown in the photos. 10/10 would recommend!,1,Verified Purchase,135
REV02638,user_0948,water bottle,5,"Excellent water bottle, exactly as described. Much better than my previous one — noticeable improvement. 5 stars without hesitation.",1,Verified Purchase,9
REV02639,user_0284,running shoes,5,This running shoes is a game changer. Connectivity is seamless and lag-free every single time. 5 stars without hesitation.,1,Verified Purchase,63
REV02640,user_0678,e-reader,5,Best e-reader I've ever purchased. Fits perfectly and matches exactly what was shown in the photos. Would definitely buy again!,1,Verified Purchase,56
REV02641,user_0823,wallet,5,"Absolutely love this wallet! Battery life is phenomenal — lasts much longer than advertised. Very satisfied, no complaints.",1,Verified Purchase,22
REV02642,user_0275,yoga mat,5,Absolutely love this yoga mat! Battery life is phenomenal — lasts much longer than advertised. Already ordered a second one as a gift.,1,Verified Purchase,78
REV02643,user_0191,charging cable,5,Purchased this charging cable last month and love it. The build quality is top-notch and it arrived quickly. A must-buy!,1,Verified Purchase,9
REV02644,user_0699,tablet,4,Purchased this tablet last month and love it. My whole family loves it and we've recommended it to friends. Already ordered a second one as a gift.,1,Verified Purchase,97
REV02645,user_0568,backpack,1,This backpack is cheaply made and falls apart. Already broke and I only used it twice — total waste of money. Buyer beware — stay far away.,0,Verified Purchase,123
REV02646,user_0361,bluetooth speaker,5,Absolutely love this bluetooth speaker! I've been using it daily for weeks and it still works like new. A must-buy!,1,Verified Purchase,111
REV02647,user_0317,phone case,5,"Outstanding phone case, five stars. Customer support was very responsive when I had questions. Already ordered a second one as a gift.",1,Verified Purchase,110
REV02648,user_0504,fitness tracker,1,This fitness tracker broke within days. It stopped working completely after just a few days of light use. 1 star — would give zero if possible.,0,,64
REV02649,user_0777,backpack,1,Regret buying this backpack. The packaging was damaged and the product arrived broken. Returning this immediately.,0,Verified Purchase,16
REV02650,user_0165,smartwatch,5,This smartwatch is a game changer. Durable construction — dropped it a few times with no damage. A must-buy!,1,Verified Purchase,140
REV02651,user_0873,monitor,5,Best monitor I've ever purchased. I've been using it daily for weeks and it still works like new. 5 stars without hesitation.,1,Verified Purchase,68
REV02652,user_0266,e-reader,1,"Huge disappointment, expected much better from this e-reader. Very uncomfortable to use and causes strain after just minutes. Requested a refund right away.",0,Verified Purchase,101
REV02653,user_0110,webcam,5,"This webcam is a game changer. Much better than my previous one — noticeable improvement. Very satisfied, no complaints.",1,Verified Purchase,44
REV02654,user_0645,robot vacuum,1,Do NOT buy this robot vacuum. Loud rattling noise that makes it completely unusable. Do not waste your money.,0,Verified Purchase,142
REV02655,user_0899,gaming mouse,5,"Excellent gaming mouse, exactly as described. Comfortable to use for long periods without any fatigue. 10/10 would recommend!",1,Verified Purchase,14
REV02656,user_0526,gaming mouse,5,"Super happy with my gaming mouse purchase. Packaging was great and the product feels premium. Very satisfied, no complaints.",1,Verified Purchase,76
REV02657,user_0234,e-reader,5,This e-reader is worth every penny. Durable construction — dropped it a few times with no damage. 5 stars without hesitation.,1,,45
REV02658,user_0651,smartwatch,5,Super happy with my smartwatch purchase. Customer support was very responsive when I had questions. A must-buy!,1,Verified Purchase,79
REV02659,user_0727,mechanical keyboard,1,This mechanical keyboard is a total scam. The design looks nothing like the photos — very misleading listing. Very angry and will not buy from this seller again.,0,Verified Purchase,46
REV02660,user_0902,robot vacuum,5,"Solid robot vacuum, highly satisfied. The performance quality is incredible for the price. Would definitely buy again!",1,,105
REV02661,user_0321,gaming mouse,4,Super happy with my gaming mouse purchase. Connectivity is seamless and lag-free every single time. Highly recommend to anyone looking for reliability.,1,Verified Purchase,76
REV02662,user_0026,blender,4,"Solid blender, highly satisfied. The performance quality is incredible for the price. 10/10 would recommend!",1,Verified Purchase,83
REV02663,user_0522,earbuds,1,Not as described — very misleading earbuds listing. The packaging was damaged and the product arrived broken. Returning this immediately.,0,,145
REV02664,user_0067,e-reader,4,Purchased this e-reader last month and love it. Much better than my previous one — noticeable improvement. Highly recommend to anyone looking for reliability.,1,Verified Purchase,113
REV02665,user_0798,bluetooth speaker,5,This bluetooth speaker is worth every penny. The build quality is top-notch and it arrived quickly. Highly recommend to anyone looking for reliability.,1,,28
REV02666,user_0586,electric kettle,5,Great value for money electric kettle. My whole family loves it and we've recommended it to friends. A must-buy!,1,Verified Purchase,25
REV02667,user_0288,tablet,5,"Outstanding tablet, five stars. The performance quality is incredible for the price. 5 stars without hesitation.",1,Verified Purchase,67
REV02668,user_0987,fitness tracker,5,This fitness tracker is worth every penny. My whole family loves it and we've recommended it to friends. 5 stars without hesitation.,1,Verified Purchase,114
REV02669,user_0785,coffee maker,5,Couldn't be happier with this coffee maker. Customer support was very responsive when I had questions. Highly recommend to anyone looking for reliability.,1,Verified Purchase,24
REV02670,user_0688,bluetooth speaker,1,Deeply unsatisfied with this bluetooth speaker. Performance is terrible compared to competitors at the same price. Requested a refund right away.,0,Verified Purchase,107
REV02671,user_0377,electric kettle,2,This electric kettle is cheaply made and falls apart. Connection drops constantly and the device overheats quickly. Worst purchase I've made this year.,0,Verified Purchase,148
REV02672,user_0288,wallet,1,Not as described — very misleading wallet listing. The quality is extremely poor and feels like it will break any day. Buyer beware — stay far away.,0,,28
REV02673,user_0299,mechanical keyboard,1,Regret buying this mechanical keyboard. Already broke and I only used it twice — total waste of money. Returning this immediately.,0,Verified Purchase,57
REV02674,user_0747,coffee maker,2,Regret buying this coffee maker. Instructions were incomprehensible and setup took hours. Requested a refund right away.,0,Verified Purchase,114
REV02675,user_0520,yoga mat,5,"Outstanding yoga mat, five stars. Durable construction — dropped it a few times with no damage. Will be buying more products from this brand.",1,,144
REV02676,user_0038,resistance bands,5,"Couldn't be happier with this resistance bands. Durable construction — dropped it a few times with no damage. Very satisfied, no complaints.",1,Verified Purchase,144
REV02677,user_0063,screen protector,4,Best screen protector I've ever purchased. Durable construction — dropped it a few times with no damage. 10/10 would recommend!,1,Verified Purchase,75
REV02678,user_0265,earbuds,5,This earbuds exceeded my expectations. Customer support was very responsive when I had questions. Already ordered a second one as a gift.,1,Verified Purchase,90
REV02679,user_0234,monitor,1,Very disappointed with this monitor. Connection drops constantly and the device overheats quickly. Buyer beware — stay far away.,0,Verified Purchase,136
REV02680,user_0735,toaster oven,2,"Huge disappointment, expected much better from this toaster oven. Performance is terrible compared to competitors at the same price. Buyer beware — stay far away.",0,,17
REV02681,user_0818,mechanical keyboard,5,"Outstanding mechanical keyboard, five stars. Setup was easy and it works flawlessly right out of the box. Highly recommend to anyone looking for reliability.",1,Verified Purchase,146
REV02682,user_0167,charging cable,1,Zero stars if I could for this charging cable. Customer support never responded to my multiple messages. Very angry and will not buy from this seller again.,0,Verified Purchase,42
REV02683,user_0527,toaster oven,2,This toaster oven stopped working after one week. The quality is extremely poor and feels like it will break any day. Very angry and will not buy from this seller again.,0,Verified Purchase,109
REV02684,user_0879,blender,5,"Fantastic blender, works perfectly. Durable construction — dropped it a few times with no damage. Would definitely buy again!",1,Verified Purchase,8
REV02685,user_0866,running shoes,4,This running shoes is worth every penny. Customer support was very responsive when I had questions. 5 stars without hesitation.,1,Verified Purchase,32
REV02686,user_0809,water bottle,1,"Faulty water bottle, does not work as advertised. Loud rattling noise that makes it completely unusable. Worst purchase I've made this year.",0,,101
REV02687,user_0540,tablet,2,Deeply unsatisfied with this tablet. Instructions were incomprehensible and setup took hours. Buyer beware — stay far away.,0,,11
REV02688,user_0808,USB hub,1,This USB hub is cheaply made and falls apart. It stopped working completely after just a few days of light use. Buyer beware — stay far away.,0,Verified Purchase,21
REV02689,user_0795,toaster oven,1,"Terrible toaster oven, complete waste of money. Took forever to arrive and the item was not as described at all. Do not waste your money.",0,Verified Purchase,54
REV02690,user_0981,screen protector,4,"Excellent screen protector, exactly as described. Fits perfectly and matches exactly what was shown in the photos. Would definitely buy again!",1,Verified Purchase,138
REV02691,user_0339,yoga mat,1,Zero stars if I could for this yoga mat. Very uncomfortable to use and causes strain after just minutes. Very angry and will not buy from this seller again.,0,Verified Purchase,120
REV02692,user_0052,screen protector,5,This screen protector is a game changer. Customer support was very responsive when I had questions. Already ordered a second one as a gift.,1,,114
REV02693,user_0934,resistance bands,4,This resistance bands is worth every penny. Customer support was very responsive when I had questions. Would definitely buy again!,1,Verified Purchase,53
REV02694,user_0054,toaster oven,5,"Couldn't be happier with this toaster oven. Setup was easy and it works flawlessly right out of the box. Very satisfied, no complaints.",1,,78
REV02695,user_0486,smart bulb,4,"Super happy with my smart bulb purchase. The performance quality is incredible for the price. Very satisfied, no complaints.",1,Verified Purchase,57
REV02696,user_0043,gaming mouse,2,Do NOT buy this gaming mouse. Took forever to arrive and the item was not as described at all. Very angry and will not buy from this seller again.,0,,19
REV02697,user_0948,blender,5,This blender is worth every penny. Customer support was very responsive when I had questions. A must-buy!,1,Verified Purchase,41
REV02698,user_0737,electric kettle,5,"Outstanding electric kettle, five stars. Connectivity is seamless and lag-free every single time. Already ordered a second one as a gift.",1,Verified Purchase,68
REV02699,user_0798,sunglasses,2,This sunglasses is cheaply made and falls apart. Cheaply made materials that scratched and peeled after first use. Requested a refund right away.,0,Verified Purchase,36
REV02700,user_0814,yoga mat,2,"Terrible yoga mat, complete waste of money. Already broke and I only used it twice — total waste of money. 1 star — would give zero if possible.",0,Verified Purchase,38
REV02701,user_0863,screen protector,1,Regret buying this screen protector. Connection drops constantly and the device overheats quickly. Absolute rubbish.,0,Verified Purchase,81
REV02702,user_0892,instant pot,5,This instant pot is worth every penny. Setup was easy and it works flawlessly right out of the box. Would definitely buy again!,1,,35
REV02703,user_0221,water bottle,1,"Terrible water bottle, complete waste of money. Performance is terrible compared to competitors at the same price. Requested a refund right away.",0,,146
REV02704,user_0092,coffee maker,5,Absolutely love this coffee maker! The performance quality is incredible for the price. Highly recommend to anyone looking for reliability.,1,,31
REV02705,user_0675,screen protector,2,Worst screen protector I have ever purchased. The design looks nothing like the photos — very misleading listing. Buyer beware — stay far away.,0,,97
REV02706,user_0194,e-reader,1,Very disappointed with this e-reader. Very uncomfortable to use and causes strain after just minutes. Do not waste your money.,0,Verified Purchase,34
REV02707,user_0842,charging cable,4,Absolutely love this charging cable! I've been using it daily for weeks and it still works like new. 10/10 would recommend!,1,Verified Purchase,102
REV02708,user_0491,wallet,5,"Amazing quality wallet, highly recommend. The performance quality is incredible for the price. Would definitely buy again!",1,Verified Purchase,28
REV02709,user_0637,air purifier,2,Very disappointed with this air purifier. Performance is terrible compared to competitors at the same price. Absolute rubbish.,0,Verified Purchase,58
REV02710,user_0268,electric kettle,2,Zero stars if I could for this electric kettle. Very uncomfortable to use and causes strain after just minutes. Returning this immediately.,0,,46
REV02711,user_0061,laptop stand,4,This laptop stand is a game changer. Comfortable to use for long periods without any fatigue. Highly recommend to anyone looking for reliability.,1,,124
REV02712,user_0757,webcam,1,Deeply unsatisfied with this webcam. It stopped working completely after just a few days of light use. Requested a refund right away.,0,Verified Purchase,4
REV02713,user_0137,tablet,5,Super happy with my tablet purchase. My whole family loves it and we've recommended it to friends. Highly recommend to anyone looking for reliability.,1,Verified Purchase,90
REV02714,user_0886,running shoes,2,This running shoes is cheaply made and falls apart. Performance is terrible compared to competitors at the same price. Do not waste your money.,0,,113
REV02715,user_0470,phone case,4,"Amazing quality phone case, highly recommend. The build quality is top-notch and it arrived quickly. Will be buying more products from this brand.",1,,127
REV02716,user_0194,wallet,4,This wallet is worth every penny. The performance quality is incredible for the price. 10/10 would recommend!,1,Verified Purchase,13
REV02717,user_0866,coffee maker,2,This coffee maker broke within days. Performance is terrible compared to competitors at the same price. Do not waste your money.,0,Verified Purchase,7
REV02718,user_0600,running shoes,5,"Solid running shoes, highly satisfied. The performance quality is incredible for the price. Highly recommend to anyone looking for reliability.",1,Verified Purchase,134
REV02719,user_0003,e-reader,1,Regret buying this e-reader. Battery dies within an hour — completely unusable for daily tasks. Requested a refund right away.,0,Verified Purchase,83
REV02720,user_0396,wallet,5,This wallet is a game changer. My whole family loves it and we've recommended it to friends. Will be buying more products from this brand.,1,Verified Purchase,118
REV02721,user_0879,screen protector,1,Worst screen protector I have ever purchased. The design looks nothing like the photos — very misleading listing. Buyer beware — stay far away.,0,Verified Purchase,127
REV02722,user_0659,tablet,4,Absolutely love this tablet! My whole family loves it and we've recommended it to friends. Would definitely buy again!,1,Verified Purchase,122
REV02723,user_0019,gaming mouse,5,"Excellent gaming mouse, exactly as described. My whole family loves it and we've recommended it to friends. A must-buy!",1,Verified Purchase,79
REV02724,user_0785,wireless headphones,1,Zero stars if I could for this wireless headphones. Connection drops constantly and the device overheats quickly. Very angry and will not buy from this seller again.,0,,99
REV02725,user_0231,backpack,2,Deeply unsatisfied with this backpack. Loud rattling noise that makes it completely unusable. Requested a refund right away.,0,Verified Purchase,78
REV02726,user_0014,sunglasses,4,"Amazing quality sunglasses, highly recommend. The performance quality is incredible for the price. Already ordered a second one as a gift.",1,Verified Purchase,125
REV02727,user_0905,smart bulb,1,Worst smart bulb I have ever purchased. Performance is terrible compared to competitors at the same price. Absolute rubbish.,0,Verified Purchase,96
REV02728,user_0628,bluetooth speaker,1,Do NOT buy this bluetooth speaker. The design looks nothing like the photos — very misleading listing. Worst purchase I've made this year.,0,Verified Purchase,122
REV02729,user_0498,water bottle,2,"Huge disappointment, expected much better from this water bottle. Connection drops constantly and the device overheats quickly. Requested a refund right away.",0,,123
REV02730,user_0209,power bank,5,Great value for money power bank. Comfortable to use for long periods without any fatigue. 10/10 would recommend!,1,Verified Purchase,36
REV02731,user_0911,robot vacuum,5,"Excellent robot vacuum, exactly as described. Customer support was very responsive when I had questions. 10/10 would recommend!",1,Verified Purchase,97
REV02732,user_0010,water bottle,1,Regret buying this water bottle. Already broke and I only used it twice — total waste of money. Very angry and will not buy from this seller again.,0,,71
REV02733,user_0817,mechanical keyboard,2,"Poor quality mechanical keyboard, save your money. Battery dies within an hour — completely unusable for daily tasks. 1 star — would give zero if possible.",0,Verified Purchase,55
REV02734,user_0700,bluetooth speaker,1,This bluetooth speaker is cheaply made and falls apart. Performance is terrible compared to competitors at the same price. Do not waste your money.,0,Verified Purchase,8
REV02735,user_0137,yoga mat,5,"This yoga mat is worth every penny. Durable construction — dropped it a few times with no damage. Very satisfied, no complaints.",1,Verified Purchase,108
REV02736,user_0237,running shoes,5,This running shoes exceeded my expectations. Battery life is phenomenal — lasts much longer than advertised. 5 stars without hesitation.,1,,71
REV02737,user_0338,monitor,4,"Excellent monitor, exactly as described. Customer support was very responsive when I had questions. A must-buy!",1,Verified Purchase,92
REV02738,user_0180,electric kettle,4,"Amazing quality electric kettle, highly recommend. Comfortable to use for long periods without any fatigue. Highly recommend to anyone looking for reliability.",1,Verified Purchase,150
REV02739,user_0700,power bank,2,Very disappointed with this power bank. Already broke and I only used it twice — total waste of money. Buyer beware — stay far away.,0,,129
REV02740,user_0498,resistance bands,1,"Terrible resistance bands, complete waste of money. Instructions were incomprehensible and setup took hours. Do not waste your money.",0,Verified Purchase,140
REV02741,user_0281,air purifier,2,Worst air purifier I have ever purchased. Loud rattling noise that makes it completely unusable. Buyer beware — stay far away.,0,,100
REV02742,user_0196,power bank,1,"Faulty power bank, does not work as advertised. Loud rattling noise that makes it completely unusable. Requested a refund right away.",0,Verified Purchase,50
REV02743,user_0201,instant pot,1,"Faulty instant pot, does not work as advertised. Instructions were incomprehensible and setup took hours. Buyer beware — stay far away.",0,Verified Purchase,16
REV02744,user_0220,smart bulb,2,Regret buying this smart bulb. Took forever to arrive and the item was not as described at all. Buyer beware — stay far away.,0,Verified Purchase,36
REV02745,user_0148,webcam,1,"Poor quality webcam, save your money. Took forever to arrive and the item was not as described at all. Absolute rubbish.",0,Verified Purchase,0
REV02746,user_0254,blender,2,Not as described — very misleading blender listing. Performance is terrible compared to competitors at the same price. Requested a refund right away.,0,,99
REV02747,user_0932,tablet,4,"Solid tablet, highly satisfied. The design is sleek and modern, looks great on my desk. A must-buy!",1,,65
REV02748,user_0916,electric kettle,1,"Poor quality electric kettle, save your money. Very uncomfortable to use and causes strain after just minutes. Absolute rubbish.",0,Verified Purchase,108
REV02749,user_0660,mechanical keyboard,5,Super happy with my mechanical keyboard purchase. Durable construction — dropped it a few times with no damage. Highly recommend to anyone looking for reliability.,1,Verified Purchase,116
REV02750,user_0030,USB hub,1,Worst USB hub I have ever purchased. Instructions were incomprehensible and setup took hours. Very angry and will not buy from this seller again.,0,Verified Purchase,62
REV02751,user_0142,robot vacuum,2,"Huge disappointment, expected much better from this robot vacuum. The design looks nothing like the photos — very misleading listing. Do not waste your money.",0,Verified Purchase,18
REV02752,user_0214,air purifier,4,"Outstanding air purifier, five stars. Durable construction — dropped it a few times with no damage. Very satisfied, no complaints.",1,Verified Purchase,90
REV02753,user_0227,laptop stand,1,"Huge disappointment, expected much better from this laptop stand. Battery dies within an hour — completely unusable for daily tasks. Returning this immediately.",0,,53
REV02754,user_0798,tablet,5,"Solid tablet, highly satisfied. Fits perfectly and matches exactly what was shown in the photos. Very satisfied, no complaints.",1,Verified Purchase,30
REV02755,user_0270,screen protector,2,This screen protector stopped working after one week. Performance is terrible compared to competitors at the same price. Requested a refund right away.,0,Verified Purchase,62
REV02756,user_0664,earbuds,5,"Great value for money earbuds. The build quality is top-notch and it arrived quickly. Very satisfied, no complaints.",1,Verified Purchase,118
REV02757,user_0122,smart bulb,1,Not as described — very misleading smart bulb listing. Took forever to arrive and the item was not as described at all. Worst purchase I've made this year.,0,Verified Purchase,62
REV02758,user_0288,mechanical keyboard,1,Very disappointed with this mechanical keyboard. Took forever to arrive and the item was not as described at all. Requested a refund right away.,0,Verified Purchase,50
REV02759,user_0804,tablet,5,"Excellent tablet, exactly as described. Durable construction — dropped it a few times with no damage. Highly recommend to anyone looking for reliability.",1,Verified Purchase,10
REV02760,user_0735,air purifier,4,"Outstanding air purifier, five stars. Comfortable to use for long periods without any fatigue. Already ordered a second one as a gift.",1,Verified Purchase,86
REV02761,user_0426,monitor,1,"Huge disappointment, expected much better from this monitor. Loud rattling noise that makes it completely unusable. Very angry and will not buy from this seller again.",0,Verified Purchase,60
REV02762,user_0636,monitor,5,Great value for money monitor. Durable construction — dropped it a few times with no damage. Will be buying more products from this brand.,1,Verified Purchase,16
REV02763,user_0095,coffee maker,5,Couldn't be happier with this coffee maker. Durable construction — dropped it a few times with no damage. 10/10 would recommend!,1,,90
REV02764,user_0921,e-reader,5,This e-reader exceeded my expectations. Battery life is phenomenal — lasts much longer than advertised. Highly recommend to anyone looking for reliability.,1,,62
REV02765,user_0219,webcam,1,This webcam is cheaply made and falls apart. Loud rattling noise that makes it completely unusable. Buyer beware — stay far away.,0,,115
REV02766,user_0655,wireless headphones,2,This wireless headphones broke within days. Very uncomfortable to use and causes strain after just minutes. Absolute rubbish.,0,Verified Purchase,146
REV02767,user_0986,smart bulb,5,"Solid smart bulb, highly satisfied. Customer support was very responsive when I had questions. Highly recommend to anyone looking for reliability.",1,,15
REV02768,user_0145,instant pot,4,This instant pot is worth every penny. Setup was easy and it works flawlessly right out of the box. 10/10 would recommend!,1,Verified Purchase,101
REV02769,user_0876,running shoes,5,"Excellent running shoes, exactly as described. Fits perfectly and matches exactly what was shown in the photos. Will be buying more products from this brand.",1,,144
REV02770,user_0828,robot vacuum,1,This robot vacuum stopped working after one week. The quality is extremely poor and feels like it will break any day. Worst purchase I've made this year.,0,Verified Purchase,75
REV02771,user_0525,toaster oven,5,Absolutely love this toaster oven! The performance quality is incredible for the price. Highly recommend to anyone looking for reliability.,1,Verified Purchase,86
REV02772,user_0188,instant pot,2,Deeply unsatisfied with this instant pot. Cheaply made materials that scratched and peeled after first use. 1 star — would give zero if possible.,0,,112
REV02773,user_0828,electric kettle,5,Purchased this electric kettle last month and love it. Durable construction — dropped it a few times with no damage. A must-buy!,1,Verified Purchase,57
REV02774,user_0790,gaming mouse,2,This gaming mouse is cheaply made and falls apart. Loud rattling noise that makes it completely unusable. Do not waste your money.,0,Verified Purchase,21
REV02775,user_0556,blender,1,"Faulty blender, does not work as advertised. It stopped working completely after just a few days of light use. Worst purchase I've made this year.",0,Verified Purchase,115
REV02776,user_0149,tablet,5,"This tablet exceeded my expectations. Packaging was great and the product feels premium. Very satisfied, no complaints.",1,Verified Purchase,31
REV02777,user_0581,wireless headphones,2,Worst wireless headphones I have ever purchased. Very uncomfortable to use and causes strain after just minutes. Absolute rubbish.,0,,35
REV02778,user_0345,blender,2,"Faulty blender, does not work as advertised. Took forever to arrive and the item was not as described at all. 1 star — would give zero if possible.",0,Verified Purchase,139
REV02779,user_0421,phone case,4,"Very impressed with this phone case. The build quality is top-notch and it arrived quickly. Very satisfied, no complaints.",1,Verified Purchase,108
REV02780,user_0030,charging cable,5,"Very impressed with this charging cable. My whole family loves it and we've recommended it to friends. Very satisfied, no complaints.",1,Verified Purchase,58
REV02781,user_0831,wireless headphones,1,This wireless headphones stopped working after one week. Loud rattling noise that makes it completely unusable. Very angry and will not buy from this seller again.,0,,35
REV02782,user_0934,screen protector,1,"Faulty screen protector, does not work as advertised. Instructions were incomprehensible and setup took hours. Very angry and will not buy from this seller again.",0,Verified Purchase,44
REV02783,user_0567,fitness tracker,2,This fitness tracker broke within days. The packaging was damaged and the product arrived broken. Absolute rubbish.,0,Verified Purchase,70
REV02784,user_0438,wallet,1,"Terrible wallet, complete waste of money. Customer support never responded to my multiple messages. Very angry and will not buy from this seller again.",0,,121
REV02785,user_0656,screen protector,2,This screen protector is cheaply made and falls apart. Connection drops constantly and the device overheats quickly. Requested a refund right away.,0,Verified Purchase,49
REV02786,user_0751,e-reader,5,Best e-reader I've ever purchased. Battery life is phenomenal — lasts much longer than advertised. 5 stars without hesitation.,1,Verified Purchase,7
REV02787,user_0461,fitness tracker,4,"Solid fitness tracker, highly satisfied. I've been using it daily for weeks and it still works like new. 10/10 would recommend!",1,Verified Purchase,66
REV02788,user_0252,gaming mouse,4,This gaming mouse is a game changer. Packaging was great and the product feels premium. 10/10 would recommend!,1,Verified Purchase,70
REV02789,user_0461,resistance bands,2,Deeply unsatisfied with this resistance bands. Very uncomfortable to use and causes strain after just minutes. Buyer beware — stay far away.,0,,71
REV02790,user_0424,USB hub,5,"Super happy with my USB hub purchase. The design is sleek and modern, looks great on my desk. Will be buying more products from this brand.",1,Verified Purchase,73
REV02791,user_0742,monitor,5,"Excellent monitor, exactly as described. Battery life is phenomenal — lasts much longer than advertised. Very satisfied, no complaints.",1,Verified Purchase,44
REV02792,user_0123,mechanical keyboard,5,"Outstanding mechanical keyboard, five stars. Setup was easy and it works flawlessly right out of the box. Already ordered a second one as a gift.",1,Verified Purchase,148
REV02793,user_0050,wallet,2,Zero stars if I could for this wallet. It stopped working completely after just a few days of light use. Requested a refund right away.,0,,50
REV02794,user_0809,robot vacuum,1,Zero stars if I could for this robot vacuum. Instructions were incomprehensible and setup took hours. Absolute rubbish.,0,Verified Purchase,66
REV02795,user_0842,toaster oven,5,"Outstanding toaster oven, five stars. My whole family loves it and we've recommended it to friends. 5 stars without hesitation.",1,Verified Purchase,80
REV02796,user_0486,mechanical keyboard,5,Super happy with my mechanical keyboard purchase. Much better than my previous one — noticeable improvement. A must-buy!,1,Verified Purchase,131
REV02797,user_0917,bluetooth speaker,1,"Huge disappointment, expected much better from this bluetooth speaker. Battery dies within an hour — completely unusable for daily tasks. Requested a refund right away.",0,Verified Purchase,133
REV02798,user_0457,USB hub,1,This USB hub is cheaply made and falls apart. It stopped working completely after just a few days of light use. Requested a refund right away.,0,Verified Purchase,58
REV02799,user_0153,screen protector,2,This screen protector stopped working after one week. Performance is terrible compared to competitors at the same price. Absolute rubbish.,0,Verified Purchase,79
REV02800,user_0539,USB hub,1,Very disappointed with this USB hub. Took forever to arrive and the item was not as described at all. Requested a refund right away.,0,,25
REV02801,user_0077,toaster oven,1,This toaster oven is a total scam. Loud rattling noise that makes it completely unusable. Buyer beware — stay far away.,0,,14
REV02802,user_0122,tablet,1,This tablet is a total scam. Performance is terrible compared to competitors at the same price. Buyer beware — stay far away.,0,Verified Purchase,92
REV02803,user_0479,earbuds,1,Very disappointed with this earbuds. Performance is terrible compared to competitors at the same price. Requested a refund right away.,0,,36
REV02804,user_0301,smart bulb,4,"This smart bulb is worth every penny. My whole family loves it and we've recommended it to friends. Very satisfied, no complaints.",1,,40
REV02805,user_0834,monitor,5,This monitor is a game changer. Battery life is phenomenal — lasts much longer than advertised. 10/10 would recommend!,1,Verified Purchase,21
REV02806,user_0359,sunglasses,1,Worst sunglasses I have ever purchased. Customer support never responded to my multiple messages. Absolute rubbish.,0,,81
REV02807,user_0265,laptop stand,4,"Outstanding laptop stand, five stars. Battery life is phenomenal — lasts much longer than advertised. Already ordered a second one as a gift.",1,Verified Purchase,148
REV02808,user_0919,bluetooth speaker,4,"Solid bluetooth speaker, highly satisfied. Much better than my previous one — noticeable improvement. Will be buying more products from this brand.",1,Verified Purchase,104
REV02809,user_0850,bluetooth speaker,5,Great value for money bluetooth speaker. Comfortable to use for long periods without any fatigue. 5 stars without hesitation.,1,Verified Purchase,58
REV02810,user_0867,monitor,1,"Huge disappointment, expected much better from this monitor. Loud rattling noise that makes it completely unusable. Very angry and will not buy from this seller again.",0,,61
REV02811,user_0982,screen protector,4,Best screen protector I've ever purchased. I've been using it daily for weeks and it still works like new. Highly recommend to anyone looking for reliability.,1,Verified Purchase,52
REV02812,user_0957,phone case,1,Zero stars if I could for this phone case. Customer support never responded to my multiple messages. Buyer beware — stay far away.,0,Verified Purchase,82
REV02813,user_0358,wallet,5,"Outstanding wallet, five stars. Connectivity is seamless and lag-free every single time. 10/10 would recommend!",1,Verified Purchase,95
REV02814,user_0304,wireless headphones,5,Couldn't be happier with this wireless headphones. I've been using it daily for weeks and it still works like new. Already ordered a second one as a gift.,1,Verified Purchase,7
REV02815,user_0533,electric kettle,5,"Very impressed with this electric kettle. Comfortable to use for long periods without any fatigue. Very satisfied, no complaints.",1,,3
REV02816,user_0510,resistance bands,5,"Solid resistance bands, highly satisfied. Packaging was great and the product feels premium. 5 stars without hesitation.",1,Verified Purchase,62
REV02817,user_0429,blender,5,Very impressed with this blender. I've been using it daily for weeks and it still works like new. Will be buying more products from this brand.,1,Verified Purchase,79
REV02818,user_0873,power bank,5,"Amazing quality power bank, highly recommend. Connectivity is seamless and lag-free every single time. A must-buy!",1,Verified Purchase,40
REV02819,user_0213,charging cable,1,"Faulty charging cable, does not work as advertised. The quality is extremely poor and feels like it will break any day. Worst purchase I've made this year.",0,Verified Purchase,124
REV02820,user_0843,e-reader,5,Absolutely love this e-reader! Connectivity is seamless and lag-free every single time. Will be buying more products from this brand.,1,Verified Purchase,103
REV02821,user_0665,tablet,5,This tablet exceeded my expectations. Battery life is phenomenal — lasts much longer than advertised. 5 stars without hesitation.,1,Verified Purchase,4
REV02822,user_0807,blender,1,Do NOT buy this blender. Cheaply made materials that scratched and peeled after first use. Buyer beware — stay far away.,0,,127
REV02823,user_0071,earbuds,2,Very disappointed with this earbuds. Cheaply made materials that scratched and peeled after first use. Requested a refund right away.,0,Verified Purchase,68
REV02824,user_0868,blender,5,This blender exceeded my expectations. Fits perfectly and matches exactly what was shown in the photos. Would definitely buy again!,1,Verified Purchase,75
REV02825,user_0830,electric kettle,1,This electric kettle is a total scam. Cheaply made materials that scratched and peeled after first use. Do not waste your money.,0,Verified Purchase,32
REV02826,user_0840,e-reader,1,This e-reader is a total scam. Battery dies within an hour — completely unusable for daily tasks. Very angry and will not buy from this seller again.,0,,3
REV02827,user_0681,smart bulb,4,"This smart bulb is a game changer. Connectivity is seamless and lag-free every single time. Very satisfied, no complaints.",1,Verified Purchase,128
REV02828,user_0809,screen protector,1,Very disappointed with this screen protector. Loud rattling noise that makes it completely unusable. Worst purchase I've made this year.,0,Verified Purchase,121
REV02829,user_0449,water bottle,5,Purchased this water bottle last month and love it. I've been using it daily for weeks and it still works like new. Already ordered a second one as a gift.,1,Verified Purchase,134
REV02830,user_0299,sunglasses,5,"Excellent sunglasses, exactly as described. Much better than my previous one — noticeable improvement. Already ordered a second one as a gift.",1,,15
REV02831,user_0497,screen protector,4,"Amazing quality screen protector, highly recommend. The design is sleek and modern, looks great on my desk. Will be buying more products from this brand.",1,,146
REV02832,user_0815,resistance bands,5,"Excellent resistance bands, exactly as described. Battery life is phenomenal — lasts much longer than advertised. 5 stars without hesitation.",1,,53
REV02833,user_0113,power bank,5,Very impressed with this power bank. Battery life is phenomenal — lasts much longer than advertised. Highly recommend to anyone looking for reliability.,1,Verified Purchase,94
REV02834,user_0337,laptop stand,5,Absolutely love this laptop stand! Much better than my previous one — noticeable improvement. 5 stars without hesitation.,1,Verified Purchase,112
REV02835,user_0006,backpack,5,Couldn't be happier with this backpack. Comfortable to use for long periods without any fatigue. A must-buy!,1,,14
REV02836,user_0610,earbuds,1,Very disappointed with this earbuds. The design looks nothing like the photos — very misleading listing. Do not waste your money.,0,Verified Purchase,35
REV02837,user_0695,bluetooth speaker,2,Do NOT buy this bluetooth speaker. Customer support never responded to my multiple messages. Buyer beware — stay far away.,0,Verified Purchase,10
REV02838,user_0345,phone case,5,"Solid phone case, highly satisfied. My whole family loves it and we've recommended it to friends. 5 stars without hesitation.",1,Verified Purchase,13
REV02839,user_0859,yoga mat,5,Best yoga mat I've ever purchased. Much better than my previous one — noticeable improvement. 10/10 would recommend!,1,,100
REV02840,user_0186,bluetooth speaker,1,This bluetooth speaker is a total scam. Instructions were incomprehensible and setup took hours. Buyer beware — stay far away.,0,Verified Purchase,58
REV02841,user_0995,wireless headphones,1,Deeply unsatisfied with this wireless headphones. Customer support never responded to my multiple messages. Do not waste your money.,0,Verified Purchase,21
REV02842,user_0134,earbuds,1,This earbuds broke within days. Battery dies within an hour — completely unusable for daily tasks. Very angry and will not buy from this seller again.,0,Verified Purchase,40
REV02843,user_0918,charging cable,5,Super happy with my charging cable purchase. Connectivity is seamless and lag-free every single time. Highly recommend to anyone looking for reliability.,1,Verified Purchase,94
REV02844,user_0168,e-reader,1,This e-reader stopped working after one week. Took forever to arrive and the item was not as described at all. Absolute rubbish.,0,Verified Purchase,92
REV02845,user_0508,running shoes,4,This running shoes is a game changer. The performance quality is incredible for the price. 10/10 would recommend!,1,Verified Purchase,117
REV02846,user_0003,electric kettle,1,This electric kettle is cheaply made and falls apart. Instructions were incomprehensible and setup took hours. 1 star — would give zero if possible.,0,Verified Purchase,57
REV02847,user_0587,bluetooth speaker,1,"Poor quality bluetooth speaker, save your money. Took forever to arrive and the item was not as described at all. Requested a refund right away.",0,Verified Purchase,0
REV02848,user_0393,electric kettle,2,Zero stars if I could for this electric kettle. The quality is extremely poor and feels like it will break any day. Do not waste your money.,0,Verified Purchase,125
REV02849,user_0720,wallet,1,Regret buying this wallet. It stopped working completely after just a few days of light use. Buyer beware — stay far away.,0,Verified Purchase,14
REV02850,user_0345,screen protector,1,Very disappointed with this screen protector. Connection drops constantly and the device overheats quickly. 1 star — would give zero if possible.,0,Verified Purchase,7
REV02851,user_0646,running shoes,5,This running shoes is worth every penny. Battery life is phenomenal — lasts much longer than advertised. 5 stars without hesitation.,1,,23
REV02852,user_0047,electric kettle,5,This electric kettle exceeded my expectations. Battery life is phenomenal — lasts much longer than advertised. Will be buying more products from this brand.,1,Verified Purchase,81
REV02853,user_0204,wallet,1,Regret buying this wallet. It stopped working completely after just a few days of light use. Requested a refund right away.,0,Verified Purchase,69
REV02854,user_0848,bluetooth speaker,1,Not as described — very misleading bluetooth speaker listing. The packaging was damaged and the product arrived broken. Requested a refund right away.,0,Verified Purchase,149
REV02855,user_0968,laptop stand,2,This laptop stand is a total scam. Already broke and I only used it twice — total waste of money. 1 star — would give zero if possible.,0,,67
REV02856,user_0620,resistance bands,1,"Terrible resistance bands, complete waste of money. Took forever to arrive and the item was not as described at all. Returning this immediately.",0,,76
REV02857,user_0390,smartwatch,4,"Excellent smartwatch, exactly as described. Comfortable to use for long periods without any fatigue. Very satisfied, no complaints.",1,,50
REV02858,user_0673,monitor,5,This monitor exceeded my expectations. Much better than my previous one — noticeable improvement. 5 stars without hesitation.,1,Verified Purchase,28
REV02859,user_0891,USB hub,5,"This USB hub exceeded my expectations. The design is sleek and modern, looks great on my desk. Already ordered a second one as a gift.",1,Verified Purchase,135
REV02860,user_0342,coffee maker,2,This coffee maker is a total scam. Battery dies within an hour — completely unusable for daily tasks. Returning this immediately.,0,Verified Purchase,134
REV02861,user_0002,bluetooth speaker,1,Deeply unsatisfied with this bluetooth speaker. The packaging was damaged and the product arrived broken. Absolute rubbish.,0,,74
REV02862,user_0131,toaster oven,5,Couldn't be happier with this toaster oven. Customer support was very responsive when I had questions. 5 stars without hesitation.,1,Verified Purchase,142
REV02863,user_0410,coffee maker,5,This coffee maker is worth every penny. Comfortable to use for long periods without any fatigue. Would definitely buy again!,1,,109
REV02864,user_0593,coffee maker,2,This coffee maker stopped working after one week. Took forever to arrive and the item was not as described at all. Very angry and will not buy from this seller again.,0,Verified Purchase,113
REV02865,user_0806,earbuds,2,"Poor quality earbuds, save your money. Connection drops constantly and the device overheats quickly. Requested a refund right away.",0,Verified Purchase,13
REV02866,user_0255,monitor,5,"Solid monitor, highly satisfied. The build quality is top-notch and it arrived quickly. Would definitely buy again!",1,Verified Purchase,68
REV02867,user_0617,e-reader,5,"Very impressed with this e-reader. Setup was easy and it works flawlessly right out of the box. Very satisfied, no complaints.",1,Verified Purchase,116
REV02868,user_0161,backpack,5,This backpack exceeded my expectations. Customer support was very responsive when I had questions. Will be buying more products from this brand.,1,Verified Purchase,92
REV02869,user_0548,power bank,1,Worst power bank I have ever purchased. Connection drops constantly and the device overheats quickly. Buyer beware — stay far away.,0,,112
REV02870,user_0634,smart bulb,5,"Outstanding smart bulb, five stars. Much better than my previous one — noticeable improvement. Would definitely buy again!",1,,127
REV02871,user_0248,power bank,1,This power bank broke within days. Battery dies within an hour — completely unusable for daily tasks. Absolute rubbish.,0,Verified Purchase,138
REV02872,user_0371,gaming mouse,5,"Outstanding gaming mouse, five stars. Customer support was very responsive when I had questions. A must-buy!",1,Verified Purchase,77
REV02873,user_0136,phone case,5,Very impressed with this phone case. Setup was easy and it works flawlessly right out of the box. Will be buying more products from this brand.,1,Verified Purchase,70
REV02874,user_0493,USB hub,1,Regret buying this USB hub. Cheaply made materials that scratched and peeled after first use. 1 star — would give zero if possible.,0,Verified Purchase,150
REV02875,user_0047,toaster oven,2,Worst toaster oven I have ever purchased. The packaging was damaged and the product arrived broken. Very angry and will not buy from this seller again.,0,,41
REV02876,user_0346,smartwatch,5,Couldn't be happier with this smartwatch. Much better than my previous one — noticeable improvement. 10/10 would recommend!,1,,92
REV02877,user_0353,fitness tracker,5,"Outstanding fitness tracker, five stars. Setup was easy and it works flawlessly right out of the box. Would definitely buy again!",1,Verified Purchase,138
REV02878,user_0223,coffee maker,5,Couldn't be happier with this coffee maker. Packaging was great and the product feels premium. Would definitely buy again!,1,Verified Purchase,131
REV02879,user_0181,screen protector,5,"Excellent screen protector, exactly as described. Much better than my previous one — noticeable improvement. 10/10 would recommend!",1,Verified Purchase,11
REV02880,user_0919,wireless headphones,5,Best wireless headphones I've ever purchased. Customer support was very responsive when I had questions. A must-buy!,1,Verified Purchase,38
REV02881,user_0988,fitness tracker,5,Best fitness tracker I've ever purchased. The build quality is top-notch and it arrived quickly. Will be buying more products from this brand.,1,Verified Purchase,123
REV02882,user_0821,yoga mat,4,"Amazing quality yoga mat, highly recommend. Fits perfectly and matches exactly what was shown in the photos. A must-buy!",1,,32
REV02883,user_0443,instant pot,1,This instant pot is a total scam. Customer support never responded to my multiple messages. Buyer beware — stay far away.,0,Verified Purchase,0
REV02884,user_0140,running shoes,2,Regret buying this running shoes. The quality is extremely poor and feels like it will break any day. Absolute rubbish.,0,Verified Purchase,122
REV02885,user_0771,phone case,5,Couldn't be happier with this phone case. Comfortable to use for long periods without any fatigue. 10/10 would recommend!,1,,147
REV02886,user_0657,webcam,1,Deeply unsatisfied with this webcam. Customer support never responded to my multiple messages. Do not waste your money.,0,,107
REV02887,user_0593,gaming mouse,1,Do NOT buy this gaming mouse. The design looks nothing like the photos — very misleading listing. Returning this immediately.,0,Verified Purchase,6
REV02888,user_0653,mechanical keyboard,5,"Outstanding mechanical keyboard, five stars. Connectivity is seamless and lag-free every single time. Already ordered a second one as a gift.",1,Verified Purchase,90
REV02889,user_0674,electric kettle,1,Do NOT buy this electric kettle. Instructions were incomprehensible and setup took hours. Worst purchase I've made this year.,0,Verified Purchase,0
REV02890,user_0215,power bank,5,"Outstanding power bank, five stars. Comfortable to use for long periods without any fatigue. Already ordered a second one as a gift.",1,Verified Purchase,147
REV02891,user_0995,earbuds,1,"Terrible earbuds, complete waste of money. Already broke and I only used it twice — total waste of money. Buyer beware — stay far away.",0,Verified Purchase,31
REV02892,user_0275,resistance bands,5,"Excellent resistance bands, exactly as described. Packaging was great and the product feels premium. Would definitely buy again!",1,Verified Purchase,104
REV02893,user_0081,wireless headphones,4,"Amazing quality wireless headphones, highly recommend. Much better than my previous one — noticeable improvement. 5 stars without hesitation.",1,Verified Purchase,0
REV02894,user_0151,water bottle,1,This water bottle is a total scam. Battery dies within an hour — completely unusable for daily tasks. Returning this immediately.,0,Verified Purchase,147
REV02895,user_0130,power bank,4,Purchased this power bank last month and love it. The performance quality is incredible for the price. 10/10 would recommend!,1,Verified Purchase,37
REV02896,user_0945,power bank,1,"Huge disappointment, expected much better from this power bank. It stopped working completely after just a few days of light use. Returning this immediately.",0,Verified Purchase,142
REV02897,user_0125,sunglasses,1,Worst sunglasses I have ever purchased. The packaging was damaged and the product arrived broken. Buyer beware — stay far away.,0,Verified Purchase,109
REV02898,user_0124,webcam,5,Couldn't be happier with this webcam. Fits perfectly and matches exactly what was shown in the photos. Already ordered a second one as a gift.,1,,55
REV02899,user_0118,resistance bands,5,Purchased this resistance bands last month and love it. Setup was easy and it works flawlessly right out of the box. Would definitely buy again!,1,Verified Purchase,18
REV02900,user_0113,yoga mat,5,Very impressed with this yoga mat. Durable construction — dropped it a few times with no damage. A must-buy!,1,Verified Purchase,5
REV02901,user_0718,wallet,5,This wallet is a game changer. Battery life is phenomenal — lasts much longer than advertised. Would definitely buy again!,1,,98
REV02902,user_0104,power bank,4,"Outstanding power bank, five stars. Battery life is phenomenal — lasts much longer than advertised. A must-buy!",1,Verified Purchase,21
REV02903,user_0270,wallet,5,"Solid wallet, highly satisfied. Battery life is phenomenal — lasts much longer than advertised. Highly recommend to anyone looking for reliability.",1,Verified Purchase,115
REV02904,user_0088,USB hub,1,Very disappointed with this USB hub. It stopped working completely after just a few days of light use. Absolute rubbish.,0,Verified Purchase,52
REV02905,user_0733,yoga mat,2,Do NOT buy this yoga mat. Customer support never responded to my multiple messages. Buyer beware — stay far away.,0,Verified Purchase,138
REV02906,user_0676,gaming mouse,5,"Outstanding gaming mouse, five stars. The performance quality is incredible for the price. Already ordered a second one as a gift.",1,Verified Purchase,142
REV02907,user_0443,e-reader,1,Worst e-reader I have ever purchased. Cheaply made materials that scratched and peeled after first use. Requested a refund right away.,0,,37
REV02908,user_0918,coffee maker,4,Best coffee maker I've ever purchased. Much better than my previous one — noticeable improvement. A must-buy!,1,Verified Purchase,86
REV02909,user_0609,water bottle,5,This water bottle is a game changer. Setup was easy and it works flawlessly right out of the box. Would definitely buy again!,1,Verified Purchase,17
REV02910,user_0477,screen protector,5,"Fantastic screen protector, works perfectly. The performance quality is incredible for the price. Will be buying more products from this brand.",1,,68
REV02911,user_0929,yoga mat,1,Do NOT buy this yoga mat. The packaging was damaged and the product arrived broken. 1 star — would give zero if possible.,0,Verified Purchase,6
REV02912,user_0457,running shoes,5,Purchased this running shoes last month and love it. The performance quality is incredible for the price. 10/10 would recommend!,1,Verified Purchase,94
REV02913,user_0733,toaster oven,2,Regret buying this toaster oven. Took forever to arrive and the item was not as described at all. Worst purchase I've made this year.,0,Verified Purchase,89
REV02914,user_0458,blender,5,This blender is a game changer. The performance quality is incredible for the price. Highly recommend to anyone looking for reliability.,1,Verified Purchase,67
REV02915,user_0277,wallet,5,"This wallet is a game changer. Fits perfectly and matches exactly what was shown in the photos. Very satisfied, no complaints.",1,Verified Purchase,6
REV02916,user_0934,electric kettle,2,Regret buying this electric kettle. Performance is terrible compared to competitors at the same price. 1 star — would give zero if possible.,0,Verified Purchase,105
REV02917,user_0485,bluetooth speaker,5,"Outstanding bluetooth speaker, five stars. The performance quality is incredible for the price. Already ordered a second one as a gift.",1,Verified Purchase,144
REV02918,user_0811,bluetooth speaker,5,This bluetooth speaker is worth every penny. The build quality is top-notch and it arrived quickly. 5 stars without hesitation.,1,Verified Purchase,0
REV02919,user_0853,monitor,5,"This monitor is worth every penny. Connectivity is seamless and lag-free every single time. Very satisfied, no complaints.",1,,60
REV02920,user_0844,smartwatch,5,This smartwatch exceeded my expectations. Setup was easy and it works flawlessly right out of the box. Already ordered a second one as a gift.,1,Verified Purchase,12
REV02921,user_0927,gaming mouse,5,Great value for money gaming mouse. Customer support was very responsive when I had questions. Would definitely buy again!,1,Verified Purchase,48
REV02922,user_0453,mechanical keyboard,1,This mechanical keyboard stopped working after one week. Took forever to arrive and the item was not as described at all. Buyer beware — stay far away.,0,Verified Purchase,14
REV02923,user_0946,screen protector,1,Worst screen protector I have ever purchased. Took forever to arrive and the item was not as described at all. Very angry and will not buy from this seller again.,0,Verified Purchase,76
REV02924,user_0861,fitness tracker,2,Very disappointed with this fitness tracker. Customer support never responded to my multiple messages. Do not waste your money.,0,,119
REV02925,user_0636,water bottle,5,"Fantastic water bottle, works perfectly. Fits perfectly and matches exactly what was shown in the photos. A must-buy!",1,Verified Purchase,140
REV02926,user_0377,electric kettle,5,This electric kettle is a game changer. The performance quality is incredible for the price. 10/10 would recommend!,1,Verified Purchase,21
REV02927,user_0366,monitor,5,"Purchased this monitor last month and love it. The design is sleek and modern, looks great on my desk. Would definitely buy again!",1,,117
REV02928,user_0346,power bank,4,Best power bank I've ever purchased. Much better than my previous one — noticeable improvement. Would definitely buy again!,1,,29
REV02929,user_0384,earbuds,5,Very impressed with this earbuds. Durable construction — dropped it a few times with no damage. Already ordered a second one as a gift.,1,,118
REV02930,user_0904,webcam,2,"Faulty webcam, does not work as advertised. Connection drops constantly and the device overheats quickly. 1 star — would give zero if possible.",0,Verified Purchase,86
REV02931,user_0516,laptop stand,5,"Outstanding laptop stand, five stars. The performance quality is incredible for the price. Will be buying more products from this brand.",1,,86
REV02932,user_0158,instant pot,1,This instant pot is cheaply made and falls apart. The design looks nothing like the photos — very misleading listing. Absolute rubbish.,0,Verified Purchase,93
REV02933,user_0102,sunglasses,2,"Faulty sunglasses, does not work as advertised. Battery dies within an hour — completely unusable for daily tasks. 1 star — would give zero if possible.",0,,53
REV02934,user_0286,smart bulb,2,"Terrible smart bulb, complete waste of money. It stopped working completely after just a few days of light use. Very angry and will not buy from this seller again.",0,Verified Purchase,82
REV02935,user_0465,water bottle,1,"Terrible water bottle, complete waste of money. Already broke and I only used it twice — total waste of money. Absolute rubbish.",0,Verified Purchase,50
REV02936,user_0115,toaster oven,5,"This toaster oven is worth every penny. The design is sleek and modern, looks great on my desk. Very satisfied, no complaints.",1,Verified Purchase,108
REV02937,user_0977,monitor,5,"Outstanding monitor, five stars. Battery life is phenomenal — lasts much longer than advertised. 5 stars without hesitation.",1,,147
REV02938,user_0813,USB hub,1,Very disappointed with this USB hub. The quality is extremely poor and feels like it will break any day. Very angry and will not buy from this seller again.,0,Verified Purchase,103
REV02939,user_0773,tablet,5,Very impressed with this tablet. The build quality is top-notch and it arrived quickly. Will be buying more products from this brand.,1,Verified Purchase,16
REV02940,user_0400,USB hub,2,Not as described — very misleading USB hub listing. Battery dies within an hour — completely unusable for daily tasks. Do not waste your money.,0,Verified Purchase,11
REV02941,user_0999,robot vacuum,5,"Solid robot vacuum, highly satisfied. Durable construction — dropped it a few times with no damage. Very satisfied, no complaints.",1,,33
REV02942,user_0644,earbuds,5,"Excellent earbuds, exactly as described. Packaging was great and the product feels premium. Will be buying more products from this brand.",1,Verified Purchase,10
REV02943,user_0105,air purifier,4,"Outstanding air purifier, five stars. My whole family loves it and we've recommended it to friends. A must-buy!",1,Verified Purchase,143
REV02944,user_0225,charging cable,1,"Faulty charging cable, does not work as advertised. The packaging was damaged and the product arrived broken. Absolute rubbish.",0,Verified Purchase,98
REV02945,user_0235,robot vacuum,5,"Very impressed with this robot vacuum. The design is sleek and modern, looks great on my desk. A must-buy!",1,Verified Purchase,120
REV02946,user_0126,tablet,5,"Super happy with my tablet purchase. The design is sleek and modern, looks great on my desk. A must-buy!",1,Verified Purchase,53
REV02947,user_0769,webcam,4,"Fantastic webcam, works perfectly. Customer support was very responsive when I had questions. Would definitely buy again!",1,Verified Purchase,60
REV02948,user_0678,wallet,5,"This wallet is worth every penny. The design is sleek and modern, looks great on my desk. Already ordered a second one as a gift.",1,,125
REV02949,user_0817,water bottle,2,"Huge disappointment, expected much better from this water bottle. The packaging was damaged and the product arrived broken. 1 star — would give zero if possible.",0,Verified Purchase,74
REV02950,user_0147,tablet,5,"Outstanding tablet, five stars. Customer support was very responsive when I had questions. Will be buying more products from this brand.",1,Verified Purchase,14
REV02951,user_0913,mechanical keyboard,4,This mechanical keyboard exceeded my expectations. Fits perfectly and matches exactly what was shown in the photos. Would definitely buy again!,1,,10
REV02952,user_0867,toaster oven,5,"Fantastic toaster oven, works perfectly. I've been using it daily for weeks and it still works like new. 5 stars without hesitation.",1,Verified Purchase,66
REV02953,user_0858,charging cable,2,Regret buying this charging cable. Took forever to arrive and the item was not as described at all. Very angry and will not buy from this seller again.,0,Verified Purchase,116
REV02954,user_0560,coffee maker,5,"Solid coffee maker, highly satisfied. Fits perfectly and matches exactly what was shown in the photos. A must-buy!",1,Verified Purchase,67
REV02955,user_0923,e-reader,2,Do NOT buy this e-reader. The packaging was damaged and the product arrived broken. Do not waste your money.,0,Verified Purchase,92
REV02956,user_0426,resistance bands,5,This resistance bands is a game changer. Much better than my previous one — noticeable improvement. 10/10 would recommend!,1,Verified Purchase,80
REV02957,user_0913,blender,1,This blender is a total scam. Connection drops constantly and the device overheats quickly. Returning this immediately.,0,Verified Purchase,9
REV02958,user_0277,air purifier,4,Super happy with my air purifier purchase. Battery life is phenomenal — lasts much longer than advertised. 10/10 would recommend!,1,Verified Purchase,37
REV02959,user_0085,running shoes,5,"Amazing quality running shoes, highly recommend. Setup was easy and it works flawlessly right out of the box. Will be buying more products from this brand.",1,,10
REV02960,user_0460,smartwatch,1,Zero stars if I could for this smartwatch. Customer support never responded to my multiple messages. Requested a refund right away.,0,Verified Purchase,128
REV02961,user_0871,mechanical keyboard,1,Zero stars if I could for this mechanical keyboard. Instructions were incomprehensible and setup took hours. Do not waste your money.,0,Verified Purchase,24
REV02962,user_0214,mechanical keyboard,5,"Amazing quality mechanical keyboard, highly recommend. Connectivity is seamless and lag-free every single time. Already ordered a second one as a gift.",1,Verified Purchase,77
REV02963,user_0514,webcam,5,This webcam is worth every penny. Packaging was great and the product feels premium. Already ordered a second one as a gift.,1,Verified Purchase,81
REV02964,user_0754,resistance bands,2,"Terrible resistance bands, complete waste of money. Took forever to arrive and the item was not as described at all. Worst purchase I've made this year.",0,Verified Purchase,113
REV02965,user_0619,power bank,2,This power bank is cheaply made and falls apart. It stopped working completely after just a few days of light use. Requested a refund right away.,0,Verified Purchase,22
REV02966,user_0821,bluetooth speaker,1,This bluetooth speaker broke within days. The design looks nothing like the photos — very misleading listing. Requested a refund right away.,0,Verified Purchase,122
REV02967,user_0099,USB hub,5,Couldn't be happier with this USB hub. Much better than my previous one — noticeable improvement. A must-buy!,1,,59
REV02968,user_0898,yoga mat,5,Super happy with my yoga mat purchase. Fits perfectly and matches exactly what was shown in the photos. Highly recommend to anyone looking for reliability.,1,,42
REV02969,user_0827,phone case,2,This phone case is cheaply made and falls apart. Instructions were incomprehensible and setup took hours. Very angry and will not buy from this seller again.,0,Verified Purchase,143
REV02970,user_0781,USB hub,5,"Solid USB hub, highly satisfied. Comfortable to use for long periods without any fatigue. Highly recommend to anyone looking for reliability.",1,Verified Purchase,144
REV02971,user_0455,earbuds,2,Very disappointed with this earbuds. Battery dies within an hour — completely unusable for daily tasks. Worst purchase I've made this year.,0,,108
REV02972,user_0119,gaming mouse,5,"Solid gaming mouse, highly satisfied. Packaging was great and the product feels premium. 10/10 would recommend!",1,Verified Purchase,58
REV02973,user_0975,fitness tracker,2,"Terrible fitness tracker, complete waste of money. Already broke and I only used it twice — total waste of money. Very angry and will not buy from this seller again.",0,Verified Purchase,88
REV02974,user_0358,screen protector,1,Very disappointed with this screen protector. Performance is terrible compared to competitors at the same price. Returning this immediately.,0,Verified Purchase,109
REV02975,user_0024,coffee maker,5,Best coffee maker I've ever purchased. Setup was easy and it works flawlessly right out of the box. Highly recommend to anyone looking for reliability.,1,,134
REV02976,user_0860,smartwatch,1,This smartwatch is a total scam. Loud rattling noise that makes it completely unusable. Do not waste your money.,0,Verified Purchase,146
REV02977,user_0059,smartwatch,1,This smartwatch is cheaply made and falls apart. The quality is extremely poor and feels like it will break any day. Do not waste your money.,0,Verified Purchase,150
REV02978,user_0390,wireless headphones,2,This wireless headphones broke within days. Connection drops constantly and the device overheats quickly. Requested a refund right away.,0,Verified Purchase,106
REV02979,user_0622,toaster oven,1,This toaster oven broke within days. Cheaply made materials that scratched and peeled after first use. 1 star — would give zero if possible.,0,Verified Purchase,55
REV02980,user_0505,wireless headphones,5,"Excellent wireless headphones, exactly as described. Customer support was very responsive when I had questions. Will be buying more products from this brand.",1,Verified Purchase,15
REV02981,user_0222,running shoes,1,Not as described — very misleading running shoes listing. The packaging was damaged and the product arrived broken. Very angry and will not buy from this seller again.,0,,100
REV02982,user_0714,blender,2,Very disappointed with this blender. Instructions were incomprehensible and setup took hours. 1 star — would give zero if possible.,0,Verified Purchase,76
REV02983,user_0619,fitness tracker,5,Couldn't be happier with this fitness tracker. Comfortable to use for long periods without any fatigue. 10/10 would recommend!,1,Verified Purchase,150
REV02984,user_0039,USB hub,1,Very disappointed with this USB hub. The packaging was damaged and the product arrived broken. 1 star — would give zero if possible.,0,Verified Purchase,57
REV02985,user_0290,coffee maker,5,"Absolutely love this coffee maker! The design is sleek and modern, looks great on my desk. Would definitely buy again!",1,Verified Purchase,13
REV02986,user_0035,coffee maker,1,This coffee maker stopped working after one week. Very uncomfortable to use and causes strain after just minutes. Very angry and will not buy from this seller again.,0,Verified Purchase,9
REV02987,user_0670,air purifier,5,"Outstanding air purifier, five stars. Durable construction — dropped it a few times with no damage. Would definitely buy again!",1,Verified Purchase,60
REV02988,user_0002,USB hub,1,This USB hub is cheaply made and falls apart. Battery dies within an hour — completely unusable for daily tasks. Do not waste your money.,0,,55
REV02989,user_0486,tablet,5,"Excellent tablet, exactly as described. Much better than my previous one — noticeable improvement. A must-buy!",1,Verified Purchase,128
REV02990,user_0239,water bottle,1,This water bottle is cheaply made and falls apart. Cheaply made materials that scratched and peeled after first use. Returning this immediately.,0,Verified Purchase,112
REV02991,user_0787,resistance bands,2,Deeply unsatisfied with this resistance bands. Cheaply made materials that scratched and peeled after first use. Requested a refund right away.,0,Verified Purchase,81
REV02992,user_0580,USB hub,4,"Purchased this USB hub last month and love it. Customer support was very responsive when I had questions. Very satisfied, no complaints.",1,,8
REV02993,user_0139,toaster oven,5,Very impressed with this toaster oven. My whole family loves it and we've recommended it to friends. Will be buying more products from this brand.,1,,39
REV02994,user_0222,resistance bands,2,"Huge disappointment, expected much better from this resistance bands. It stopped working completely after just a few days of light use. Returning this immediately.",0,Verified Purchase,124
REV02995,user_0022,coffee maker,5,"Couldn't be happier with this coffee maker. Fits perfectly and matches exactly what was shown in the photos. Very satisfied, no complaints.",1,Verified Purchase,100
REV02996,user_0538,gaming mouse,5,Couldn't be happier with this gaming mouse. Much better than my previous one — noticeable improvement. 10/10 would recommend!,1,Verified Purchase,66
REV02997,user_0916,instant pot,1,"Terrible instant pot, complete waste of money. The design looks nothing like the photos — very misleading listing. Absolute rubbish.",0,Verified Purchase,61
REV02998,user_0204,running shoes,4,This running shoes exceeded my expectations. My whole family loves it and we've recommended it to friends. 5 stars without hesitation.,1,,124
REV02999,user_0059,USB hub,5,"Outstanding USB hub, five stars. Durable construction — dropped it a few times with no damage. Would definitely buy again!",1,Verified Purchase,149
REV03000,user_0924,instant pot,5,"Fantastic instant pot, works perfectly. My whole family loves it and we've recommended it to friends. 5 stars without hesitation.",1,,91
REV03001,user_0051,robot vacuum,5,"Solid robot vacuum, highly satisfied. Battery life is phenomenal — lasts much longer than advertised. Already ordered a second one as a gift.",1,,127
REV03002,user_0579,bluetooth speaker,5,"Outstanding bluetooth speaker, five stars. Much better than my previous one — noticeable improvement. Would definitely buy again!",1,Verified Purchase,74
REV03003,user_0361,backpack,4,"Excellent backpack, exactly as described. I've been using it daily for weeks and it still works like new. Will be buying more products from this brand.",1,Verified Purchase,79
REV03004,user_0613,fitness tracker,1,Not as described — very misleading fitness tracker listing. Battery dies within an hour — completely unusable for daily tasks. Absolute rubbish.,0,,142
REV03005,user_0391,resistance bands,5,Absolutely love this resistance bands! Much better than my previous one — noticeable improvement. 5 stars without hesitation.,1,Verified Purchase,102
REV03006,user_0261,webcam,5,Great value for money webcam. My whole family loves it and we've recommended it to friends. Will be buying more products from this brand.,1,Verified Purchase,128
REV03007,user_0066,water bottle,1,This water bottle broke within days. Already broke and I only used it twice — total waste of money. Buyer beware — stay far away.,0,Verified Purchase,2
REV03008,user_0460,mechanical keyboard,5,Purchased this mechanical keyboard last month and love it. Battery life is phenomenal — lasts much longer than advertised. 10/10 would recommend!,1,,58
REV03009,user_0175,yoga mat,1,Regret buying this yoga mat. Already broke and I only used it twice — total waste of money. Do not waste your money.,0,Verified Purchase,122
REV03010,user_0668,wallet,1,This wallet stopped working after one week. Connection drops constantly and the device overheats quickly. Absolute rubbish.,0,Verified Purchase,131
REV03011,user_0694,toaster oven,5,This toaster oven exceeded my expectations. The performance quality is incredible for the price. 5 stars without hesitation.,1,,38
REV03012,user_0035,bluetooth speaker,5,"Excellent bluetooth speaker, exactly as described. My whole family loves it and we've recommended it to friends. Highly recommend to anyone looking for reliability.",1,Verified Purchase,1
REV03013,user_0298,robot vacuum,5,"Outstanding robot vacuum, five stars. Battery life is phenomenal — lasts much longer than advertised. 5 stars without hesitation.",1,Verified Purchase,95
REV03014,user_0073,charging cable,1,Zero stars if I could for this charging cable. Instructions were incomprehensible and setup took hours. Very angry and will not buy from this seller again.,0,Verified Purchase,98
REV03015,user_0239,bluetooth speaker,5,"Very impressed with this bluetooth speaker. My whole family loves it and we've recommended it to friends. Very satisfied, no complaints.",1,Verified Purchase,37
REV03016,user_0338,phone case,1,Worst phone case I have ever purchased. Performance is terrible compared to competitors at the same price. Very angry and will not buy from this seller again.,0,Verified Purchase,100
REV03017,user_0644,blender,5,"Excellent blender, exactly as described. Customer support was very responsive when I had questions. Already ordered a second one as a gift.",1,Verified Purchase,49
REV03018,user_0081,smartwatch,4,"Solid smartwatch, highly satisfied. The build quality is top-notch and it arrived quickly. Already ordered a second one as a gift.",1,Verified Purchase,135
REV03019,user_0969,toaster oven,5,Couldn't be happier with this toaster oven. Much better than my previous one — noticeable improvement. Highly recommend to anyone looking for reliability.,1,Verified Purchase,58
REV03020,user_0618,laptop stand,1,Very disappointed with this laptop stand. Very uncomfortable to use and causes strain after just minutes. 1 star — would give zero if possible.,0,Verified Purchase,135
REV03021,user_0833,robot vacuum,5,This robot vacuum exceeded my expectations. Durable construction — dropped it a few times with no damage. 5 stars without hesitation.,1,Verified Purchase,100
REV03022,user_0937,laptop stand,1,"Huge disappointment, expected much better from this laptop stand. Customer support never responded to my multiple messages. Absolute rubbish.",0,,36
REV03023,user_0612,laptop stand,2,Regret buying this laptop stand. Connection drops constantly and the device overheats quickly. Very angry and will not buy from this seller again.,0,Verified Purchase,135
REV03024,user_0396,coffee maker,5,"Excellent coffee maker, exactly as described. The build quality is top-notch and it arrived quickly. Already ordered a second one as a gift.",1,Verified Purchase,61
REV03025,user_0150,phone case,5,Couldn't be happier with this phone case. I've been using it daily for weeks and it still works like new. Will be buying more products from this brand.,1,Verified Purchase,42
REV03026,user_0046,laptop stand,1,"Huge disappointment, expected much better from this laptop stand. Loud rattling noise that makes it completely unusable. Returning this immediately.",0,Verified Purchase,72
REV03027,user_0610,mechanical keyboard,5,"This mechanical keyboard is a game changer. Packaging was great and the product feels premium. Very satisfied, no complaints.",1,,31
REV03028,user_0737,instant pot,5,"Amazing quality instant pot, highly recommend. My whole family loves it and we've recommended it to friends. 10/10 would recommend!",1,Verified Purchase,54
REV03029,user_0531,sunglasses,4,"Fantastic sunglasses, works perfectly. My whole family loves it and we've recommended it to friends. 5 stars without hesitation.",1,Verified Purchase,137
REV03030,user_0311,running shoes,5,This running shoes exceeded my expectations. Connectivity is seamless and lag-free every single time. Already ordered a second one as a gift.,1,Verified Purchase,12
REV03031,user_0170,gaming mouse,4,This gaming mouse exceeded my expectations. Durable construction — dropped it a few times with no damage. Already ordered a second one as a gift.,1,Verified Purchase,21
REV03032,user_0977,tablet,1,Deeply unsatisfied with this tablet. The design looks nothing like the photos — very misleading listing. 1 star — would give zero if possible.,0,Verified Purchase,115
REV03033,user_0590,blender,1,Worst blender I have ever purchased. Battery dies within an hour — completely unusable for daily tasks. Very angry and will not buy from this seller again.,0,Verified Purchase,75
REV03034,user_0039,water bottle,1,Do NOT buy this water bottle. Loud rattling noise that makes it completely unusable. Worst purchase I've made this year.,0,Verified Purchase,70
REV03035,user_0888,blender,2,Regret buying this blender. Already broke and I only used it twice — total waste of money. 1 star — would give zero if possible.,0,,26
REV03036,user_0279,smartwatch,1,Do NOT buy this smartwatch. Battery dies within an hour — completely unusable for daily tasks. Buyer beware — stay far away.,0,Verified Purchase,121
REV03037,user_0240,yoga mat,5,Great value for money yoga mat. Connectivity is seamless and lag-free every single time. Would definitely buy again!,1,,39
REV03038,user_0679,laptop stand,5,Super happy with my laptop stand purchase. Connectivity is seamless and lag-free every single time. 10/10 would recommend!,1,Verified Purchase,18
REV03039,user_0212,fitness tracker,2,"Terrible fitness tracker, complete waste of money. Customer support never responded to my multiple messages. Do not waste your money.",0,Verified Purchase,53
REV03040,user_0867,USB hub,4,Absolutely love this USB hub! The performance quality is incredible for the price. 5 stars without hesitation.,1,Verified Purchase,18
REV03041,user_0215,screen protector,2,"Terrible screen protector, complete waste of money. It stopped working completely after just a few days of light use. Returning this immediately.",0,,100
REV03042,user_0243,sunglasses,5,"Excellent sunglasses, exactly as described. Customer support was very responsive when I had questions. A must-buy!",1,Verified Purchase,146
REV03043,user_0499,screen protector,5,Very impressed with this screen protector. I've been using it daily for weeks and it still works like new. 5 stars without hesitation.,1,Verified Purchase,16
REV03044,user_0630,air purifier,5,Super happy with my air purifier purchase. Setup was easy and it works flawlessly right out of the box. Will be buying more products from this brand.,1,Verified Purchase,56
REV03045,user_0806,robot vacuum,5,"Super happy with my robot vacuum purchase. Packaging was great and the product feels premium. Very satisfied, no complaints.",1,Verified Purchase,142
REV03046,user_0634,coffee maker,5,This coffee maker is worth every penny. Customer support was very responsive when I had questions. 5 stars without hesitation.,1,Verified Purchase,50
REV03047,user_0299,fitness tracker,5,"Super happy with my fitness tracker purchase. Customer support was very responsive when I had questions. Very satisfied, no complaints.",1,Verified Purchase,115
REV03048,user_0920,electric kettle,5,"Fantastic electric kettle, works perfectly. Packaging was great and the product feels premium. Very satisfied, no complaints.",1,Verified Purchase,115
REV03049,user_0171,blender,2,Do NOT buy this blender. Customer support never responded to my multiple messages. Worst purchase I've made this year.,0,Verified Purchase,20
REV03050,user_0389,smart bulb,5,"Amazing quality smart bulb, highly recommend. Durable construction — dropped it a few times with no damage. Will be buying more products from this brand.",1,,6
REV03051,user_0961,e-reader,4,"Excellent e-reader, exactly as described. Customer support was very responsive when I had questions. 10/10 would recommend!",1,,13
REV03052,user_0111,USB hub,1,Zero stars if I could for this USB hub. Instructions were incomprehensible and setup took hours. Returning this immediately.,0,Verified Purchase,74
REV03053,user_0213,robot vacuum,5,"Fantastic robot vacuum, works perfectly. The design is sleek and modern, looks great on my desk. 5 stars without hesitation.",1,Verified Purchase,118
REV03054,user_0162,laptop stand,1,Do NOT buy this laptop stand. The design looks nothing like the photos — very misleading listing. Buyer beware — stay far away.,0,,125
REV03055,user_0783,resistance bands,1,This resistance bands is a total scam. Cheaply made materials that scratched and peeled after first use. Requested a refund right away.,0,,146
REV03056,user_0490,e-reader,5,Very impressed with this e-reader. Much better than my previous one — noticeable improvement. Will be buying more products from this brand.,1,Verified Purchase,83
REV03057,user_0118,toaster oven,4,Couldn't be happier with this toaster oven. Packaging was great and the product feels premium. 10/10 would recommend!,1,Verified Purchase,114
REV03058,user_0162,water bottle,5,Absolutely love this water bottle! Setup was easy and it works flawlessly right out of the box. Would definitely buy again!,1,Verified Purchase,124
REV03059,user_0808,blender,5,"Amazing quality blender, highly recommend. Durable construction — dropped it a few times with no damage. Will be buying more products from this brand.",1,Verified Purchase,95
REV03060,user_0650,smartwatch,1,This smartwatch is a total scam. Cheaply made materials that scratched and peeled after first use. Worst purchase I've made this year.,0,Verified Purchase,98
REV03061,user_0349,wireless headphones,2,Zero stars if I could for this wireless headphones. Cheaply made materials that scratched and peeled after first use. Very angry and will not buy from this seller again.,0,,130
REV03062,user_0520,instant pot,5,"Outstanding instant pot, five stars. Battery life is phenomenal — lasts much longer than advertised. Highly recommend to anyone looking for reliability.",1,Verified Purchase,104
REV03063,user_0310,smartwatch,5,"Couldn't be happier with this smartwatch. Packaging was great and the product feels premium. Very satisfied, no complaints.",1,Verified Purchase,136
REV03064,user_0915,air purifier,2,Zero stars if I could for this air purifier. The packaging was damaged and the product arrived broken. 1 star — would give zero if possible.,0,Verified Purchase,94
REV03065,user_0166,smartwatch,2,This smartwatch is cheaply made and falls apart. Customer support never responded to my multiple messages. Buyer beware — stay far away.,0,Verified Purchase,87
REV03066,user_0819,gaming mouse,1,Do NOT buy this gaming mouse. Very uncomfortable to use and causes strain after just minutes. Very angry and will not buy from this seller again.,0,,28
REV03067,user_0800,blender,5,"Solid blender, highly satisfied. My whole family loves it and we've recommended it to friends. Already ordered a second one as a gift.",1,Verified Purchase,90
REV03068,user_0630,webcam,4,Absolutely love this webcam! Fits perfectly and matches exactly what was shown in the photos. Highly recommend to anyone looking for reliability.,1,Verified Purchase,49
REV03069,user_0209,tablet,5,"Fantastic tablet, works perfectly. I've been using it daily for weeks and it still works like new. 10/10 would recommend!",1,,88
REV03070,user_0409,laptop stand,4,"This laptop stand is worth every penny. My whole family loves it and we've recommended it to friends. Very satisfied, no complaints.",1,Verified Purchase,60
REV03071,user_0381,power bank,5,This power bank is worth every penny. I've been using it daily for weeks and it still works like new. Already ordered a second one as a gift.,1,Verified Purchase,12
REV03072,user_0901,monitor,1,Very disappointed with this monitor. Battery dies within an hour — completely unusable for daily tasks. Buyer beware — stay far away.,0,Verified Purchase,76
REV03073,user_0956,bluetooth speaker,4,"Purchased this bluetooth speaker last month and love it. The design is sleek and modern, looks great on my desk. 5 stars without hesitation.",1,Verified Purchase,99
REV03074,user_0244,backpack,5,This backpack exceeded my expectations. Fits perfectly and matches exactly what was shown in the photos. Already ordered a second one as a gift.,1,Verified Purchase,12
REV03075,user_0107,USB hub,4,Absolutely love this USB hub! Connectivity is seamless and lag-free every single time. A must-buy!,1,Verified Purchase,39
REV03076,user_0980,blender,5,Best blender I've ever purchased. Fits perfectly and matches exactly what was shown in the photos. Will be buying more products from this brand.,1,,29
REV03077,user_0394,tablet,5,"Outstanding tablet, five stars. Much better than my previous one — noticeable improvement. A must-buy!",1,Verified Purchase,20
REV03078,user_0228,phone case,5,Purchased this phone case last month and love it. I've been using it daily for weeks and it still works like new. Would definitely buy again!,1,Verified Purchase,80
REV03079,user_0898,running shoes,5,"Solid running shoes, highly satisfied. Much better than my previous one — noticeable improvement. Already ordered a second one as a gift.",1,Verified Purchase,131
REV03080,user_0857,wireless headphones,1,"Huge disappointment, expected much better from this wireless headphones. Loud rattling noise that makes it completely unusable. Absolute rubbish.",0,,17
REV03081,user_0751,power bank,5,Super happy with my power bank purchase. I've been using it daily for weeks and it still works like new. 10/10 would recommend!,1,Verified Purchase,39
REV03082,user_0637,USB hub,1,This USB hub is cheaply made and falls apart. Battery dies within an hour — completely unusable for daily tasks. Buyer beware — stay far away.,0,Verified Purchase,108
REV03083,user_0038,air purifier,4,Great value for money air purifier. Customer support was very responsive when I had questions. 10/10 would recommend!,1,Verified Purchase,14
REV03084,user_0758,smart bulb,2,"Huge disappointment, expected much better from this smart bulb. Customer support never responded to my multiple messages. Do not waste your money.",0,Verified Purchase,90
REV03085,user_0477,robot vacuum,1,Deeply unsatisfied with this robot vacuum. Cheaply made materials that scratched and peeled after first use. Absolute rubbish.,0,Verified Purchase,111
REV03086,user_0922,fitness tracker,5,Super happy with my fitness tracker purchase. Packaging was great and the product feels premium. Already ordered a second one as a gift.,1,,140
REV03087,user_0731,earbuds,5,This earbuds is a game changer. Much better than my previous one — noticeable improvement. 10/10 would recommend!,1,,29
REV03088,user_0567,sunglasses,5,"Amazing quality sunglasses, highly recommend. Setup was easy and it works flawlessly right out of the box. 5 stars without hesitation.",1,Verified Purchase,37
REV03089,user_0835,backpack,4,Absolutely love this backpack! Durable construction — dropped it a few times with no damage. Will be buying more products from this brand.,1,Verified Purchase,139
REV03090,user_0957,webcam,1,"Faulty webcam, does not work as advertised. Took forever to arrive and the item was not as described at all. Worst purchase I've made this year.",0,,59
REV03091,user_0443,charging cable,1,This charging cable broke within days. The packaging was damaged and the product arrived broken. 1 star — would give zero if possible.,0,,113
REV03092,user_0671,USB hub,1,This USB hub broke within days. Instructions were incomprehensible and setup took hours. Requested a refund right away.,0,Verified Purchase,21
REV03093,user_0722,smart bulb,2,Not as described — very misleading smart bulb listing. Instructions were incomprehensible and setup took hours. Buyer beware — stay far away.,0,Verified Purchase,122
REV03094,user_0567,USB hub,5,"Outstanding USB hub, five stars. Customer support was very responsive when I had questions. Already ordered a second one as a gift.",1,Verified Purchase,18
REV03095,user_0957,wireless headphones,5,Couldn't be happier with this wireless headphones. Setup was easy and it works flawlessly right out of the box. Would definitely buy again!,1,Verified Purchase,18
REV03096,user_0579,earbuds,2,Not as described — very misleading earbuds listing. Instructions were incomprehensible and setup took hours. Requested a refund right away.,0,,87
REV03097,user_0190,resistance bands,2,This resistance bands broke within days. Instructions were incomprehensible and setup took hours. Very angry and will not buy from this seller again.,0,,17
REV03098,user_0740,smart bulb,1,This smart bulb broke within days. The packaging was damaged and the product arrived broken. Very angry and will not buy from this seller again.,0,Verified Purchase,138
REV03099,user_0218,toaster oven,5,Very impressed with this toaster oven. Much better than my previous one — noticeable improvement. 5 stars without hesitation.,1,Verified Purchase,137
REV03100,user_0598,electric kettle,1,"Faulty electric kettle, does not work as advertised. Cheaply made materials that scratched and peeled after first use. Worst purchase I've made this year.",0,Verified Purchase,145
REV03101,user_0940,bluetooth speaker,4,Super happy with my bluetooth speaker purchase. Packaging was great and the product feels premium. A must-buy!,1,Verified Purchase,50
REV03102,user_0744,coffee maker,1,Very disappointed with this coffee maker. Loud rattling noise that makes it completely unusable. Worst purchase I've made this year.,0,,76
REV03103,user_0100,coffee maker,5,Couldn't be happier with this coffee maker. Durable construction — dropped it a few times with no damage. Already ordered a second one as a gift.,1,Verified Purchase,82
REV03104,user_0923,toaster oven,2,"Poor quality toaster oven, save your money. Customer support never responded to my multiple messages. Returning this immediately.",0,Verified Purchase,62
REV03105,user_0631,wireless headphones,1,Very disappointed with this wireless headphones. Loud rattling noise that makes it completely unusable. Absolute rubbish.,0,,22
REV03106,user_0455,toaster oven,5,This toaster oven is a game changer. Comfortable to use for long periods without any fatigue. A must-buy!,1,Verified Purchase,37
REV03107,user_0175,phone case,5,Great value for money phone case. Much better than my previous one — noticeable improvement. Will be buying more products from this brand.,1,Verified Purchase,25
REV03108,user_0278,smartwatch,1,"Huge disappointment, expected much better from this smartwatch. Instructions were incomprehensible and setup took hours. Worst purchase I've made this year.",0,Verified Purchase,73
REV03109,user_0120,wallet,2,Worst wallet I have ever purchased. The design looks nothing like the photos — very misleading listing. Do not waste your money.,0,Verified Purchase,146
REV03110,user_0398,wallet,5,Couldn't be happier with this wallet. I've been using it daily for weeks and it still works like new. A must-buy!,1,Verified Purchase,149
REV03111,user_0203,sunglasses,5,"This sunglasses exceeded my expectations. The design is sleek and modern, looks great on my desk. Highly recommend to anyone looking for reliability.",1,Verified Purchase,138
REV03112,user_0438,electric kettle,5,Absolutely love this electric kettle! The build quality is top-notch and it arrived quickly. Already ordered a second one as a gift.,1,Verified Purchase,66
REV03113,user_0536,robot vacuum,2,Deeply unsatisfied with this robot vacuum. Cheaply made materials that scratched and peeled after first use. Returning this immediately.,0,Verified Purchase,19
REV03114,user_0721,USB hub,1,Do NOT buy this USB hub. Already broke and I only used it twice — total waste of money. 1 star — would give zero if possible.,0,Verified Purchase,141
REV03115,user_0272,screen protector,2,Worst screen protector I have ever purchased. The packaging was damaged and the product arrived broken. Very angry and will not buy from this seller again.,0,,135
REV03116,user_0726,e-reader,5,Couldn't be happier with this e-reader. Much better than my previous one — noticeable improvement. Already ordered a second one as a gift.,1,Verified Purchase,141
REV03117,user_0877,blender,1,"Faulty blender, does not work as advertised. Performance is terrible compared to competitors at the same price. Very angry and will not buy from this seller again.",0,Verified Purchase,70
REV03118,user_0220,mechanical keyboard,5,Very impressed with this mechanical keyboard. Packaging was great and the product feels premium. Will be buying more products from this brand.,1,Verified Purchase,146
REV03119,user_0600,monitor,4,"Couldn't be happier with this monitor. Setup was easy and it works flawlessly right out of the box. Very satisfied, no complaints.",1,Verified Purchase,122
REV03120,user_0030,e-reader,5,"Fantastic e-reader, works perfectly. Setup was easy and it works flawlessly right out of the box. Will be buying more products from this brand.",1,,131
REV03121,user_0955,electric kettle,2,"Faulty electric kettle, does not work as advertised. The packaging was damaged and the product arrived broken. Very angry and will not buy from this seller again.",0,Verified Purchase,79
REV03122,user_0190,charging cable,5,Great value for money charging cable. I've been using it daily for weeks and it still works like new. Would definitely buy again!,1,Verified Purchase,20
REV03123,user_0274,monitor,5,"Amazing quality monitor, highly recommend. The build quality is top-notch and it arrived quickly. 10/10 would recommend!",1,Verified Purchase,121
REV03124,user_0872,tablet,2,Not as described — very misleading tablet listing. Already broke and I only used it twice — total waste of money. Returning this immediately.,0,,124
REV03125,user_0189,electric kettle,2,This electric kettle stopped working after one week. Customer support never responded to my multiple messages. Absolute rubbish.,0,,17
REV03126,user_0327,e-reader,1,This e-reader is cheaply made and falls apart. Battery dies within an hour — completely unusable for daily tasks. 1 star — would give zero if possible.,0,Verified Purchase,142
REV03127,user_0099,sunglasses,5,"Best sunglasses I've ever purchased. Much better than my previous one — noticeable improvement. Very satisfied, no complaints.",1,Verified Purchase,90
REV03128,user_0231,robot vacuum,2,"Terrible robot vacuum, complete waste of money. It stopped working completely after just a few days of light use. Worst purchase I've made this year.",0,Verified Purchase,1
REV03129,user_0892,resistance bands,4,Absolutely love this resistance bands! Connectivity is seamless and lag-free every single time. A must-buy!,1,Verified Purchase,101
REV03130,user_0617,bluetooth speaker,5,Absolutely love this bluetooth speaker! Much better than my previous one — noticeable improvement. Highly recommend to anyone looking for reliability.,1,Verified Purchase,16
REV03131,user_0562,sunglasses,2,Do NOT buy this sunglasses. The quality is extremely poor and feels like it will break any day. Worst purchase I've made this year.,0,Verified Purchase,29
REV03132,user_0231,blender,2,Zero stars if I could for this blender. Battery dies within an hour — completely unusable for daily tasks. Buyer beware — stay far away.,0,,35
REV03133,user_0622,yoga mat,2,This yoga mat is cheaply made and falls apart. Performance is terrible compared to competitors at the same price. Requested a refund right away.,0,,65
REV03134,user_0708,charging cable,5,"Absolutely love this charging cable! I've been using it daily for weeks and it still works like new. Very satisfied, no complaints.",1,Verified Purchase,90
REV03135,user_0859,blender,5,Absolutely love this blender! Setup was easy and it works flawlessly right out of the box. A must-buy!,1,Verified Purchase,87
REV03136,user_0534,gaming mouse,1,Deeply unsatisfied with this gaming mouse. Connection drops constantly and the device overheats quickly. 1 star — would give zero if possible.,0,Verified Purchase,4
REV03137,user_0120,running shoes,4,This running shoes is worth every penny. Durable construction — dropped it a few times with no damage. Would definitely buy again!,1,Verified Purchase,109
REV03138,user_0721,mechanical keyboard,2,This mechanical keyboard is cheaply made and falls apart. Battery dies within an hour — completely unusable for daily tasks. Worst purchase I've made this year.,0,Verified Purchase,117
REV03139,user_0861,phone case,5,"Amazing quality phone case, highly recommend. Customer support was very responsive when I had questions. A must-buy!",1,,39
REV03140,user_0723,air purifier,5,Super happy with my air purifier purchase. Much better than my previous one — noticeable improvement. Will be buying more products from this brand.,1,Verified Purchase,139
REV03141,user_0501,tablet,5,Absolutely love this tablet! Setup was easy and it works flawlessly right out of the box. Already ordered a second one as a gift.,1,Verified Purchase,44
REV03142,user_0978,laptop stand,5,Absolutely love this laptop stand! Packaging was great and the product feels premium. Already ordered a second one as a gift.,1,Verified Purchase,128
REV03143,user_0090,earbuds,5,Best earbuds I've ever purchased. Packaging was great and the product feels premium. A must-buy!,1,Verified Purchase,8
REV03144,user_0448,robot vacuum,2,This robot vacuum stopped working after one week. Battery dies within an hour — completely unusable for daily tasks. Requested a refund right away.,0,Verified Purchase,114
REV03145,user_0783,laptop stand,4,"Solid laptop stand, highly satisfied. Much better than my previous one — noticeable improvement. Highly recommend to anyone looking for reliability.",1,Verified Purchase,105
REV03146,user_0670,gaming mouse,5,Couldn't be happier with this gaming mouse. Packaging was great and the product feels premium. 10/10 would recommend!,1,Verified Purchase,14
REV03147,user_0372,e-reader,1,This e-reader is cheaply made and falls apart. Already broke and I only used it twice — total waste of money. Returning this immediately.,0,Verified Purchase,82
REV03148,user_0684,smartwatch,5,"This smartwatch is worth every penny. Setup was easy and it works flawlessly right out of the box. Very satisfied, no complaints.",1,,119
REV03149,user_0636,toaster oven,1,Regret buying this toaster oven. Instructions were incomprehensible and setup took hours. Worst purchase I've made this year.,0,Verified Purchase,111
REV03150,user_0039,smartwatch,2,"Terrible smartwatch, complete waste of money. Cheaply made materials that scratched and peeled after first use. Returning this immediately.",0,Verified Purchase,110
REV03151,user_0065,water bottle,5,"Excellent water bottle, exactly as described. Setup was easy and it works flawlessly right out of the box. Very satisfied, no complaints.",1,Verified Purchase,109
REV03152,user_0340,toaster oven,1,This toaster oven is cheaply made and falls apart. It stopped working completely after just a few days of light use. Returning this immediately.,0,Verified Purchase,101
REV03153,user_0547,resistance bands,5,Couldn't be happier with this resistance bands. Much better than my previous one — noticeable improvement. Would definitely buy again!,1,Verified Purchase,28
REV03154,user_0257,fitness tracker,2,Regret buying this fitness tracker. Connection drops constantly and the device overheats quickly. Absolute rubbish.,0,,126
REV03155,user_0439,instant pot,1,"Poor quality instant pot, save your money. Already broke and I only used it twice — total waste of money. Requested a refund right away.",0,,53
REV03156,user_0055,USB hub,1,"Huge disappointment, expected much better from this USB hub. Loud rattling noise that makes it completely unusable. Requested a refund right away.",0,Verified Purchase,5
REV03157,user_0566,smart bulb,5,"Outstanding smart bulb, five stars. Customer support was very responsive when I had questions. 10/10 would recommend!",1,Verified Purchase,144
REV03158,user_0557,wallet,5,This wallet is worth every penny. Setup was easy and it works flawlessly right out of the box. 10/10 would recommend!,1,Verified Purchase,21
REV03159,user_0407,screen protector,1,Very disappointed with this screen protector. The packaging was damaged and the product arrived broken. Very angry and will not buy from this seller again.,0,Verified Purchase,14
REV03160,user_0783,wireless headphones,5,"Amazing quality wireless headphones, highly recommend. I've been using it daily for weeks and it still works like new. Already ordered a second one as a gift.",1,Verified Purchase,74
REV03161,user_0498,webcam,1,Worst webcam I have ever purchased. Instructions were incomprehensible and setup took hours. Buyer beware — stay far away.,0,Verified Purchase,59
REV03162,user_0294,smartwatch,2,"Poor quality smartwatch, save your money. Already broke and I only used it twice — total waste of money. Absolute rubbish.",0,Verified Purchase,42
REV03163,user_0028,webcam,5,"Fantastic webcam, works perfectly. Durable construction — dropped it a few times with no damage. Very satisfied, no complaints.",1,,9
REV03164,user_0576,resistance bands,1,Very disappointed with this resistance bands. The quality is extremely poor and feels like it will break any day. Do not waste your money.,0,Verified Purchase,133
REV03165,user_0500,smart bulb,1,"Terrible smart bulb, complete waste of money. The design looks nothing like the photos — very misleading listing. Requested a refund right away.",0,,6
REV03166,user_0901,screen protector,5,Super happy with my screen protector purchase. Connectivity is seamless and lag-free every single time. 5 stars without hesitation.,1,Verified Purchase,41
REV03167,user_0735,wireless headphones,1,Zero stars if I could for this wireless headphones. Battery dies within an hour — completely unusable for daily tasks. Do not waste your money.,0,Verified Purchase,3
REV03168,user_0802,wallet,2,Deeply unsatisfied with this wallet. Customer support never responded to my multiple messages. Very angry and will not buy from this seller again.,0,Verified Purchase,48
REV03169,user_0475,wallet,5,"Excellent wallet, exactly as described. Packaging was great and the product feels premium. Highly recommend to anyone looking for reliability.",1,,30
REV03170,user_0834,USB hub,1,"Faulty USB hub, does not work as advertised. Very uncomfortable to use and causes strain after just minutes. Returning this immediately.",0,,66
REV03171,user_0139,wireless headphones,5,Purchased this wireless headphones last month and love it. Connectivity is seamless and lag-free every single time. Will be buying more products from this brand.,1,,67
REV03172,user_0165,laptop stand,1,"Faulty laptop stand, does not work as advertised. Took forever to arrive and the item was not as described at all. Worst purchase I've made this year.",0,Verified Purchase,47
REV03173,user_0276,air purifier,5,Purchased this air purifier last month and love it. Comfortable to use for long periods without any fatigue. Highly recommend to anyone looking for reliability.,1,Verified Purchase,35
REV03174,user_0042,running shoes,1,Regret buying this running shoes. Battery dies within an hour — completely unusable for daily tasks. Very angry and will not buy from this seller again.,0,Verified Purchase,5
REV03175,user_0104,tablet,4,Couldn't be happier with this tablet. Fits perfectly and matches exactly what was shown in the photos. A must-buy!,1,Verified Purchase,87
REV03176,user_0601,webcam,4,Best webcam I've ever purchased. My whole family loves it and we've recommended it to friends. Highly recommend to anyone looking for reliability.,1,Verified Purchase,49
REV03177,user_0770,water bottle,5,"Excellent water bottle, exactly as described. Customer support was very responsive when I had questions. Very satisfied, no complaints.",1,Verified Purchase,134
REV03178,user_0446,fitness tracker,2,This fitness tracker is a total scam. The quality is extremely poor and feels like it will break any day. Buyer beware — stay far away.,0,Verified Purchase,116
REV03179,user_0106,earbuds,5,Super happy with my earbuds purchase. Battery life is phenomenal — lasts much longer than advertised. Will be buying more products from this brand.,1,,128
REV03180,user_0723,electric kettle,5,Best electric kettle I've ever purchased. Fits perfectly and matches exactly what was shown in the photos. Highly recommend to anyone looking for reliability.,1,Verified Purchase,8
REV03181,user_0379,phone case,5,"This phone case exceeded my expectations. The performance quality is incredible for the price. Very satisfied, no complaints.",1,Verified Purchase,137
REV03182,user_0511,wireless headphones,4,Best wireless headphones I've ever purchased. Connectivity is seamless and lag-free every single time. Will be buying more products from this brand.,1,Verified Purchase,116
REV03183,user_0928,bluetooth speaker,5,"This bluetooth speaker is a game changer. Much better than my previous one — noticeable improvement. Very satisfied, no complaints.",1,Verified Purchase,132
REV03184,user_0323,bluetooth speaker,5,"Fantastic bluetooth speaker, works perfectly. Durable construction — dropped it a few times with no damage. Very satisfied, no complaints.",1,Verified Purchase,21
REV03185,user_0146,water bottle,5,"Best water bottle I've ever purchased. Setup was easy and it works flawlessly right out of the box. Very satisfied, no complaints.",1,Verified Purchase,29
REV03186,user_0858,webcam,1,"Huge disappointment, expected much better from this webcam. Cheaply made materials that scratched and peeled after first use. Worst purchase I've made this year.",0,,131
REV03187,user_0923,laptop stand,2,Do NOT buy this laptop stand. The quality is extremely poor and feels like it will break any day. 1 star — would give zero if possible.,0,,93
REV03188,user_0831,yoga mat,2,This yoga mat is a total scam. Took forever to arrive and the item was not as described at all. 1 star — would give zero if possible.,0,,144
REV03189,user_0045,tablet,5,"Outstanding tablet, five stars. Comfortable to use for long periods without any fatigue. Already ordered a second one as a gift.",1,Verified Purchase,121
REV03190,user_0969,electric kettle,1,Not as described — very misleading electric kettle listing. The packaging was damaged and the product arrived broken. 1 star — would give zero if possible.,0,Verified Purchase,66
REV03191,user_0617,laptop stand,2,This laptop stand is a total scam. The design looks nothing like the photos — very misleading listing. Requested a refund right away.,0,Verified Purchase,4
REV03192,user_0773,mechanical keyboard,5,Best mechanical keyboard I've ever purchased. Connectivity is seamless and lag-free every single time. 10/10 would recommend!,1,,144
REV03193,user_0615,wallet,5,"Excellent wallet, exactly as described. Much better than my previous one — noticeable improvement. Will be buying more products from this brand.",1,,143
REV03194,user_0601,smart bulb,5,Great value for money smart bulb. Battery life is phenomenal — lasts much longer than advertised. 10/10 would recommend!,1,Verified Purchase,85
REV03195,user_0858,toaster oven,5,Great value for money toaster oven. Setup was easy and it works flawlessly right out of the box. Already ordered a second one as a gift.,1,Verified Purchase,33
REV03196,user_0740,running shoes,1,"Huge disappointment, expected much better from this running shoes. Cheaply made materials that scratched and peeled after first use. Worst purchase I've made this year.",0,Verified Purchase,87
REV03197,user_0276,phone case,5,"Fantastic phone case, works perfectly. Fits perfectly and matches exactly what was shown in the photos. A must-buy!",1,Verified Purchase,31
REV03198,user_0492,robot vacuum,5,Great value for money robot vacuum. Comfortable to use for long periods without any fatigue. 5 stars without hesitation.,1,Verified Purchase,63
REV03199,user_0151,mechanical keyboard,4,Great value for money mechanical keyboard. Much better than my previous one — noticeable improvement. 5 stars without hesitation.,1,Verified Purchase,36
REV03200,user_0302,fitness tracker,1,This fitness tracker is cheaply made and falls apart. Instructions were incomprehensible and setup took hours. Requested a refund right away.,0,Verified Purchase,127
REV03201,user_0348,toaster oven,1,This toaster oven stopped working after one week. The design looks nothing like the photos — very misleading listing. Returning this immediately.,0,,121
REV03202,user_0696,water bottle,1,"Poor quality water bottle, save your money. Loud rattling noise that makes it completely unusable. Very angry and will not buy from this seller again.",0,Verified Purchase,92
REV03203,user_0430,air purifier,1,Not as described — very misleading air purifier listing. It stopped working completely after just a few days of light use. Do not waste your money.,0,Verified Purchase,97
REV03204,user_0255,USB hub,4,"Fantastic USB hub, works perfectly. Durable construction — dropped it a few times with no damage. Very satisfied, no complaints.",1,Verified Purchase,48
REV03205,user_0188,e-reader,1,Deeply unsatisfied with this e-reader. The quality is extremely poor and feels like it will break any day. Very angry and will not buy from this seller again.,0,Verified Purchase,95
REV03206,user_0474,robot vacuum,5,"Solid robot vacuum, highly satisfied. I've been using it daily for weeks and it still works like new. 5 stars without hesitation.",1,Verified Purchase,112
REV03207,user_0230,monitor,5,Couldn't be happier with this monitor. I've been using it daily for weeks and it still works like new. 10/10 would recommend!,1,Verified Purchase,73
REV03208,user_0639,fitness tracker,1,This fitness tracker is cheaply made and falls apart. Battery dies within an hour — completely unusable for daily tasks. Requested a refund right away.,0,Verified Purchase,71
REV03209,user_0898,wireless headphones,1,Worst wireless headphones I have ever purchased. Battery dies within an hour — completely unusable for daily tasks. Very angry and will not buy from this seller again.,0,Verified Purchase,127
REV03210,user_0235,blender,1,Zero stars if I could for this blender. Loud rattling noise that makes it completely unusable. 1 star — would give zero if possible.,0,Verified Purchase,141
REV03211,user_0092,e-reader,4,This e-reader exceeded my expectations. I've been using it daily for weeks and it still works like new. Highly recommend to anyone looking for reliability.,1,Verified Purchase,48
REV03212,user_0548,laptop stand,2,Deeply unsatisfied with this laptop stand. Took forever to arrive and the item was not as described at all. Absolute rubbish.,0,Verified Purchase,56
REV03213,user_0434,running shoes,1,Very disappointed with this running shoes. Already broke and I only used it twice — total waste of money. Buyer beware — stay far away.,0,Verified Purchase,31
REV03214,user_0422,electric kettle,5,"This electric kettle exceeded my expectations. Comfortable to use for long periods without any fatigue. Very satisfied, no complaints.",1,Verified Purchase,14
REV03215,user_0229,screen protector,5,Very impressed with this screen protector. Durable construction — dropped it a few times with no damage. 10/10 would recommend!,1,Verified Purchase,77
REV03216,user_0457,toaster oven,5,"Purchased this toaster oven last month and love it. Comfortable to use for long periods without any fatigue. Very satisfied, no complaints.",1,Verified Purchase,67
REV03217,user_0177,charging cable,5,"Solid charging cable, highly satisfied. The build quality is top-notch and it arrived quickly. Very satisfied, no complaints.",1,Verified Purchase,147
REV03218,user_0649,fitness tracker,5,"Excellent fitness tracker, exactly as described. Comfortable to use for long periods without any fatigue. A must-buy!",1,,41
REV03219,user_0328,running shoes,5,"Very impressed with this running shoes. The design is sleek and modern, looks great on my desk. 5 stars without hesitation.",1,Verified Purchase,126
REV03220,user_0822,e-reader,5,"Outstanding e-reader, five stars. Comfortable to use for long periods without any fatigue. Already ordered a second one as a gift.",1,Verified Purchase,48
REV03221,user_0848,blender,5,"Best blender I've ever purchased. Durable construction — dropped it a few times with no damage. Very satisfied, no complaints.",1,Verified Purchase,60
REV03222,user_0031,tablet,5,"Outstanding tablet, five stars. Connectivity is seamless and lag-free every single time. 5 stars without hesitation.",1,,30
REV03223,user_0976,sunglasses,4,"Amazing quality sunglasses, highly recommend. The build quality is top-notch and it arrived quickly. Already ordered a second one as a gift.",1,,69
REV03224,user_0862,air purifier,2,Deeply unsatisfied with this air purifier. The quality is extremely poor and feels like it will break any day. Absolute rubbish.,0,,5
REV03225,user_0822,charging cable,5,Best charging cable I've ever purchased. Setup was easy and it works flawlessly right out of the box. Would definitely buy again!,1,Verified Purchase,31
REV03226,user_0053,bluetooth speaker,2,This bluetooth speaker stopped working after one week. Performance is terrible compared to competitors at the same price. Returning this immediately.,0,,58
REV03227,user_0060,bluetooth speaker,5,This bluetooth speaker exceeded my expectations. Battery life is phenomenal — lasts much longer than advertised. Will be buying more products from this brand.,1,Verified Purchase,145
REV03228,user_0738,blender,2,This blender broke within days. Already broke and I only used it twice — total waste of money. Absolute rubbish.,0,Verified Purchase,15
REV03229,user_0392,bluetooth speaker,4,Great value for money bluetooth speaker. Setup was easy and it works flawlessly right out of the box. Will be buying more products from this brand.,1,Verified Purchase,58
REV03230,user_0205,coffee maker,1,Zero stars if I could for this coffee maker. Took forever to arrive and the item was not as described at all. Do not waste your money.,0,Verified Purchase,99
REV03231,user_0904,resistance bands,5,Great value for money resistance bands. Setup was easy and it works flawlessly right out of the box. Would definitely buy again!,1,Verified Purchase,142
REV03232,user_0639,robot vacuum,5,Very impressed with this robot vacuum. Setup was easy and it works flawlessly right out of the box. A must-buy!,1,Verified Purchase,20
REV03233,user_0303,running shoes,5,"Super happy with my running shoes purchase. The design is sleek and modern, looks great on my desk. 5 stars without hesitation.",1,Verified Purchase,30
REV03234,user_0221,yoga mat,1,"Poor quality yoga mat, save your money. It stopped working completely after just a few days of light use. Do not waste your money.",0,,49
REV03235,user_0289,webcam,4,Couldn't be happier with this webcam. Connectivity is seamless and lag-free every single time. Will be buying more products from this brand.,1,,97
REV03236,user_0764,yoga mat,4,Purchased this yoga mat last month and love it. Battery life is phenomenal — lasts much longer than advertised. Already ordered a second one as a gift.,1,,68
REV03237,user_0536,monitor,5,"This monitor is a game changer. Durable construction — dropped it a few times with no damage. Very satisfied, no complaints.",1,,56
REV03238,user_0294,air purifier,1,"Huge disappointment, expected much better from this air purifier. The packaging was damaged and the product arrived broken. Returning this immediately.",0,Verified Purchase,113
REV03239,user_0549,smartwatch,5,This smartwatch is a game changer. Comfortable to use for long periods without any fatigue. 10/10 would recommend!,1,Verified Purchase,111
REV03240,user_0117,power bank,4,"Solid power bank, highly satisfied. Fits perfectly and matches exactly what was shown in the photos. Highly recommend to anyone looking for reliability.",1,,56
REV03241,user_0455,yoga mat,5,"Fantastic yoga mat, works perfectly. Comfortable to use for long periods without any fatigue. 10/10 would recommend!",1,,118
REV03242,user_0021,toaster oven,5,This toaster oven is a game changer. Customer support was very responsive when I had questions. Will be buying more products from this brand.,1,,31
REV03243,user_0394,yoga mat,1,Zero stars if I could for this yoga mat. Battery dies within an hour — completely unusable for daily tasks. Do not waste your money.,0,Verified Purchase,57
REV03244,user_0829,e-reader,1,Worst e-reader I have ever purchased. Very uncomfortable to use and causes strain after just minutes. Returning this immediately.,0,Verified Purchase,1
REV03245,user_0347,sunglasses,5,Purchased this sunglasses last month and love it. I've been using it daily for weeks and it still works like new. 5 stars without hesitation.,1,Verified Purchase,122
REV03246,user_0705,resistance bands,1,"Poor quality resistance bands, save your money. Cheaply made materials that scratched and peeled after first use. Returning this immediately.",0,,44
REV03247,user_1000,resistance bands,1,Zero stars if I could for this resistance bands. Already broke and I only used it twice — total waste of money. Returning this immediately.,0,,33
REV03248,user_0626,resistance bands,5,This resistance bands is a game changer. My whole family loves it and we've recommended it to friends. Already ordered a second one as a gift.,1,Verified Purchase,114
REV03249,user_0967,fitness tracker,1,"Terrible fitness tracker, complete waste of money. The quality is extremely poor and feels like it will break any day. 1 star — would give zero if possible.",0,Verified Purchase,123
REV03250,user_0216,power bank,4,This power bank is worth every penny. Customer support was very responsive when I had questions. Would definitely buy again!,1,Verified Purchase,108
REV03251,user_0813,screen protector,5,Absolutely love this screen protector! Connectivity is seamless and lag-free every single time. Highly recommend to anyone looking for reliability.,1,Verified Purchase,101
REV03252,user_0300,yoga mat,1,"Huge disappointment, expected much better from this yoga mat. Cheaply made materials that scratched and peeled after first use. Do not waste your money.",0,Verified Purchase,67
REV03253,user_0745,air purifier,5,This air purifier is a game changer. The performance quality is incredible for the price. Will be buying more products from this brand.,1,Verified Purchase,80
REV03254,user_0458,gaming mouse,1,Worst gaming mouse I have ever purchased. Battery dies within an hour — completely unusable for daily tasks. Worst purchase I've made this year.,0,Verified Purchase,69
REV03255,user_0334,toaster oven,4,"Amazing quality toaster oven, highly recommend. Comfortable to use for long periods without any fatigue. Will be buying more products from this brand.",1,Verified Purchase,116
REV03256,user_0708,air purifier,2,This air purifier stopped working after one week. Already broke and I only used it twice — total waste of money. Very angry and will not buy from this seller again.,0,Verified Purchase,137
REV03257,user_0849,screen protector,1,Do NOT buy this screen protector. Loud rattling noise that makes it completely unusable. Absolute rubbish.,0,Verified Purchase,112
REV03258,user_0282,bluetooth speaker,2,"Poor quality bluetooth speaker, save your money. The packaging was damaged and the product arrived broken. Very angry and will not buy from this seller again.",0,Verified Purchase,30
REV03259,user_0480,electric kettle,5,Purchased this electric kettle last month and love it. Customer support was very responsive when I had questions. A must-buy!,1,Verified Purchase,34
REV03260,user_0567,blender,4,"Solid blender, highly satisfied. Packaging was great and the product feels premium. 5 stars without hesitation.",1,Verified Purchase,56
REV03261,user_0025,tablet,1,Very disappointed with this tablet. The packaging was damaged and the product arrived broken. Returning this immediately.,0,Verified Purchase,26
REV03262,user_0880,yoga mat,1,This yoga mat is a total scam. Cheaply made materials that scratched and peeled after first use. Worst purchase I've made this year.,0,Verified Purchase,101
REV03263,user_0209,smartwatch,5,"Absolutely love this smartwatch! The design is sleek and modern, looks great on my desk. Would definitely buy again!",1,Verified Purchase,146
REV03264,user_0382,monitor,1,This monitor is a total scam. Connection drops constantly and the device overheats quickly. Worst purchase I've made this year.,0,,106
REV03265,user_0594,wallet,5,"Super happy with my wallet purchase. Much better than my previous one — noticeable improvement. Very satisfied, no complaints.",1,Verified Purchase,33
REV03266,user_0291,instant pot,2,Zero stars if I could for this instant pot. Already broke and I only used it twice — total waste of money. Very angry and will not buy from this seller again.,0,Verified Purchase,32
REV03267,user_0703,instant pot,1,Do NOT buy this instant pot. Connection drops constantly and the device overheats quickly. Very angry and will not buy from this seller again.,0,Verified Purchase,98
REV03268,user_0539,charging cable,5,Couldn't be happier with this charging cable. The build quality is top-notch and it arrived quickly. 5 stars without hesitation.,1,Verified Purchase,16
REV03269,user_0045,earbuds,5,This earbuds exceeded my expectations. My whole family loves it and we've recommended it to friends. Will be buying more products from this brand.,1,Verified Purchase,55
REV03270,user_0612,e-reader,1,Very disappointed with this e-reader. Took forever to arrive and the item was not as described at all. Returning this immediately.,0,Verified Purchase,90
REV03271,user_0548,tablet,1,"Huge disappointment, expected much better from this tablet. Connection drops constantly and the device overheats quickly. Worst purchase I've made this year.",0,Verified Purchase,109
REV03272,user_0060,smartwatch,1,"Poor quality smartwatch, save your money. The quality is extremely poor and feels like it will break any day. Buyer beware — stay far away.",0,Verified Purchase,141
REV03273,user_0197,robot vacuum,5,"Fantastic robot vacuum, works perfectly. Durable construction — dropped it a few times with no damage. Will be buying more products from this brand.",1,,97
REV03274,user_0112,toaster oven,5,Absolutely love this toaster oven! Customer support was very responsive when I had questions. 5 stars without hesitation.,1,Verified Purchase,40
REV03275,user_0522,gaming mouse,1,This gaming mouse is cheaply made and falls apart. Cheaply made materials that scratched and peeled after first use. Returning this immediately.,0,Verified Purchase,53
REV03276,user_0352,resistance bands,2,This resistance bands is cheaply made and falls apart. It stopped working completely after just a few days of light use. Returning this immediately.,0,,51
REV03277,user_0153,yoga mat,1,Deeply unsatisfied with this yoga mat. The packaging was damaged and the product arrived broken. Absolute rubbish.,0,,97
REV03278,user_0605,sunglasses,5,"Excellent sunglasses, exactly as described. The design is sleek and modern, looks great on my desk. 10/10 would recommend!",1,Verified Purchase,105
REV03279,user_0178,power bank,1,This power bank is cheaply made and falls apart. Battery dies within an hour — completely unusable for daily tasks. Buyer beware — stay far away.,0,Verified Purchase,121
REV03280,user_0775,coffee maker,2,Deeply unsatisfied with this coffee maker. It stopped working completely after just a few days of light use. Requested a refund right away.,0,,10
REV03281,user_0474,toaster oven,5,This toaster oven is a game changer. Setup was easy and it works flawlessly right out of the box. 5 stars without hesitation.,1,,52
REV03282,user_0651,e-reader,1,This e-reader is cheaply made and falls apart. Battery dies within an hour — completely unusable for daily tasks. Worst purchase I've made this year.,0,Verified Purchase,3
REV03283,user_0712,gaming mouse,5,This gaming mouse is a game changer. Customer support was very responsive when I had questions. Already ordered a second one as a gift.,1,Verified Purchase,19
REV03284,user_0979,monitor,5,"Excellent monitor, exactly as described. Customer support was very responsive when I had questions. Highly recommend to anyone looking for reliability.",1,Verified Purchase,145
REV03285,user_0157,resistance bands,2,"Faulty resistance bands, does not work as advertised. Performance is terrible compared to competitors at the same price. Very angry and will not buy from this seller again.",0,Verified Purchase,38
REV03286,user_0585,sunglasses,5,This sunglasses exceeded my expectations. My whole family loves it and we've recommended it to friends. Will be buying more products from this brand.,1,Verified Purchase,82
REV03287,user_0936,charging cable,5,"Best charging cable I've ever purchased. Packaging was great and the product feels premium. Very satisfied, no complaints.",1,Verified Purchase,90
REV03288,user_0208,water bottle,5,"Super happy with my water bottle purchase. Packaging was great and the product feels premium. Very satisfied, no complaints.",1,Verified Purchase,32
REV03289,user_0413,backpack,1,This backpack stopped working after one week. Performance is terrible compared to competitors at the same price. Returning this immediately.,0,Verified Purchase,54
REV03290,user_0011,fitness tracker,5,"Fantastic fitness tracker, works perfectly. The performance quality is incredible for the price. Would definitely buy again!",1,Verified Purchase,91
REV03291,user_0352,yoga mat,5,"Solid yoga mat, highly satisfied. Setup was easy and it works flawlessly right out of the box. Highly recommend to anyone looking for reliability.",1,Verified Purchase,80
REV03292,user_0578,water bottle,5,Best water bottle I've ever purchased. Customer support was very responsive when I had questions. A must-buy!,1,Verified Purchase,143
REV03293,user_0263,backpack,4,"Outstanding backpack, five stars. The build quality is top-notch and it arrived quickly. Highly recommend to anyone looking for reliability.",1,Verified Purchase,38
REV03294,user_0707,resistance bands,5,Best resistance bands I've ever purchased. Customer support was very responsive when I had questions. 10/10 would recommend!,1,Verified Purchase,29
REV03295,user_0897,bluetooth speaker,5,Great value for money bluetooth speaker. Packaging was great and the product feels premium. Already ordered a second one as a gift.,1,Verified Purchase,112
REV03296,user_0269,phone case,2,This phone case is cheaply made and falls apart. Loud rattling noise that makes it completely unusable. Do not waste your money.,0,Verified Purchase,120
REV03297,user_0298,instant pot,4,Purchased this instant pot last month and love it. My whole family loves it and we've recommended it to friends. Already ordered a second one as a gift.,1,Verified Purchase,123
REV03298,user_0090,wallet,1,Worst wallet I have ever purchased. Connection drops constantly and the device overheats quickly. Absolute rubbish.,0,Verified Purchase,74
REV03299,user_0118,resistance bands,4,Couldn't be happier with this resistance bands. My whole family loves it and we've recommended it to friends. 10/10 would recommend!,1,,48
REV03300,user_0731,e-reader,4,This e-reader is a game changer. Setup was easy and it works flawlessly right out of the box. Would definitely buy again!,1,,62
REV03301,user_0017,wallet,5,Very impressed with this wallet. I've been using it daily for weeks and it still works like new. A must-buy!,1,Verified Purchase,124
REV03302,user_0544,fitness tracker,1,"Poor quality fitness tracker, save your money. Already broke and I only used it twice — total waste of money. Returning this immediately.",0,Verified Purchase,12
REV03303,user_0680,air purifier,5,Very impressed with this air purifier. Connectivity is seamless and lag-free every single time. Will be buying more products from this brand.,1,Verified Purchase,51
REV03304,user_0300,blender,1,"Terrible blender, complete waste of money. Performance is terrible compared to competitors at the same price. Very angry and will not buy from this seller again.",0,Verified Purchase,110
REV03305,user_0783,resistance bands,5,Best resistance bands I've ever purchased. The performance quality is incredible for the price. 10/10 would recommend!,1,Verified Purchase,100
REV03306,user_0461,bluetooth speaker,5,"Amazing quality bluetooth speaker, highly recommend. My whole family loves it and we've recommended it to friends. Very satisfied, no complaints.",1,Verified Purchase,32
REV03307,user_0419,wallet,5,Best wallet I've ever purchased. Packaging was great and the product feels premium. A must-buy!,1,,106
REV03308,user_0352,bluetooth speaker,5,This bluetooth speaker exceeded my expectations. My whole family loves it and we've recommended it to friends. 10/10 would recommend!,1,,49
REV03309,user_0809,sunglasses,5,Great value for money sunglasses. Setup was easy and it works flawlessly right out of the box. Would definitely buy again!,1,Verified Purchase,50
REV03310,user_0458,phone case,5,"Solid phone case, highly satisfied. Much better than my previous one — noticeable improvement. Highly recommend to anyone looking for reliability.",1,Verified Purchase,25
REV03311,user_0336,wallet,5,Great value for money wallet. Comfortable to use for long periods without any fatigue. 5 stars without hesitation.,1,Verified Purchase,55
REV03312,user_0748,monitor,5,This monitor is worth every penny. Setup was easy and it works flawlessly right out of the box. Highly recommend to anyone looking for reliability.,1,Verified Purchase,49
REV03313,user_0151,screen protector,2,Do NOT buy this screen protector. It stopped working completely after just a few days of light use. Very angry and will not buy from this seller again.,0,Verified Purchase,23
REV03314,user_0561,sunglasses,4,Very impressed with this sunglasses. Connectivity is seamless and lag-free every single time. Already ordered a second one as a gift.,1,,39
REV03315,user_0079,yoga mat,4,Best yoga mat I've ever purchased. Much better than my previous one — noticeable improvement. Will be buying more products from this brand.,1,Verified Purchase,129
REV03316,user_0301,phone case,4,This phone case exceeded my expectations. Durable construction — dropped it a few times with no damage. 10/10 would recommend!,1,Verified Purchase,11
REV03317,user_0374,tablet,5,This tablet is a game changer. Comfortable to use for long periods without any fatigue. Will be buying more products from this brand.,1,Verified Purchase,144
REV03318,user_0510,webcam,2,"Terrible webcam, complete waste of money. Took forever to arrive and the item was not as described at all. Buyer beware — stay far away.",0,Verified Purchase,87
REV03319,user_0890,wallet,1,This wallet broke within days. The packaging was damaged and the product arrived broken. Do not waste your money.,0,Verified Purchase,103
REV03320,user_0286,mechanical keyboard,5,"Solid mechanical keyboard, highly satisfied. Comfortable to use for long periods without any fatigue. Very satisfied, no complaints.",1,Verified Purchase,65
REV03321,user_0625,sunglasses,2,Do NOT buy this sunglasses. The design looks nothing like the photos — very misleading listing. Buyer beware — stay far away.,0,,89
REV03322,user_0403,monitor,1,This monitor is a total scam. The packaging was damaged and the product arrived broken. Buyer beware — stay far away.,0,Verified Purchase,94
REV03323,user_0382,toaster oven,1,Very disappointed with this toaster oven. Performance is terrible compared to competitors at the same price. 1 star — would give zero if possible.,0,Verified Purchase,38
REV03324,user_1000,power bank,4,"Amazing quality power bank, highly recommend. Fits perfectly and matches exactly what was shown in the photos. 10/10 would recommend!",1,Verified Purchase,126
REV03325,user_0323,sunglasses,5,Super happy with my sunglasses purchase. I've been using it daily for weeks and it still works like new. Already ordered a second one as a gift.,1,Verified Purchase,42
REV03326,user_0473,e-reader,1,Deeply unsatisfied with this e-reader. Battery dies within an hour — completely unusable for daily tasks. Worst purchase I've made this year.,0,Verified Purchase,66
REV03327,user_0429,instant pot,2,Do NOT buy this instant pot. Connection drops constantly and the device overheats quickly. Do not waste your money.,0,Verified Purchase,45
REV03328,user_0148,electric kettle,5,"Solid electric kettle, highly satisfied. The design is sleek and modern, looks great on my desk. Already ordered a second one as a gift.",1,Verified Purchase,96
REV03329,user_0357,resistance bands,2,Not as described — very misleading resistance bands listing. Performance is terrible compared to competitors at the same price. Absolute rubbish.,0,Verified Purchase,17
REV03330,user_0575,e-reader,5,"Fantastic e-reader, works perfectly. The build quality is top-notch and it arrived quickly. Highly recommend to anyone looking for reliability.",1,Verified Purchase,21
REV03331,user_0891,yoga mat,2,"Poor quality yoga mat, save your money. The design looks nothing like the photos — very misleading listing. 1 star — would give zero if possible.",0,Verified Purchase,147
REV03332,user_0991,smart bulb,1,Do NOT buy this smart bulb. Took forever to arrive and the item was not as described at all. 1 star — would give zero if possible.,0,Verified Purchase,146
REV03333,user_0505,toaster oven,5,"Excellent toaster oven, exactly as described. The build quality is top-notch and it arrived quickly. Very satisfied, no complaints.",1,,109
REV03334,user_0734,power bank,1,This power bank stopped working after one week. The quality is extremely poor and feels like it will break any day. Worst purchase I've made this year.,0,Verified Purchase,11
REV03335,user_0137,gaming mouse,1,Regret buying this gaming mouse. The packaging was damaged and the product arrived broken. Very angry and will not buy from this seller again.,0,Verified Purchase,103
REV03336,user_0641,bluetooth speaker,5,Great value for money bluetooth speaker. Packaging was great and the product feels premium. Will be buying more products from this brand.,1,Verified Purchase,67
REV03337,user_0453,coffee maker,4,"Excellent coffee maker, exactly as described. Customer support was very responsive when I had questions. 5 stars without hesitation.",1,Verified Purchase,150
REV03338,user_0966,power bank,5,"Outstanding power bank, five stars. The design is sleek and modern, looks great on my desk. Highly recommend to anyone looking for reliability.",1,,77
REV03339,user_0642,laptop stand,4,"Fantastic laptop stand, works perfectly. Much better than my previous one — noticeable improvement. Will be buying more products from this brand.",1,,109
REV03340,user_0327,coffee maker,5,"Solid coffee maker, highly satisfied. My whole family loves it and we've recommended it to friends. Already ordered a second one as a gift.",1,Verified Purchase,13
REV03341,user_0066,air purifier,2,Regret buying this air purifier. Already broke and I only used it twice — total waste of money. Buyer beware — stay far away.,0,Verified Purchase,119
REV03342,user_0991,blender,2,This blender is a total scam. The quality is extremely poor and feels like it will break any day. Returning this immediately.,0,,96
REV03343,user_0415,smart bulb,1,This smart bulb is cheaply made and falls apart. Cheaply made materials that scratched and peeled after first use. Returning this immediately.,0,Verified Purchase,76
REV03344,user_0315,earbuds,5,"Purchased this earbuds last month and love it. Battery life is phenomenal — lasts much longer than advertised. Very satisfied, no complaints.",1,Verified Purchase,145
REV03345,user_0567,USB hub,1,"Poor quality USB hub, save your money. Already broke and I only used it twice — total waste of money. Worst purchase I've made this year.",0,,133
REV03346,user_0934,wallet,4,Absolutely love this wallet! The performance quality is incredible for the price. Already ordered a second one as a gift.,1,,72
REV03347,user_0441,laptop stand,5,Very impressed with this laptop stand. Fits perfectly and matches exactly what was shown in the photos. Will be buying more products from this brand.,1,Verified Purchase,139
REV03348,user_0198,coffee maker,1,Do NOT buy this coffee maker. Battery dies within an hour — completely unusable for daily tasks. Absolute rubbish.,0,Verified Purchase,49
REV03349,user_0458,resistance bands,2,"Faulty resistance bands, does not work as advertised. Performance is terrible compared to competitors at the same price. Do not waste your money.",0,Verified Purchase,69
REV03350,user_0743,fitness tracker,5,"Amazing quality fitness tracker, highly recommend. Customer support was very responsive when I had questions. Highly recommend to anyone looking for reliability.",1,,79
REV03351,user_0640,USB hub,2,This USB hub is a total scam. Instructions were incomprehensible and setup took hours. Do not waste your money.,0,Verified Purchase,39
REV03352,user_0183,screen protector,5,This screen protector is a game changer. Customer support was very responsive when I had questions. 5 stars without hesitation.,1,Verified Purchase,103
REV03353,user_0321,robot vacuum,1,Zero stars if I could for this robot vacuum. Already broke and I only used it twice — total waste of money. 1 star — would give zero if possible.,0,Verified Purchase,106
REV03354,user_0075,laptop stand,5,"Solid laptop stand, highly satisfied. Comfortable to use for long periods without any fatigue. Would definitely buy again!",1,Verified Purchase,131
REV03355,user_0190,fitness tracker,2,"Huge disappointment, expected much better from this fitness tracker. Already broke and I only used it twice — total waste of money. Buyer beware — stay far away.",0,Verified Purchase,127
REV03356,user_0876,e-reader,5,"Solid e-reader, highly satisfied. The performance quality is incredible for the price. Would definitely buy again!",1,,142
REV03357,user_0767,gaming mouse,1,"Poor quality gaming mouse, save your money. Cheaply made materials that scratched and peeled after first use. 1 star — would give zero if possible.",0,Verified Purchase,85
REV03358,user_0749,smartwatch,4,This smartwatch exceeded my expectations. Fits perfectly and matches exactly what was shown in the photos. 5 stars without hesitation.,1,Verified Purchase,71
REV03359,user_0425,USB hub,1,"Faulty USB hub, does not work as advertised. Took forever to arrive and the item was not as described at all. Very angry and will not buy from this seller again.",0,Verified Purchase,13
REV03360,user_0928,gaming mouse,2,This gaming mouse is a total scam. The quality is extremely poor and feels like it will break any day. Buyer beware — stay far away.,0,Verified Purchase,5
REV03361,user_0364,screen protector,2,Deeply unsatisfied with this screen protector. It stopped working completely after just a few days of light use. Requested a refund right away.,0,Verified Purchase,81
REV03362,user_0723,yoga mat,2,This yoga mat broke within days. Customer support never responded to my multiple messages. 1 star — would give zero if possible.,0,Verified Purchase,110
REV03363,user_0621,wireless headphones,2,Regret buying this wireless headphones. Customer support never responded to my multiple messages. Absolute rubbish.,0,Verified Purchase,55
REV03364,user_0773,screen protector,4,Best screen protector I've ever purchased. Durable construction — dropped it a few times with no damage. Would definitely buy again!,1,Verified Purchase,64
REV03365,user_0096,electric kettle,2,"Terrible electric kettle, complete waste of money. Cheaply made materials that scratched and peeled after first use. Requested a refund right away.",0,Verified Purchase,114
REV03366,user_0252,e-reader,5,This e-reader is worth every penny. Durable construction — dropped it a few times with no damage. 10/10 would recommend!,1,Verified Purchase,87
REV03367,user_0690,mechanical keyboard,5,"Fantastic mechanical keyboard, works perfectly. I've been using it daily for weeks and it still works like new. Already ordered a second one as a gift.",1,Verified Purchase,36
REV03368,user_0325,running shoes,1,Do NOT buy this running shoes. It stopped working completely after just a few days of light use. Requested a refund right away.,0,Verified Purchase,11
REV03369,user_0224,wallet,4,"Fantastic wallet, works perfectly. Battery life is phenomenal — lasts much longer than advertised. 5 stars without hesitation.",1,Verified Purchase,128
REV03370,user_0329,screen protector,1,This screen protector broke within days. Performance is terrible compared to competitors at the same price. Worst purchase I've made this year.,0,,102
REV03371,user_0099,electric kettle,4,"Fantastic electric kettle, works perfectly. My whole family loves it and we've recommended it to friends. 5 stars without hesitation.",1,Verified Purchase,121
REV03372,user_0463,sunglasses,4,"Great value for money sunglasses. Connectivity is seamless and lag-free every single time. Very satisfied, no complaints.",1,Verified Purchase,11
REV03373,user_0429,webcam,5,"Fantastic webcam, works perfectly. My whole family loves it and we've recommended it to friends. Very satisfied, no complaints.",1,Verified Purchase,70
REV03374,user_0708,resistance bands,2,This resistance bands broke within days. Cheaply made materials that scratched and peeled after first use. Requested a refund right away.,0,Verified Purchase,41
REV03375,user_0636,electric kettle,1,"Huge disappointment, expected much better from this electric kettle. Battery dies within an hour — completely unusable for daily tasks. Absolute rubbish.",0,,115
REV03376,user_0316,coffee maker,2,"Terrible coffee maker, complete waste of money. It stopped working completely after just a few days of light use. Do not waste your money.",0,Verified Purchase,108
REV03377,user_0693,wireless headphones,4,Purchased this wireless headphones last month and love it. Battery life is phenomenal — lasts much longer than advertised. Already ordered a second one as a gift.,1,Verified Purchase,63
REV03378,user_0788,screen protector,5,Couldn't be happier with this screen protector. I've been using it daily for weeks and it still works like new. 5 stars without hesitation.,1,Verified Purchase,121
REV03379,user_0607,webcam,4,Very impressed with this webcam. The performance quality is incredible for the price. A must-buy!,1,Verified Purchase,111
REV03380,user_0414,gaming mouse,1,This gaming mouse is cheaply made and falls apart. Very uncomfortable to use and causes strain after just minutes. Buyer beware — stay far away.,0,Verified Purchase,36
REV03381,user_0596,fitness tracker,4,"Outstanding fitness tracker, five stars. The design is sleek and modern, looks great on my desk. Will be buying more products from this brand.",1,,28
REV03382,user_0124,blender,5,Great value for money blender. Comfortable to use for long periods without any fatigue. Already ordered a second one as a gift.,1,Verified Purchase,41
REV03383,user_0641,bluetooth speaker,5,"This bluetooth speaker is a game changer. My whole family loves it and we've recommended it to friends. Very satisfied, no complaints.",1,Verified Purchase,60
REV03384,user_0464,monitor,1,"Poor quality monitor, save your money. Took forever to arrive and the item was not as described at all. Very angry and will not buy from this seller again.",0,,31
REV03385,user_0973,gaming mouse,5,Purchased this gaming mouse last month and love it. Setup was easy and it works flawlessly right out of the box. 10/10 would recommend!,1,Verified Purchase,130
REV03386,user_0316,wallet,4,"Super happy with my wallet purchase. Packaging was great and the product feels premium. Very satisfied, no complaints.",1,,104
REV03387,user_0140,screen protector,1,This screen protector broke within days. Loud rattling noise that makes it completely unusable. Worst purchase I've made this year.,0,Verified Purchase,34
REV03388,user_0786,USB hub,5,"Outstanding USB hub, five stars. The build quality is top-notch and it arrived quickly. Would definitely buy again!",1,Verified Purchase,63
REV03389,user_0691,smartwatch,1,Not as described — very misleading smartwatch listing. Took forever to arrive and the item was not as described at all. Absolute rubbish.,0,,91
REV03390,user_0132,water bottle,5,Super happy with my water bottle purchase. Packaging was great and the product feels premium. Highly recommend to anyone looking for reliability.,1,Verified Purchase,34
REV03391,user_0290,sunglasses,5,"Best sunglasses I've ever purchased. The design is sleek and modern, looks great on my desk. 5 stars without hesitation.",1,Verified Purchase,50
REV03392,user_0292,wallet,4,"Excellent wallet, exactly as described. Setup was easy and it works flawlessly right out of the box. Very satisfied, no complaints.",1,Verified Purchase,100
REV03393,user_0116,smartwatch,4,"Excellent smartwatch, exactly as described. Battery life is phenomenal — lasts much longer than advertised. 5 stars without hesitation.",1,Verified Purchase,62
REV03394,user_0483,air purifier,2,This air purifier stopped working after one week. Loud rattling noise that makes it completely unusable. Very angry and will not buy from this seller again.,0,,26
REV03395,user_0716,coffee maker,1,Very disappointed with this coffee maker. Cheaply made materials that scratched and peeled after first use. Do not waste your money.,0,Verified Purchase,123
REV03396,user_0789,phone case,5,"Amazing quality phone case, highly recommend. The performance quality is incredible for the price. 10/10 would recommend!",1,,21
REV03397,user_0115,backpack,2,This backpack stopped working after one week. Already broke and I only used it twice — total waste of money. 1 star — would give zero if possible.,0,,36
REV03398,user_0455,air purifier,1,This air purifier broke within days. Took forever to arrive and the item was not as described at all. Worst purchase I've made this year.,0,Verified Purchase,28
REV03399,user_0489,yoga mat,5,Best yoga mat I've ever purchased. Much better than my previous one — noticeable improvement. Highly recommend to anyone looking for reliability.,1,Verified Purchase,103
REV03400,user_0853,laptop stand,5,"Best laptop stand I've ever purchased. The design is sleek and modern, looks great on my desk. Highly recommend to anyone looking for reliability.",1,,43
REV03401,user_0073,monitor,5,"Solid monitor, highly satisfied. Comfortable to use for long periods without any fatigue. 5 stars without hesitation.",1,Verified Purchase,98
REV03402,user_0910,air purifier,1,This air purifier stopped working after one week. Connection drops constantly and the device overheats quickly. Returning this immediately.,0,,75
REV03403,user_0094,water bottle,5,This water bottle is worth every penny. Connectivity is seamless and lag-free every single time. Would definitely buy again!,1,Verified Purchase,45
REV03404,user_0485,gaming mouse,5,This gaming mouse exceeded my expectations. The performance quality is incredible for the price. 10/10 would recommend!,1,Verified Purchase,113
REV03405,user_0661,screen protector,1,This screen protector is cheaply made and falls apart. Took forever to arrive and the item was not as described at all. Worst purchase I've made this year.,0,Verified Purchase,14
REV03406,user_0779,gaming mouse,4,This gaming mouse exceeded my expectations. Durable construction — dropped it a few times with no damage. 10/10 would recommend!,1,Verified Purchase,32
REV03407,user_0581,fitness tracker,5,"Outstanding fitness tracker, five stars. Fits perfectly and matches exactly what was shown in the photos. Highly recommend to anyone looking for reliability.",1,,24
REV03408,user_0275,electric kettle,4,"Amazing quality electric kettle, highly recommend. Customer support was very responsive when I had questions. 5 stars without hesitation.",1,Verified Purchase,133
REV03409,user_0706,phone case,1,Worst phone case I have ever purchased. The quality is extremely poor and feels like it will break any day. Returning this immediately.,0,Verified Purchase,5
REV03410,user_0720,robot vacuum,5,This robot vacuum is a game changer. Fits perfectly and matches exactly what was shown in the photos. 10/10 would recommend!,1,,29
REV03411,user_0745,monitor,1,This monitor is cheaply made and falls apart. Very uncomfortable to use and causes strain after just minutes. Returning this immediately.,0,,80
REV03412,user_0440,toaster oven,1,"Faulty toaster oven, does not work as advertised. Very uncomfortable to use and causes strain after just minutes. Do not waste your money.",0,Verified Purchase,113
REV03413,user_0811,bluetooth speaker,2,Zero stars if I could for this bluetooth speaker. The design looks nothing like the photos — very misleading listing. Absolute rubbish.,0,Verified Purchase,140
REV03414,user_0237,toaster oven,1,"Faulty toaster oven, does not work as advertised. Performance is terrible compared to competitors at the same price. Do not waste your money.",0,Verified Purchase,75
REV03415,user_0825,resistance bands,5,Best resistance bands I've ever purchased. Customer support was very responsive when I had questions. 10/10 would recommend!,1,Verified Purchase,52
REV03416,user_0535,sunglasses,5,"Outstanding sunglasses, five stars. Fits perfectly and matches exactly what was shown in the photos. Would definitely buy again!",1,Verified Purchase,31
REV03417,user_0472,webcam,1,Regret buying this webcam. Performance is terrible compared to competitors at the same price. Returning this immediately.,0,Verified Purchase,147
REV03418,user_0025,coffee maker,5,"Super happy with my coffee maker purchase. The design is sleek and modern, looks great on my desk. Already ordered a second one as a gift.",1,Verified Purchase,48
REV03419,user_0816,tablet,5,"Excellent tablet, exactly as described. Fits perfectly and matches exactly what was shown in the photos. 10/10 would recommend!",1,Verified Purchase,118
REV03420,user_0894,coffee maker,2,Worst coffee maker I have ever purchased. The packaging was damaged and the product arrived broken. Requested a refund right away.,0,Verified Purchase,39
REV03421,user_0444,mechanical keyboard,5,This mechanical keyboard is a game changer. The build quality is top-notch and it arrived quickly. Would definitely buy again!,1,,108
REV03422,user_0587,mechanical keyboard,4,"Amazing quality mechanical keyboard, highly recommend. Much better than my previous one — noticeable improvement. Highly recommend to anyone looking for reliability.",1,Verified Purchase,73
REV03423,user_0384,smart bulb,5,"This smart bulb is worth every penny. The performance quality is incredible for the price. Very satisfied, no complaints.",1,Verified Purchase,148
REV03424,user_0852,water bottle,5,Great value for money water bottle. The build quality is top-notch and it arrived quickly. Would definitely buy again!,1,Verified Purchase,19
REV03425,user_0632,wireless headphones,1,Regret buying this wireless headphones. The packaging was damaged and the product arrived broken. Returning this immediately.,0,,5
REV03426,user_0176,monitor,1,Very disappointed with this monitor. Customer support never responded to my multiple messages. Worst purchase I've made this year.,0,,58
REV03427,user_0698,tablet,5,Purchased this tablet last month and love it. The build quality is top-notch and it arrived quickly. A must-buy!,1,Verified Purchase,6
REV03428,user_0817,blender,1,Regret buying this blender. It stopped working completely after just a few days of light use. Very angry and will not buy from this seller again.,0,Verified Purchase,44
REV03429,user_0669,gaming mouse,1,"Huge disappointment, expected much better from this gaming mouse. Connection drops constantly and the device overheats quickly. 1 star — would give zero if possible.",0,Verified Purchase,131
REV03430,user_0156,fitness tracker,1,"Poor quality fitness tracker, save your money. Loud rattling noise that makes it completely unusable. Absolute rubbish.",0,,33
REV03431,user_0102,laptop stand,5,"Amazing quality laptop stand, highly recommend. Setup was easy and it works flawlessly right out of the box. 10/10 would recommend!",1,Verified Purchase,146
REV03432,user_0162,yoga mat,1,"Terrible yoga mat, complete waste of money. Performance is terrible compared to competitors at the same price. Do not waste your money.",0,Verified Purchase,124
REV03433,user_0861,phone case,1,Worst phone case I have ever purchased. The design looks nothing like the photos — very misleading listing. Worst purchase I've made this year.,0,,30
REV03434,user_0188,monitor,4,This monitor exceeded my expectations. The performance quality is incredible for the price. 10/10 would recommend!,1,Verified Purchase,42
REV03435,user_0125,sunglasses,5,This sunglasses is a game changer. Customer support was very responsive when I had questions. Will be buying more products from this brand.,1,,101
REV03436,user_0368,charging cable,4,Great value for money charging cable. Packaging was great and the product feels premium. Will be buying more products from this brand.,1,Verified Purchase,75
REV03437,user_0266,wireless headphones,4,Very impressed with this wireless headphones. The performance quality is incredible for the price. Would definitely buy again!,1,Verified Purchase,107
REV03438,user_0763,water bottle,5,Best water bottle I've ever purchased. I've been using it daily for weeks and it still works like new. 5 stars without hesitation.,1,Verified Purchase,149
REV03439,user_0114,smart bulb,5,Very impressed with this smart bulb. Battery life is phenomenal — lasts much longer than advertised. 10/10 would recommend!,1,,34
REV03440,user_0335,running shoes,1,This running shoes is cheaply made and falls apart. Cheaply made materials that scratched and peeled after first use. Very angry and will not buy from this seller again.,0,Verified Purchase,82
REV03441,user_0736,electric kettle,1,Regret buying this electric kettle. The packaging was damaged and the product arrived broken. Do not waste your money.,0,Verified Purchase,74
REV03442,user_0701,laptop stand,4,"Amazing quality laptop stand, highly recommend. Packaging was great and the product feels premium. Would definitely buy again!",1,,34
REV03443,user_0111,gaming mouse,5,Absolutely love this gaming mouse! Fits perfectly and matches exactly what was shown in the photos. Highly recommend to anyone looking for reliability.,1,,32
REV03444,user_0046,laptop stand,4,Very impressed with this laptop stand. Comfortable to use for long periods without any fatigue. 10/10 would recommend!,1,Verified Purchase,0
REV03445,user_0851,resistance bands,1,"Terrible resistance bands, complete waste of money. Very uncomfortable to use and causes strain after just minutes. Returning this immediately.",0,Verified Purchase,3
REV03446,user_0558,wallet,1,Do NOT buy this wallet. Already broke and I only used it twice — total waste of money. Very angry and will not buy from this seller again.,0,Verified Purchase,63
REV03447,user_0017,resistance bands,2,This resistance bands broke within days. Instructions were incomprehensible and setup took hours. Very angry and will not buy from this seller again.,0,,75
REV03448,user_0514,air purifier,1,"Huge disappointment, expected much better from this air purifier. Connection drops constantly and the device overheats quickly. Buyer beware — stay far away.",0,Verified Purchase,13
REV03449,user_0466,water bottle,5,Purchased this water bottle last month and love it. Connectivity is seamless and lag-free every single time. A must-buy!,1,,141
REV03450,user_0426,wallet,5,Purchased this wallet last month and love it. Durable construction — dropped it a few times with no damage. Will be buying more products from this brand.,1,,120
REV03451,user_0462,toaster oven,5,Super happy with my toaster oven purchase. Setup was easy and it works flawlessly right out of the box. 10/10 would recommend!,1,Verified Purchase,3
REV03452,user_0167,coffee maker,1,This coffee maker is cheaply made and falls apart. Instructions were incomprehensible and setup took hours. 1 star — would give zero if possible.,0,Verified Purchase,55
REV03453,user_0999,bluetooth speaker,5,Very impressed with this bluetooth speaker. The performance quality is incredible for the price. Highly recommend to anyone looking for reliability.,1,,28
REV03454,user_0312,smartwatch,1,"Huge disappointment, expected much better from this smartwatch. The design looks nothing like the photos — very misleading listing. Worst purchase I've made this year.",0,Verified Purchase,54
REV03455,user_0958,laptop stand,5,Purchased this laptop stand last month and love it. Customer support was very responsive when I had questions. Highly recommend to anyone looking for reliability.,1,Verified Purchase,27
REV03456,user_0658,yoga mat,4,"Great value for money yoga mat. The design is sleek and modern, looks great on my desk. Will be buying more products from this brand.",1,,47
REV03457,user_0814,smart bulb,5,"Fantastic smart bulb, works perfectly. Setup was easy and it works flawlessly right out of the box. Will be buying more products from this brand.",1,Verified Purchase,124
REV03458,user_0936,coffee maker,2,"Faulty coffee maker, does not work as advertised. Already broke and I only used it twice — total waste of money. Absolute rubbish.",0,Verified Purchase,22
REV03459,user_0861,fitness tracker,1,"Terrible fitness tracker, complete waste of money. Battery dies within an hour — completely unusable for daily tasks. Buyer beware — stay far away.",0,Verified Purchase,15
REV03460,user_0619,mechanical keyboard,4,"Outstanding mechanical keyboard, five stars. Battery life is phenomenal — lasts much longer than advertised. Will be buying more products from this brand.",1,,97
REV03461,user_0393,gaming mouse,5,"Solid gaming mouse, highly satisfied. I've been using it daily for weeks and it still works like new. Already ordered a second one as a gift.",1,Verified Purchase,73
REV03462,user_0567,phone case,1,Not as described — very misleading phone case listing. The design looks nothing like the photos — very misleading listing. Worst purchase I've made this year.,0,Verified Purchase,94
REV03463,user_0239,toaster oven,1,Zero stars if I could for this toaster oven. It stopped working completely after just a few days of light use. 1 star — would give zero if possible.,0,Verified Purchase,124
REV03464,user_0135,screen protector,1,This screen protector is cheaply made and falls apart. The design looks nothing like the photos — very misleading listing. Very angry and will not buy from this seller again.,0,Verified Purchase,90
REV03465,user_0466,mechanical keyboard,5,Best mechanical keyboard I've ever purchased. Setup was easy and it works flawlessly right out of the box. A must-buy!,1,,25
REV03466,user_0903,instant pot,1,This instant pot is a total scam. It stopped working completely after just a few days of light use. Worst purchase I've made this year.,0,Verified Purchase,126
REV03467,user_0820,webcam,2,Very disappointed with this webcam. The design looks nothing like the photos — very misleading listing. Returning this immediately.,0,Verified Purchase,125
REV03468,user_0571,toaster oven,1,This toaster oven is a total scam. Battery dies within an hour — completely unusable for daily tasks. Requested a refund right away.,0,Verified Purchase,63
REV03469,user_0039,monitor,5,This monitor is a game changer. The performance quality is incredible for the price. Would definitely buy again!,1,,108
REV03470,user_0422,air purifier,2,"Poor quality air purifier, save your money. Loud rattling noise that makes it completely unusable. Do not waste your money.",0,Verified Purchase,132
REV03471,user_0063,toaster oven,5,"This toaster oven exceeded my expectations. My whole family loves it and we've recommended it to friends. Very satisfied, no complaints.",1,,70
REV03472,user_0756,bluetooth speaker,1,"Huge disappointment, expected much better from this bluetooth speaker. Took forever to arrive and the item was not as described at all. Do not waste your money.",0,Verified Purchase,147
REV03473,user_0155,instant pot,5,"Fantastic instant pot, works perfectly. My whole family loves it and we've recommended it to friends. 5 stars without hesitation.",1,Verified Purchase,79
REV03474,user_0271,backpack,5,This backpack exceeded my expectations. My whole family loves it and we've recommended it to friends. Will be buying more products from this brand.,1,Verified Purchase,43
REV03475,user_0309,backpack,5,Purchased this backpack last month and love it. Setup was easy and it works flawlessly right out of the box. Highly recommend to anyone looking for reliability.,1,,51
REV03476,user_0515,yoga mat,1,Not as described — very misleading yoga mat listing. Already broke and I only used it twice — total waste of money. Buyer beware — stay far away.,0,,143
REV03477,user_0172,power bank,5,"Outstanding power bank, five stars. Durable construction — dropped it a few times with no damage. A must-buy!",1,,11
REV03478,user_0256,wireless headphones,4,"Amazing quality wireless headphones, highly recommend. Durable construction — dropped it a few times with no damage. Will be buying more products from this brand.",1,Verified Purchase,31
REV03479,user_0851,fitness tracker,1,This fitness tracker broke within days. Loud rattling noise that makes it completely unusable. 1 star — would give zero if possible.,0,Verified Purchase,83
REV03480,user_0798,air purifier,5,Great value for money air purifier. Durable construction — dropped it a few times with no damage. Will be buying more products from this brand.,1,Verified Purchase,27
REV03481,user_0623,charging cable,2,Worst charging cable I have ever purchased. The packaging was damaged and the product arrived broken. Do not waste your money.,0,Verified Purchase,147
REV03482,user_0291,toaster oven,5,Absolutely love this toaster oven! The build quality is top-notch and it arrived quickly. Already ordered a second one as a gift.,1,Verified Purchase,56
REV03483,user_0773,water bottle,1,Do NOT buy this water bottle. Very uncomfortable to use and causes strain after just minutes. Very angry and will not buy from this seller again.,0,,136
REV03484,user_0688,water bottle,1,This water bottle is a total scam. Instructions were incomprehensible and setup took hours. Do not waste your money.,0,Verified Purchase,1
REV03485,user_0376,resistance bands,5,Best resistance bands I've ever purchased. Durable construction — dropped it a few times with no damage. Would definitely buy again!,1,Verified Purchase,94
REV03486,user_0035,fitness tracker,2,Very disappointed with this fitness tracker. Took forever to arrive and the item was not as described at all. 1 star — would give zero if possible.,0,,95
REV03487,user_0503,robot vacuum,1,"Terrible robot vacuum, complete waste of money. Already broke and I only used it twice — total waste of money. 1 star — would give zero if possible.",0,Verified Purchase,28
REV03488,user_0471,mechanical keyboard,2,Zero stars if I could for this mechanical keyboard. Battery dies within an hour — completely unusable for daily tasks. Buyer beware — stay far away.,0,Verified Purchase,98
REV03489,user_0469,laptop stand,5,Very impressed with this laptop stand. Battery life is phenomenal — lasts much longer than advertised. A must-buy!,1,Verified Purchase,132
REV03490,user_0146,electric kettle,1,Do NOT buy this electric kettle. Battery dies within an hour — completely unusable for daily tasks. Requested a refund right away.,0,,78
REV03491,user_0838,robot vacuum,5,"Excellent robot vacuum, exactly as described. Customer support was very responsive when I had questions. Already ordered a second one as a gift.",1,Verified Purchase,126
REV03492,user_0304,coffee maker,5,Super happy with my coffee maker purchase. Setup was easy and it works flawlessly right out of the box. 5 stars without hesitation.,1,,47
REV03493,user_0377,water bottle,5,"Solid water bottle, highly satisfied. I've been using it daily for weeks and it still works like new. 5 stars without hesitation.",1,Verified Purchase,68
REV03494,user_0787,robot vacuum,5,Super happy with my robot vacuum purchase. Packaging was great and the product feels premium. Highly recommend to anyone looking for reliability.,1,Verified Purchase,65
REV03495,user_0937,water bottle,1,Worst water bottle I have ever purchased. Performance is terrible compared to competitors at the same price. Do not waste your money.,0,Verified Purchase,76
REV03496,user_0583,e-reader,5,This e-reader is worth every penny. I've been using it daily for weeks and it still works like new. Highly recommend to anyone looking for reliability.,1,Verified Purchase,19
REV03497,user_0424,toaster oven,5,"Outstanding toaster oven, five stars. I've been using it daily for weeks and it still works like new. A must-buy!",1,,45
REV03498,user_0315,blender,5,"Amazing quality blender, highly recommend. Durable construction — dropped it a few times with no damage. 5 stars without hesitation.",1,Verified Purchase,92
REV03499,user_0515,earbuds,1,Zero stars if I could for this earbuds. Loud rattling noise that makes it completely unusable. Returning this immediately.,0,Verified Purchase,23
REV03500,user_0156,running shoes,5,Absolutely love this running shoes! I've been using it daily for weeks and it still works like new. 10/10 would recommend!,1,Verified Purchase,113
REV03501,user_0096,gaming mouse,4,"Outstanding gaming mouse, five stars. Comfortable to use for long periods without any fatigue. Would definitely buy again!",1,Verified Purchase,59
REV03502,user_0685,running shoes,5,Great value for money running shoes. The build quality is top-notch and it arrived quickly. A must-buy!,1,,42
REV03503,user_0659,USB hub,1,This USB hub broke within days. Cheaply made materials that scratched and peeled after first use. Returning this immediately.,0,Verified Purchase,146
REV03504,user_0096,smart bulb,5,"Excellent smart bulb, exactly as described. Fits perfectly and matches exactly what was shown in the photos. 10/10 would recommend!",1,Verified Purchase,60
REV03505,user_0935,webcam,5,Great value for money webcam. Customer support was very responsive when I had questions. A must-buy!,1,,96
REV03506,user_0158,webcam,2,Deeply unsatisfied with this webcam. Battery dies within an hour — completely unusable for daily tasks. Absolute rubbish.,0,Verified Purchase,26
REV03507,user_0721,robot vacuum,5,"Amazing quality robot vacuum, highly recommend. Packaging was great and the product feels premium. 10/10 would recommend!",1,Verified Purchase,9
REV03508,user_0449,air purifier,5,Super happy with my air purifier purchase. Comfortable to use for long periods without any fatigue. Will be buying more products from this brand.,1,Verified Purchase,10
REV03509,user_0822,smart bulb,2,Do NOT buy this smart bulb. Connection drops constantly and the device overheats quickly. Worst purchase I've made this year.,0,Verified Purchase,28
REV03510,user_0004,running shoes,1,"Huge disappointment, expected much better from this running shoes. Battery dies within an hour — completely unusable for daily tasks. 1 star — would give zero if possible.",0,Verified Purchase,81
REV03511,user_0597,e-reader,1,This e-reader is a total scam. Performance is terrible compared to competitors at the same price. Do not waste your money.,0,Verified Purchase,15
REV03512,user_0507,running shoes,4,This running shoes exceeded my expectations. Battery life is phenomenal — lasts much longer than advertised. A must-buy!,1,Verified Purchase,45
REV03513,user_0390,screen protector,1,"Huge disappointment, expected much better from this screen protector. Loud rattling noise that makes it completely unusable. Absolute rubbish.",0,,56
REV03514,user_0908,gaming mouse,2,"Faulty gaming mouse, does not work as advertised. Very uncomfortable to use and causes strain after just minutes. Buyer beware — stay far away.",0,Verified Purchase,142
REV03515,user_0866,blender,4,"Fantastic blender, works perfectly. The performance quality is incredible for the price. A must-buy!",1,Verified Purchase,145
REV03516,user_0003,resistance bands,2,Very disappointed with this resistance bands. Performance is terrible compared to competitors at the same price. 1 star — would give zero if possible.,0,Verified Purchase,1
REV03517,user_0464,robot vacuum,1,This robot vacuum is a total scam. Took forever to arrive and the item was not as described at all. Requested a refund right away.,0,,121
REV03518,user_0656,coffee maker,5,Great value for money coffee maker. My whole family loves it and we've recommended it to friends. 5 stars without hesitation.,1,Verified Purchase,107
REV03519,user_0364,webcam,1,Do NOT buy this webcam. Very uncomfortable to use and causes strain after just minutes. Worst purchase I've made this year.,0,Verified Purchase,81
REV03520,user_0973,USB hub,1,Not as described — very misleading USB hub listing. The quality is extremely poor and feels like it will break any day. Do not waste your money.,0,Verified Purchase,64
REV03521,user_0229,electric kettle,4,Best electric kettle I've ever purchased. Fits perfectly and matches exactly what was shown in the photos. A must-buy!,1,,118
REV03522,user_0919,phone case,5,"Fantastic phone case, works perfectly. The build quality is top-notch and it arrived quickly. Already ordered a second one as a gift.",1,Verified Purchase,75
REV03523,user_0144,air purifier,5,Absolutely love this air purifier! Customer support was very responsive when I had questions. Will be buying more products from this brand.,1,,80
REV03524,user_0704,air purifier,2,Not as described — very misleading air purifier listing. The design looks nothing like the photos — very misleading listing. Returning this immediately.,0,,122
REV03525,user_0329,instant pot,5,"Fantastic instant pot, works perfectly. Much better than my previous one — noticeable improvement. 5 stars without hesitation.",1,Verified Purchase,122
REV03526,user_0778,wallet,2,Very disappointed with this wallet. Loud rattling noise that makes it completely unusable. Requested a refund right away.,0,,135
REV03527,user_0238,water bottle,5,Couldn't be happier with this water bottle. My whole family loves it and we've recommended it to friends. 10/10 would recommend!,1,Verified Purchase,36
REV03528,user_0272,robot vacuum,1,"Huge disappointment, expected much better from this robot vacuum. The quality is extremely poor and feels like it will break any day. Absolute rubbish.",0,,95
REV03529,user_0117,tablet,5,Super happy with my tablet purchase. Comfortable to use for long periods without any fatigue. Would definitely buy again!,1,Verified Purchase,121
REV03530,user_0943,bluetooth speaker,5,"Solid bluetooth speaker, highly satisfied. My whole family loves it and we've recommended it to friends. 5 stars without hesitation.",1,,28
REV03531,user_0316,monitor,5,Very impressed with this monitor. Battery life is phenomenal — lasts much longer than advertised. Already ordered a second one as a gift.,1,,67
REV03532,user_0802,laptop stand,4,This laptop stand exceeded my expectations. I've been using it daily for weeks and it still works like new. Would definitely buy again!,1,Verified Purchase,52
REV03533,user_0585,yoga mat,1,"Huge disappointment, expected much better from this yoga mat. Connection drops constantly and the device overheats quickly. Requested a refund right away.",0,,40
REV03534,user_0785,robot vacuum,2,Do NOT buy this robot vacuum. Cheaply made materials that scratched and peeled after first use. Returning this immediately.,0,Verified Purchase,71
REV03535,user_0231,power bank,5,Purchased this power bank last month and love it. Durable construction — dropped it a few times with no damage. 10/10 would recommend!,1,Verified Purchase,22
REV03536,user_0893,instant pot,4,"Excellent instant pot, exactly as described. Durable construction — dropped it a few times with no damage. 10/10 would recommend!",1,,17
REV03537,user_0609,phone case,2,Worst phone case I have ever purchased. Loud rattling noise that makes it completely unusable. Very angry and will not buy from this seller again.,0,,123
REV03538,user_0972,mechanical keyboard,1,Regret buying this mechanical keyboard. The quality is extremely poor and feels like it will break any day. Buyer beware — stay far away.,0,Verified Purchase,42
REV03539,user_0128,instant pot,2,"Huge disappointment, expected much better from this instant pot. Instructions were incomprehensible and setup took hours. Buyer beware — stay far away.",0,Verified Purchase,46
REV03540,user_0167,toaster oven,2,"Terrible toaster oven, complete waste of money. Performance is terrible compared to competitors at the same price. Worst purchase I've made this year.",0,Verified Purchase,141
REV03541,user_0831,robot vacuum,4,"Solid robot vacuum, highly satisfied. Customer support was very responsive when I had questions. Highly recommend to anyone looking for reliability.",1,Verified Purchase,27
REV03542,user_0406,blender,4,Purchased this blender last month and love it. The build quality is top-notch and it arrived quickly. A must-buy!,1,Verified Purchase,60
REV03543,user_0470,e-reader,5,"Excellent e-reader, exactly as described. The design is sleek and modern, looks great on my desk. Will be buying more products from this brand.",1,Verified Purchase,90
REV03544,user_0768,electric kettle,1,Deeply unsatisfied with this electric kettle. Cheaply made materials that scratched and peeled after first use. Requested a refund right away.,0,Verified Purchase,9
REV03545,user_0315,electric kettle,1,This electric kettle is a total scam. The quality is extremely poor and feels like it will break any day. Requested a refund right away.,0,,62
REV03546,user_0489,wallet,4,This wallet is a game changer. Connectivity is seamless and lag-free every single time. 5 stars without hesitation.,1,Verified Purchase,35
REV03547,user_0222,smartwatch,1,Worst smartwatch I have ever purchased. Instructions were incomprehensible and setup took hours. Requested a refund right away.,0,Verified Purchase,89
REV03548,user_0360,electric kettle,5,This electric kettle is a game changer. The build quality is top-notch and it arrived quickly. Will be buying more products from this brand.,1,Verified Purchase,114
REV03549,user_0195,power bank,4,Best power bank I've ever purchased. Battery life is phenomenal — lasts much longer than advertised. Would definitely buy again!,1,Verified Purchase,129
REV03550,user_0746,robot vacuum,5,Purchased this robot vacuum last month and love it. Durable construction — dropped it a few times with no damage. Highly recommend to anyone looking for reliability.,1,Verified Purchase,36
REV03551,user_0842,sunglasses,5,Best sunglasses I've ever purchased. Customer support was very responsive when I had questions. A must-buy!,1,Verified Purchase,8
REV03552,user_0679,instant pot,5,Very impressed with this instant pot. Durable construction — dropped it a few times with no damage. Already ordered a second one as a gift.,1,Verified Purchase,146
REV03553,user_0134,mechanical keyboard,5,This mechanical keyboard exceeded my expectations. I've been using it daily for weeks and it still works like new. Would definitely buy again!,1,,10
REV03554,user_0763,e-reader,1,Zero stars if I could for this e-reader. Cheaply made materials that scratched and peeled after first use. Requested a refund right away.,0,Verified Purchase,89
REV03555,user_0427,phone case,1,Do NOT buy this phone case. The packaging was damaged and the product arrived broken. Very angry and will not buy from this seller again.,0,Verified Purchase,55
REV03556,user_0520,water bottle,5,Absolutely love this water bottle! Durable construction — dropped it a few times with no damage. Will be buying more products from this brand.,1,Verified Purchase,76
REV03557,user_0415,robot vacuum,5,"Solid robot vacuum, highly satisfied. The design is sleek and modern, looks great on my desk. Already ordered a second one as a gift.",1,Verified Purchase,97
REV03558,user_0095,smart bulb,5,This smart bulb is a game changer. Connectivity is seamless and lag-free every single time. 10/10 would recommend!,1,Verified Purchase,75
REV03559,user_0931,smartwatch,5,"Fantastic smartwatch, works perfectly. Setup was easy and it works flawlessly right out of the box. Already ordered a second one as a gift.",1,Verified Purchase,36
REV03560,user_0187,charging cable,4,Super happy with my charging cable purchase. The build quality is top-notch and it arrived quickly. A must-buy!,1,Verified Purchase,56
REV03561,user_0338,sunglasses,4,Great value for money sunglasses. My whole family loves it and we've recommended it to friends. Will be buying more products from this brand.,1,Verified Purchase,115
REV03562,user_0158,tablet,4,"This tablet exceeded my expectations. The performance quality is incredible for the price. Very satisfied, no complaints.",1,Verified Purchase,22
REV03563,user_0300,bluetooth speaker,1,This bluetooth speaker stopped working after one week. Took forever to arrive and the item was not as described at all. 1 star — would give zero if possible.,0,,142
REV03564,user_0333,phone case,1,This phone case is cheaply made and falls apart. Instructions were incomprehensible and setup took hours. Worst purchase I've made this year.,0,Verified Purchase,104
REV03565,user_0006,instant pot,5,"Super happy with my instant pot purchase. The design is sleek and modern, looks great on my desk. Highly recommend to anyone looking for reliability.",1,Verified Purchase,104
REV03566,user_0148,smartwatch,5,Super happy with my smartwatch purchase. The build quality is top-notch and it arrived quickly. Highly recommend to anyone looking for reliability.,1,Verified Purchase,78
REV03567,user_0413,e-reader,1,Very disappointed with this e-reader. Customer support never responded to my multiple messages. Returning this immediately.,0,,105
REV03568,user_0344,phone case,2,"Faulty phone case, does not work as advertised. It stopped working completely after just a few days of light use. Do not waste your money.",0,,102
REV03569,user_0879,tablet,1,"Poor quality tablet, save your money. Already broke and I only used it twice — total waste of money. Do not waste your money.",0,Verified Purchase,137
REV03570,user_0391,running shoes,1,Not as described — very misleading running shoes listing. Cheaply made materials that scratched and peeled after first use. Do not waste your money.,0,,28
REV03571,user_0382,fitness tracker,2,Not as described — very misleading fitness tracker listing. Took forever to arrive and the item was not as described at all. Do not waste your money.,0,Verified Purchase,60
REV03572,user_0526,backpack,1,"Faulty backpack, does not work as advertised. The quality is extremely poor and feels like it will break any day. Worst purchase I've made this year.",0,Verified Purchase,132
REV03573,user_0454,electric kettle,1,This electric kettle stopped working after one week. The quality is extremely poor and feels like it will break any day. Returning this immediately.,0,Verified Purchase,37
REV03574,user_0479,power bank,4,"Amazing quality power bank, highly recommend. Battery life is phenomenal — lasts much longer than advertised. A must-buy!",1,Verified Purchase,118
REV03575,user_0985,tablet,1,"Huge disappointment, expected much better from this tablet. Battery dies within an hour — completely unusable for daily tasks. Very angry and will not buy from this seller again.",0,Verified Purchase,65
REV03576,user_0581,toaster oven,5,"Fantastic toaster oven, works perfectly. Durable construction — dropped it a few times with no damage. A must-buy!",1,Verified Purchase,76
REV03577,user_0532,resistance bands,1,Regret buying this resistance bands. Took forever to arrive and the item was not as described at all. Requested a refund right away.,0,Verified Purchase,52
REV03578,user_0523,USB hub,4,Very impressed with this USB hub. Setup was easy and it works flawlessly right out of the box. Would definitely buy again!,1,,105
REV03579,user_0541,yoga mat,4,Best yoga mat I've ever purchased. Comfortable to use for long periods without any fatigue. 10/10 would recommend!,1,Verified Purchase,138
REV03580,user_0709,air purifier,1,This air purifier broke within days. Took forever to arrive and the item was not as described at all. Returning this immediately.,0,Verified Purchase,27
REV03581,user_0866,gaming mouse,1,Deeply unsatisfied with this gaming mouse. The design looks nothing like the photos — very misleading listing. Returning this immediately.,0,Verified Purchase,41
REV03582,user_0874,laptop stand,5,This laptop stand is worth every penny. Customer support was very responsive when I had questions. Will be buying more products from this brand.,1,Verified Purchase,12
REV03583,user_0112,smart bulb,5,Purchased this smart bulb last month and love it. Customer support was very responsive when I had questions. Will be buying more products from this brand.,1,Verified Purchase,62
REV03584,user_0849,sunglasses,5,Best sunglasses I've ever purchased. Packaging was great and the product feels premium. Will be buying more products from this brand.,1,Verified Purchase,31
REV03585,user_0852,mechanical keyboard,1,This mechanical keyboard broke within days. Performance is terrible compared to competitors at the same price. Returning this immediately.,0,Verified Purchase,37
REV03586,user_0177,toaster oven,5,"Outstanding toaster oven, five stars. Comfortable to use for long periods without any fatigue. 5 stars without hesitation.",1,Verified Purchase,132
REV03587,user_0343,electric kettle,5,Best electric kettle I've ever purchased. Much better than my previous one — noticeable improvement. Already ordered a second one as a gift.,1,Verified Purchase,83
REV03588,user_0081,laptop stand,5,"Super happy with my laptop stand purchase. The design is sleek and modern, looks great on my desk. Highly recommend to anyone looking for reliability.",1,Verified Purchase,92
REV03589,user_0338,resistance bands,1,Do NOT buy this resistance bands. Performance is terrible compared to competitors at the same price. Worst purchase I've made this year.,0,Verified Purchase,84
REV03590,user_0360,bluetooth speaker,1,This bluetooth speaker stopped working after one week. The packaging was damaged and the product arrived broken. Very angry and will not buy from this seller again.,0,Verified Purchase,16
REV03591,user_0216,toaster oven,5,Purchased this toaster oven last month and love it. Connectivity is seamless and lag-free every single time. Would definitely buy again!,1,Verified Purchase,26
REV03592,user_0373,yoga mat,2,"Terrible yoga mat, complete waste of money. Very uncomfortable to use and causes strain after just minutes. Worst purchase I've made this year.",0,Verified Purchase,27
REV03593,user_0500,gaming mouse,2,"Huge disappointment, expected much better from this gaming mouse. The quality is extremely poor and feels like it will break any day. 1 star — would give zero if possible.",0,Verified Purchase,86
REV03594,user_0391,running shoes,5,This running shoes is a game changer. The performance quality is incredible for the price. 5 stars without hesitation.,1,Verified Purchase,111
REV03595,user_0074,phone case,1,Worst phone case I have ever purchased. Instructions were incomprehensible and setup took hours. Returning this immediately.,0,,97
REV03596,user_0633,fitness tracker,4,"Very impressed with this fitness tracker. The design is sleek and modern, looks great on my desk. Very satisfied, no complaints.",1,,124
REV03597,user_0756,wireless headphones,4,This wireless headphones exceeded my expectations. The build quality is top-notch and it arrived quickly. 10/10 would recommend!,1,Verified Purchase,106
REV03598,user_0543,earbuds,5,"Solid earbuds, highly satisfied. Durable construction — dropped it a few times with no damage. Already ordered a second one as a gift.",1,Verified Purchase,26
REV03599,user_0932,running shoes,1,This running shoes stopped working after one week. Customer support never responded to my multiple messages. Returning this immediately.,0,Verified Purchase,60
REV03600,user_0653,resistance bands,1,"Faulty resistance bands, does not work as advertised. Very uncomfortable to use and causes strain after just minutes. Very angry and will not buy from this seller again.",0,,120
REV03601,user_0282,fitness tracker,5,Absolutely love this fitness tracker! Connectivity is seamless and lag-free every single time. A must-buy!,1,Verified Purchase,118
REV03602,user_0012,smart bulb,1,This smart bulb broke within days. Very uncomfortable to use and causes strain after just minutes. Returning this immediately.,0,Verified Purchase,128
REV03603,user_0114,USB hub,4,"Very impressed with this USB hub. My whole family loves it and we've recommended it to friends. Very satisfied, no complaints.",1,,93
REV03604,user_0938,sunglasses,5,This sunglasses is worth every penny. Setup was easy and it works flawlessly right out of the box. Already ordered a second one as a gift.,1,Verified Purchase,126
REV03605,user_0579,laptop stand,5,Best laptop stand I've ever purchased. Much better than my previous one — noticeable improvement. Already ordered a second one as a gift.,1,Verified Purchase,32
REV03606,user_0331,electric kettle,1,Not as described — very misleading electric kettle listing. The packaging was damaged and the product arrived broken. Very angry and will not buy from this seller again.,0,Verified Purchase,30
REV03607,user_0505,toaster oven,5,Super happy with my toaster oven purchase. Setup was easy and it works flawlessly right out of the box. Would definitely buy again!,1,Verified Purchase,104
REV03608,user_0542,mechanical keyboard,1,Regret buying this mechanical keyboard. The packaging was damaged and the product arrived broken. Very angry and will not buy from this seller again.,0,Verified Purchase,106
REV03609,user_0818,gaming mouse,1,Do NOT buy this gaming mouse. Battery dies within an hour — completely unusable for daily tasks. Do not waste your money.,0,Verified Purchase,5
REV03610,user_0619,water bottle,5,"Solid water bottle, highly satisfied. The performance quality is incredible for the price. Will be buying more products from this brand.",1,Verified Purchase,130
REV03611,user_0442,smart bulb,5,"Outstanding smart bulb, five stars. I've been using it daily for weeks and it still works like new. Would definitely buy again!",1,Verified Purchase,101
REV03612,user_0303,wireless headphones,2,This wireless headphones is cheaply made and falls apart. Performance is terrible compared to competitors at the same price. Do not waste your money.,0,Verified Purchase,50
REV03613,user_0285,fitness tracker,4,Super happy with my fitness tracker purchase. Fits perfectly and matches exactly what was shown in the photos. Highly recommend to anyone looking for reliability.,1,Verified Purchase,32
REV03614,user_0809,wallet,2,"Huge disappointment, expected much better from this wallet. Cheaply made materials that scratched and peeled after first use. Requested a refund right away.",0,Verified Purchase,65
REV03615,user_0478,earbuds,4,"Fantastic earbuds, works perfectly. Setup was easy and it works flawlessly right out of the box. Very satisfied, no complaints.",1,Verified Purchase,133
REV03616,user_0480,toaster oven,1,This toaster oven is cheaply made and falls apart. Battery dies within an hour — completely unusable for daily tasks. Very angry and will not buy from this seller again.,0,Verified Purchase,9
REV03617,user_0354,running shoes,5,Couldn't be happier with this running shoes. The build quality is top-notch and it arrived quickly. Highly recommend to anyone looking for reliability.,1,,124
REV03618,user_0487,air purifier,5,"Outstanding air purifier, five stars. The design is sleek and modern, looks great on my desk. Very satisfied, no complaints.",1,Verified Purchase,35
REV03619,user_0218,toaster oven,1,"Faulty toaster oven, does not work as advertised. The quality is extremely poor and feels like it will break any day. Returning this immediately.",0,Verified Purchase,88
REV03620,user_0160,screen protector,4,"Fantastic screen protector, works perfectly. Setup was easy and it works flawlessly right out of the box. 10/10 would recommend!",1,Verified Purchase,57
REV03621,user_0866,earbuds,1,"Faulty earbuds, does not work as advertised. Already broke and I only used it twice — total waste of money. 1 star — would give zero if possible.",0,Verified Purchase,84
REV03622,user_0573,screen protector,1,Very disappointed with this screen protector. The quality is extremely poor and feels like it will break any day. Absolute rubbish.,0,Verified Purchase,126
REV03623,user_0551,sunglasses,1,Not as described — very misleading sunglasses listing. Took forever to arrive and the item was not as described at all. Buyer beware — stay far away.,0,,105
REV03624,user_0707,water bottle,4,Best water bottle I've ever purchased. Comfortable to use for long periods without any fatigue. Will be buying more products from this brand.,1,Verified Purchase,118
REV03625,user_0869,earbuds,5,Purchased this earbuds last month and love it. Customer support was very responsive when I had questions. Will be buying more products from this brand.,1,Verified Purchase,136
REV03626,user_0051,bluetooth speaker,1,Very disappointed with this bluetooth speaker. It stopped working completely after just a few days of light use. Requested a refund right away.,0,,102
REV03627,user_0723,instant pot,1,Very disappointed with this instant pot. The packaging was damaged and the product arrived broken. Very angry and will not buy from this seller again.,0,Verified Purchase,109
REV03628,user_0908,smartwatch,5,This smartwatch is worth every penny. Fits perfectly and matches exactly what was shown in the photos. Will be buying more products from this brand.,1,Verified Purchase,92
REV03629,user_0579,water bottle,5,Absolutely love this water bottle! The performance quality is incredible for the price. 5 stars without hesitation.,1,,106
REV03630,user_0382,air purifier,2,"Faulty air purifier, does not work as advertised. Performance is terrible compared to competitors at the same price. Do not waste your money.",0,Verified Purchase,15
REV03631,user_0430,webcam,4,Absolutely love this webcam! Battery life is phenomenal — lasts much longer than advertised. Already ordered a second one as a gift.,1,Verified Purchase,28
REV03632,user_0269,running shoes,1,"Huge disappointment, expected much better from this running shoes. Performance is terrible compared to competitors at the same price. Buyer beware — stay far away.",0,,99
REV03633,user_0389,electric kettle,1,Regret buying this electric kettle. Battery dies within an hour — completely unusable for daily tasks. Returning this immediately.,0,,115
REV03634,user_0705,screen protector,5,Super happy with my screen protector purchase. Setup was easy and it works flawlessly right out of the box. Will be buying more products from this brand.,1,Verified Purchase,148
REV03635,user_0194,mechanical keyboard,1,Regret buying this mechanical keyboard. Cheaply made materials that scratched and peeled after first use. Very angry and will not buy from this seller again.,0,Verified Purchase,96
REV03636,user_0480,wireless headphones,4,Purchased this wireless headphones last month and love it. Packaging was great and the product feels premium. 10/10 would recommend!,1,Verified Purchase,92
REV03637,user_0436,webcam,1,Worst webcam I have ever purchased. The quality is extremely poor and feels like it will break any day. Worst purchase I've made this year.,0,Verified Purchase,67
REV03638,user_0570,toaster oven,5,Super happy with my toaster oven purchase. Packaging was great and the product feels premium. Already ordered a second one as a gift.,1,Verified Purchase,68
REV03639,user_0976,power bank,1,Very disappointed with this power bank. Loud rattling noise that makes it completely unusable. Worst purchase I've made this year.,0,Verified Purchase,94
REV03640,user_0616,water bottle,4,This water bottle is worth every penny. Customer support was very responsive when I had questions. A must-buy!,1,Verified Purchase,36
REV03641,user_0970,phone case,1,"Poor quality phone case, save your money. Battery dies within an hour — completely unusable for daily tasks. Absolute rubbish.",0,Verified Purchase,23
REV03642,user_0517,smart bulb,1,Zero stars if I could for this smart bulb. The packaging was damaged and the product arrived broken. Buyer beware — stay far away.,0,Verified Purchase,47
REV03643,user_0884,sunglasses,1,This sunglasses stopped working after one week. Connection drops constantly and the device overheats quickly. Worst purchase I've made this year.,0,Verified Purchase,109
REV03644,user_0212,wallet,2,"Terrible wallet, complete waste of money. The quality is extremely poor and feels like it will break any day. Buyer beware — stay far away.",0,,76
REV03645,user_0840,gaming mouse,1,"Huge disappointment, expected much better from this gaming mouse. The quality is extremely poor and feels like it will break any day. Absolute rubbish.",0,Verified Purchase,40
REV03646,user_0679,smartwatch,4,This smartwatch exceeded my expectations. Much better than my previous one — noticeable improvement. 10/10 would recommend!,1,Verified Purchase,5
REV03647,user_0494,running shoes,5,Very impressed with this running shoes. My whole family loves it and we've recommended it to friends. Will be buying more products from this brand.,1,Verified Purchase,22
REV03648,user_0507,air purifier,1,This air purifier is cheaply made and falls apart. The design looks nothing like the photos — very misleading listing. Very angry and will not buy from this seller again.,0,,52
REV03649,user_0550,wireless headphones,2,This wireless headphones broke within days. The packaging was damaged and the product arrived broken. 1 star — would give zero if possible.,0,Verified Purchase,130
REV03650,user_0398,blender,5,"This blender is worth every penny. Setup was easy and it works flawlessly right out of the box. Very satisfied, no complaints.",1,Verified Purchase,139
REV03651,user_0850,coffee maker,1,"Terrible coffee maker, complete waste of money. Connection drops constantly and the device overheats quickly. Absolute rubbish.",0,Verified Purchase,111
REV03652,user_0500,resistance bands,1,This resistance bands broke within days. Battery dies within an hour — completely unusable for daily tasks. Very angry and will not buy from this seller again.,0,Verified Purchase,22
REV03653,user_0929,wallet,2,"Poor quality wallet, save your money. Took forever to arrive and the item was not as described at all. Requested a refund right away.",0,Verified Purchase,119
REV03654,user_0436,USB hub,1,Do NOT buy this USB hub. Connection drops constantly and the device overheats quickly. Do not waste your money.,0,,48
REV03655,user_0700,smart bulb,5,This smart bulb is worth every penny. Connectivity is seamless and lag-free every single time. 5 stars without hesitation.,1,Verified Purchase,37
REV03656,user_0173,resistance bands,1,Worst resistance bands I have ever purchased. Battery dies within an hour — completely unusable for daily tasks. Absolute rubbish.,0,,51
REV03657,user_0726,smart bulb,5,Great value for money smart bulb. Packaging was great and the product feels premium. Highly recommend to anyone looking for reliability.,1,Verified Purchase,119
REV03658,user_0915,wallet,4,"Fantastic wallet, works perfectly. Packaging was great and the product feels premium. 5 stars without hesitation.",1,Verified Purchase,108
REV03659,user_0671,e-reader,5,Super happy with my e-reader purchase. Connectivity is seamless and lag-free every single time. 5 stars without hesitation.,1,Verified Purchase,56
REV03660,user_0071,e-reader,1,This e-reader is cheaply made and falls apart. Connection drops constantly and the device overheats quickly. Buyer beware — stay far away.,0,Verified Purchase,54
REV03661,user_0476,laptop stand,5,This laptop stand is a game changer. I've been using it daily for weeks and it still works like new. A must-buy!,1,Verified Purchase,77
REV03662,user_0510,water bottle,5,This water bottle exceeded my expectations. Setup was easy and it works flawlessly right out of the box. Will be buying more products from this brand.,1,Verified Purchase,34
REV03663,user_0429,USB hub,2,This USB hub is cheaply made and falls apart. Customer support never responded to my multiple messages. Returning this immediately.,0,Verified Purchase,64
REV03664,user_0669,blender,2,This blender stopped working after one week. Loud rattling noise that makes it completely unusable. Returning this immediately.,0,Verified Purchase,45
REV03665,user_0231,resistance bands,2,"Faulty resistance bands, does not work as advertised. Performance is terrible compared to competitors at the same price. Very angry and will not buy from this seller again.",0,Verified Purchase,9
REV03666,user_0308,toaster oven,5,"Fantastic toaster oven, works perfectly. The design is sleek and modern, looks great on my desk. Already ordered a second one as a gift.",1,Verified Purchase,8
REV03667,user_0706,e-reader,1,Not as described — very misleading e-reader listing. Connection drops constantly and the device overheats quickly. Do not waste your money.,0,,86
REV03668,user_0827,yoga mat,5,Best yoga mat I've ever purchased. Comfortable to use for long periods without any fatigue. Would definitely buy again!,1,,13
REV03669,user_0794,robot vacuum,5,Best robot vacuum I've ever purchased. The build quality is top-notch and it arrived quickly. Highly recommend to anyone looking for reliability.,1,,44
REV03670,user_0047,tablet,5,Couldn't be happier with this tablet. Setup was easy and it works flawlessly right out of the box. Would definitely buy again!,1,Verified Purchase,80
REV03671,user_0089,backpack,5,Purchased this backpack last month and love it. Comfortable to use for long periods without any fatigue. 10/10 would recommend!,1,Verified Purchase,71
REV03672,user_0220,sunglasses,1,"Poor quality sunglasses, save your money. The design looks nothing like the photos — very misleading listing. Very angry and will not buy from this seller again.",0,,97
REV03673,user_0225,webcam,5,Great value for money webcam. Connectivity is seamless and lag-free every single time. Would definitely buy again!,1,Verified Purchase,57
REV03674,user_0441,running shoes,5,This running shoes exceeded my expectations. Connectivity is seamless and lag-free every single time. Highly recommend to anyone looking for reliability.,1,,58
REV03675,user_0249,resistance bands,5,Great value for money resistance bands. Durable construction — dropped it a few times with no damage. 10/10 would recommend!,1,Verified Purchase,11
REV03676,user_0818,wallet,4,"Purchased this wallet last month and love it. The design is sleek and modern, looks great on my desk. Already ordered a second one as a gift.",1,Verified Purchase,33
REV03677,user_0719,yoga mat,1,Worst yoga mat I have ever purchased. The design looks nothing like the photos — very misleading listing. Do not waste your money.,0,Verified Purchase,108
REV03678,user_0458,coffee maker,5,Super happy with my coffee maker purchase. I've been using it daily for weeks and it still works like new. 10/10 would recommend!,1,,88
REV03679,user_0948,water bottle,1,Very disappointed with this water bottle. Very uncomfortable to use and causes strain after just minutes. Requested a refund right away.,0,Verified Purchase,25
REV03680,user_0936,fitness tracker,4,"Great value for money fitness tracker. Fits perfectly and matches exactly what was shown in the photos. Very satisfied, no complaints.",1,Verified Purchase,0
REV03681,user_0507,smart bulb,1,Worst smart bulb I have ever purchased. The packaging was damaged and the product arrived broken. Worst purchase I've made this year.,0,Verified Purchase,134
REV03682,user_0213,fitness tracker,5,"Super happy with my fitness tracker purchase. Comfortable to use for long periods without any fatigue. Very satisfied, no complaints.",1,Verified Purchase,128
REV03683,user_0622,laptop stand,1,This laptop stand is cheaply made and falls apart. Very uncomfortable to use and causes strain after just minutes. Do not waste your money.,0,Verified Purchase,48
REV03684,user_0810,yoga mat,1,Not as described — very misleading yoga mat listing. Took forever to arrive and the item was not as described at all. Buyer beware — stay far away.,0,,124
REV03685,user_0578,earbuds,4,"Couldn't be happier with this earbuds. The design is sleek and modern, looks great on my desk. Very satisfied, no complaints.",1,,73
REV03686,user_0966,running shoes,5,"Fantastic running shoes, works perfectly. Durable construction — dropped it a few times with no damage. Very satisfied, no complaints.",1,Verified Purchase,66
REV03687,user_0835,smart bulb,5,Purchased this smart bulb last month and love it. Durable construction — dropped it a few times with no damage. Highly recommend to anyone looking for reliability.,1,Verified Purchase,46
REV03688,user_0785,air purifier,1,Do NOT buy this air purifier. It stopped working completely after just a few days of light use. Buyer beware — stay far away.,0,Verified Purchase,53
REV03689,user_0082,webcam,1,This webcam stopped working after one week. Connection drops constantly and the device overheats quickly. Very angry and will not buy from this seller again.,0,Verified Purchase,123
REV03690,user_0905,smartwatch,1,Not as described — very misleading smartwatch listing. Battery dies within an hour — completely unusable for daily tasks. Worst purchase I've made this year.,0,Verified Purchase,57
REV03691,user_0831,mechanical keyboard,5,This mechanical keyboard is worth every penny. Packaging was great and the product feels premium. A must-buy!,1,,83
REV03692,user_0429,toaster oven,2,Deeply unsatisfied with this toaster oven. Instructions were incomprehensible and setup took hours. Absolute rubbish.,0,Verified Purchase,86
REV03693,user_0908,water bottle,5,"Fantastic water bottle, works perfectly. The performance quality is incredible for the price. Very satisfied, no complaints.",1,Verified Purchase,40
REV03694,user_0036,phone case,4,Best phone case I've ever purchased. Customer support was very responsive when I had questions. 5 stars without hesitation.,1,Verified Purchase,83
REV03695,user_0742,charging cable,5,"Amazing quality charging cable, highly recommend. Packaging was great and the product feels premium. 10/10 would recommend!",1,Verified Purchase,25
REV03696,user_0570,gaming mouse,2,This gaming mouse broke within days. Cheaply made materials that scratched and peeled after first use. Do not waste your money.,0,Verified Purchase,142
REV03697,user_0181,coffee maker,1,"Terrible coffee maker, complete waste of money. The packaging was damaged and the product arrived broken. Do not waste your money.",0,,82
REV03698,user_0164,power bank,5,This power bank is worth every penny. Customer support was very responsive when I had questions. 5 stars without hesitation.,1,Verified Purchase,144
REV03699,user_0443,charging cable,2,This charging cable stopped working after one week. The quality is extremely poor and feels like it will break any day. 1 star — would give zero if possible.,0,Verified Purchase,85
REV03700,user_0670,tablet,2,Deeply unsatisfied with this tablet. The quality is extremely poor and feels like it will break any day. 1 star — would give zero if possible.,0,Verified Purchase,0
REV03701,user_0715,fitness tracker,5,Purchased this fitness tracker last month and love it. Customer support was very responsive when I had questions. 10/10 would recommend!,1,Verified Purchase,112
REV03702,user_0685,e-reader,5,Couldn't be happier with this e-reader. My whole family loves it and we've recommended it to friends. Would definitely buy again!,1,Verified Purchase,101
REV03703,user_0583,yoga mat,2,"Terrible yoga mat, complete waste of money. Instructions were incomprehensible and setup took hours. Very angry and will not buy from this seller again.",0,,37
REV03704,user_0623,USB hub,1,This USB hub is a total scam. Cheaply made materials that scratched and peeled after first use. Worst purchase I've made this year.,0,Verified Purchase,50
REV03705,user_0426,wallet,5,"Super happy with my wallet purchase. Fits perfectly and matches exactly what was shown in the photos. Very satisfied, no complaints.",1,Verified Purchase,53
REV03706,user_0899,smart bulb,5,"Solid smart bulb, highly satisfied. Battery life is phenomenal — lasts much longer than advertised. 5 stars without hesitation.",1,,118
REV03707,user_0049,tablet,1,This tablet broke within days. Instructions were incomprehensible and setup took hours. Do not waste your money.,0,,121
REV03708,user_0046,water bottle,1,This water bottle is cheaply made and falls apart. Battery dies within an hour — completely unusable for daily tasks. 1 star — would give zero if possible.,0,Verified Purchase,126
REV03709,user_0095,wireless headphones,1,"Terrible wireless headphones, complete waste of money. Connection drops constantly and the device overheats quickly. Do not waste your money.",0,Verified Purchase,33
REV03710,user_0496,blender,1,This blender broke within days. Very uncomfortable to use and causes strain after just minutes. Requested a refund right away.,0,,14
REV03711,user_0882,blender,1,This blender is cheaply made and falls apart. Very uncomfortable to use and causes strain after just minutes. Worst purchase I've made this year.,0,Verified Purchase,130
REV03712,user_0539,backpack,5,This backpack exceeded my expectations. Much better than my previous one — noticeable improvement. A must-buy!,1,Verified Purchase,145
REV03713,user_0628,sunglasses,2,"Huge disappointment, expected much better from this sunglasses. The design looks nothing like the photos — very misleading listing. 1 star — would give zero if possible.",0,,75
REV03714,user_0337,toaster oven,1,Regret buying this toaster oven. The packaging was damaged and the product arrived broken. Buyer beware — stay far away.,0,Verified Purchase,133
REV03715,user_0039,mechanical keyboard,4,"Fantastic mechanical keyboard, works perfectly. My whole family loves it and we've recommended it to friends. A must-buy!",1,,110
REV03716,user_0937,e-reader,1,Not as described — very misleading e-reader listing. Instructions were incomprehensible and setup took hours. Requested a refund right away.,0,Verified Purchase,54
REV03717,user_0263,mechanical keyboard,1,Regret buying this mechanical keyboard. Already broke and I only used it twice — total waste of money. Returning this immediately.,0,Verified Purchase,62
REV03718,user_0717,e-reader,5,Purchased this e-reader last month and love it. Battery life is phenomenal — lasts much longer than advertised. A must-buy!,1,Verified Purchase,83
REV03719,user_0026,electric kettle,1,Regret buying this electric kettle. The packaging was damaged and the product arrived broken. 1 star — would give zero if possible.,0,Verified Purchase,80
REV03720,user_0677,air purifier,5,Very impressed with this air purifier. Setup was easy and it works flawlessly right out of the box. 10/10 would recommend!,1,,76
REV03721,user_0799,laptop stand,4,Super happy with my laptop stand purchase. Connectivity is seamless and lag-free every single time. A must-buy!,1,Verified Purchase,85
REV03722,user_0124,air purifier,5,This air purifier exceeded my expectations. Comfortable to use for long periods without any fatigue. Would definitely buy again!,1,,44
REV03723,user_0324,charging cable,1,Regret buying this charging cable. The design looks nothing like the photos — very misleading listing. Requested a refund right away.,0,Verified Purchase,123
REV03724,user_0621,water bottle,5,Very impressed with this water bottle. Battery life is phenomenal — lasts much longer than advertised. 5 stars without hesitation.,1,Verified Purchase,64
REV03725,user_0997,instant pot,1,"Poor quality instant pot, save your money. The packaging was damaged and the product arrived broken. Requested a refund right away.",0,Verified Purchase,48
REV03726,user_0573,running shoes,5,This running shoes exceeded my expectations. The performance quality is incredible for the price. Would definitely buy again!,1,Verified Purchase,88
REV03727,user_0031,running shoes,2,Zero stars if I could for this running shoes. Instructions were incomprehensible and setup took hours. Buyer beware — stay far away.,0,,47
REV03728,user_0616,charging cable,1,Worst charging cable I have ever purchased. Connection drops constantly and the device overheats quickly. Worst purchase I've made this year.,0,,136
REV03729,user_0236,laptop stand,5,"Solid laptop stand, highly satisfied. Setup was easy and it works flawlessly right out of the box. Would definitely buy again!",1,Verified Purchase,0
REV03730,user_0870,fitness tracker,1,"Poor quality fitness tracker, save your money. Connection drops constantly and the device overheats quickly. Buyer beware — stay far away.",0,Verified Purchase,20
REV03731,user_0870,USB hub,5,"Fantastic USB hub, works perfectly. I've been using it daily for weeks and it still works like new. 10/10 would recommend!",1,Verified Purchase,95
REV03732,user_0380,earbuds,2,Worst earbuds I have ever purchased. Very uncomfortable to use and causes strain after just minutes. Do not waste your money.,0,Verified Purchase,42
REV03733,user_0075,resistance bands,1,"Faulty resistance bands, does not work as advertised. Battery dies within an hour — completely unusable for daily tasks. 1 star — would give zero if possible.",0,Verified Purchase,122
REV03734,user_0610,sunglasses,2,Worst sunglasses I have ever purchased. Instructions were incomprehensible and setup took hours. Worst purchase I've made this year.,0,,67
REV03735,user_0165,yoga mat,5,Purchased this yoga mat last month and love it. I've been using it daily for weeks and it still works like new. Will be buying more products from this brand.,1,Verified Purchase,115
REV03736,user_0317,coffee maker,5,Best coffee maker I've ever purchased. Durable construction — dropped it a few times with no damage. Would definitely buy again!,1,Verified Purchase,70
REV03737,user_0204,screen protector,2,"Huge disappointment, expected much better from this screen protector. Very uncomfortable to use and causes strain after just minutes. Do not waste your money.",0,,49
REV03738,user_0314,yoga mat,2,This yoga mat is a total scam. It stopped working completely after just a few days of light use. Requested a refund right away.,0,,114
REV03739,user_0084,water bottle,5,This water bottle exceeded my expectations. The performance quality is incredible for the price. A must-buy!,1,Verified Purchase,15
REV03740,user_0301,resistance bands,1,Very disappointed with this resistance bands. The packaging was damaged and the product arrived broken. Worst purchase I've made this year.,0,Verified Purchase,47
REV03741,user_0165,webcam,4,"Excellent webcam, exactly as described. Much better than my previous one — noticeable improvement. A must-buy!",1,Verified Purchase,32
REV03742,user_0125,water bottle,5,"Great value for money water bottle. Customer support was very responsive when I had questions. Very satisfied, no complaints.",1,Verified Purchase,55
REV03743,user_0337,webcam,1,Zero stars if I could for this webcam. Already broke and I only used it twice — total waste of money. Absolute rubbish.,0,Verified Purchase,66
REV03744,user_0655,backpack,1,"Poor quality backpack, save your money. Already broke and I only used it twice — total waste of money. Absolute rubbish.",0,,12
REV03745,user_0085,smartwatch,5,Purchased this smartwatch last month and love it. The build quality is top-notch and it arrived quickly. A must-buy!,1,Verified Purchase,127
REV03746,user_0071,wireless headphones,5,"Excellent wireless headphones, exactly as described. The performance quality is incredible for the price. Would definitely buy again!",1,Verified Purchase,118
REV03747,user_0033,phone case,1,Zero stars if I could for this phone case. The packaging was damaged and the product arrived broken. Requested a refund right away.,0,Verified Purchase,59
REV03748,user_0541,earbuds,2,Not as described — very misleading earbuds listing. It stopped working completely after just a few days of light use. Buyer beware — stay far away.,0,Verified Purchase,26
REV03749,user_0120,phone case,5,This phone case is a game changer. Setup was easy and it works flawlessly right out of the box. Already ordered a second one as a gift.,1,Verified Purchase,95
REV03750,user_0471,monitor,5,"Excellent monitor, exactly as described. Packaging was great and the product feels premium. Very satisfied, no complaints.",1,Verified Purchase,134
REV03751,user_0403,smartwatch,5,"This smartwatch exceeded my expectations. Comfortable to use for long periods without any fatigue. Very satisfied, no complaints.",1,,146
REV03752,user_0600,gaming mouse,2,"Faulty gaming mouse, does not work as advertised. The quality is extremely poor and feels like it will break any day. 1 star — would give zero if possible.",0,,123
REV03753,user_0212,smartwatch,5,"Amazing quality smartwatch, highly recommend. Durable construction — dropped it a few times with no damage. Already ordered a second one as a gift.",1,Verified Purchase,51
REV03754,user_0151,running shoes,4,Best running shoes I've ever purchased. My whole family loves it and we've recommended it to friends. Will be buying more products from this brand.,1,,27
REV03755,user_0230,screen protector,5,This screen protector exceeded my expectations. My whole family loves it and we've recommended it to friends. 5 stars without hesitation.,1,Verified Purchase,83
REV03756,user_0040,gaming mouse,2,Not as described — very misleading gaming mouse listing. Connection drops constantly and the device overheats quickly. 1 star — would give zero if possible.,0,,132
REV03757,user_0100,wallet,5,Best wallet I've ever purchased. Customer support was very responsive when I had questions. Already ordered a second one as a gift.,1,Verified Purchase,95
REV03758,user_0255,robot vacuum,5,"Fantastic robot vacuum, works perfectly. Battery life is phenomenal — lasts much longer than advertised. Would definitely buy again!",1,Verified Purchase,23
REV03759,user_0630,screen protector,4,Couldn't be happier with this screen protector. Comfortable to use for long periods without any fatigue. 5 stars without hesitation.,1,Verified Purchase,46
REV03760,user_0855,resistance bands,5,This resistance bands is worth every penny. Connectivity is seamless and lag-free every single time. Would definitely buy again!,1,,87
REV03761,user_0160,air purifier,4,Very impressed with this air purifier. Durable construction — dropped it a few times with no damage. Highly recommend to anyone looking for reliability.,1,Verified Purchase,0
REV03762,user_0456,water bottle,2,Deeply unsatisfied with this water bottle. It stopped working completely after just a few days of light use. Requested a refund right away.,0,Verified Purchase,51
REV03763,user_0040,laptop stand,4,Very impressed with this laptop stand. The build quality is top-notch and it arrived quickly. Highly recommend to anyone looking for reliability.,1,Verified Purchase,6
REV03764,user_0561,earbuds,5,Super happy with my earbuds purchase. I've been using it daily for weeks and it still works like new. Will be buying more products from this brand.,1,Verified Purchase,45
REV03765,user_0625,wireless headphones,2,"Poor quality wireless headphones, save your money. The design looks nothing like the photos — very misleading listing. Do not waste your money.",0,Verified Purchase,17
REV03766,user_0447,coffee maker,5,Purchased this coffee maker last month and love it. I've been using it daily for weeks and it still works like new. Will be buying more products from this brand.,1,Verified Purchase,80
REV03767,user_0074,air purifier,5,Great value for money air purifier. I've been using it daily for weeks and it still works like new. A must-buy!,1,Verified Purchase,34
REV03768,user_0406,monitor,1,This monitor is cheaply made and falls apart. Customer support never responded to my multiple messages. 1 star — would give zero if possible.,0,Verified Purchase,16
REV03769,user_0780,electric kettle,2,This electric kettle broke within days. Battery dies within an hour — completely unusable for daily tasks. Absolute rubbish.,0,Verified Purchase,42
REV03770,user_0566,yoga mat,1,Regret buying this yoga mat. It stopped working completely after just a few days of light use. Worst purchase I've made this year.,0,Verified Purchase,27
REV03771,user_0808,earbuds,1,"Poor quality earbuds, save your money. Already broke and I only used it twice — total waste of money. Absolute rubbish.",0,,37
REV03772,user_0104,robot vacuum,1,Zero stars if I could for this robot vacuum. Took forever to arrive and the item was not as described at all. Returning this immediately.,0,Verified Purchase,18
REV03773,user_0524,blender,5,Great value for money blender. My whole family loves it and we've recommended it to friends. A must-buy!,1,Verified Purchase,37
REV03774,user_0006,e-reader,1,Do NOT buy this e-reader. Loud rattling noise that makes it completely unusable. Absolute rubbish.,0,Verified Purchase,51
REV03775,user_0705,toaster oven,2,This toaster oven broke within days. Battery dies within an hour — completely unusable for daily tasks. Requested a refund right away.,0,,118
REV03776,user_0812,toaster oven,5,Very impressed with this toaster oven. Packaging was great and the product feels premium. Highly recommend to anyone looking for reliability.,1,Verified Purchase,60
REV03777,user_0278,backpack,1,This backpack broke within days. Cheaply made materials that scratched and peeled after first use. Very angry and will not buy from this seller again.,0,,99
REV03778,user_0471,electric kettle,4,"Fantastic electric kettle, works perfectly. Much better than my previous one — noticeable improvement. Already ordered a second one as a gift.",1,,146
REV03779,user_0714,mechanical keyboard,4,This mechanical keyboard exceeded my expectations. The performance quality is incredible for the price. Will be buying more products from this brand.,1,Verified Purchase,127
REV03780,user_0130,screen protector,4,"Solid screen protector, highly satisfied. Fits perfectly and matches exactly what was shown in the photos. 10/10 would recommend!",1,Verified Purchase,60
REV03781,user_0016,yoga mat,1,Worst yoga mat I have ever purchased. Took forever to arrive and the item was not as described at all. Buyer beware — stay far away.,0,Verified Purchase,58
REV03782,user_0895,sunglasses,2,This sunglasses broke within days. Loud rattling noise that makes it completely unusable. 1 star — would give zero if possible.,0,Verified Purchase,11
REV03783,user_0447,robot vacuum,1,This robot vacuum is cheaply made and falls apart. Instructions were incomprehensible and setup took hours. Very angry and will not buy from this seller again.,0,Verified Purchase,118
REV03784,user_0630,power bank,5,Great value for money power bank. Connectivity is seamless and lag-free every single time. Highly recommend to anyone looking for reliability.,1,,109
REV03785,user_0700,sunglasses,5,"Couldn't be happier with this sunglasses. The design is sleek and modern, looks great on my desk. Already ordered a second one as a gift.",1,,121
REV03786,user_0781,running shoes,4,This running shoes is worth every penny. The performance quality is incredible for the price. 10/10 would recommend!,1,,109
REV03787,user_0323,monitor,2,Zero stars if I could for this monitor. It stopped working completely after just a few days of light use. 1 star — would give zero if possible.,0,,36
REV03788,user_0660,screen protector,2,"Faulty screen protector, does not work as advertised. The design looks nothing like the photos — very misleading listing. Do not waste your money.",0,,65
REV03789,user_0470,laptop stand,5,Purchased this laptop stand last month and love it. Packaging was great and the product feels premium. A must-buy!,1,Verified Purchase,148
REV03790,user_0460,earbuds,1,Zero stars if I could for this earbuds. Took forever to arrive and the item was not as described at all. Absolute rubbish.,0,Verified Purchase,97
REV03791,user_0910,e-reader,1,Very disappointed with this e-reader. It stopped working completely after just a few days of light use. Returning this immediately.,0,,26
REV03792,user_0509,water bottle,5,"Fantastic water bottle, works perfectly. I've been using it daily for weeks and it still works like new. Will be buying more products from this brand.",1,,76
REV03793,user_0029,fitness tracker,1,This fitness tracker is a total scam. Connection drops constantly and the device overheats quickly. Worst purchase I've made this year.,0,Verified Purchase,138
REV03794,user_0374,backpack,2,"Huge disappointment, expected much better from this backpack. Instructions were incomprehensible and setup took hours. 1 star — would give zero if possible.",0,Verified Purchase,43
REV03795,user_0830,webcam,5,"Excellent webcam, exactly as described. I've been using it daily for weeks and it still works like new. Very satisfied, no complaints.",1,Verified Purchase,24
REV03796,user_0805,running shoes,5,"Best running shoes I've ever purchased. The build quality is top-notch and it arrived quickly. Very satisfied, no complaints.",1,Verified Purchase,111
REV03797,user_0418,screen protector,4,This screen protector is worth every penny. Comfortable to use for long periods without any fatigue. A must-buy!,1,Verified Purchase,142
REV03798,user_0017,gaming mouse,5,"Excellent gaming mouse, exactly as described. My whole family loves it and we've recommended it to friends. A must-buy!",1,Verified Purchase,82
REV03799,user_0356,fitness tracker,2,"Huge disappointment, expected much better from this fitness tracker. Loud rattling noise that makes it completely unusable. 1 star — would give zero if possible.",0,Verified Purchase,131
REV03800,user_0652,tablet,5,"Excellent tablet, exactly as described. The design is sleek and modern, looks great on my desk. Will be buying more products from this brand.",1,,122
REV03801,user_0890,power bank,5,"Excellent power bank, exactly as described. The design is sleek and modern, looks great on my desk. 10/10 would recommend!",1,,77
REV03802,user_0248,power bank,1,"Faulty power bank, does not work as advertised. Very uncomfortable to use and causes strain after just minutes. Absolute rubbish.",0,Verified Purchase,8
REV03803,user_0005,mechanical keyboard,4,"This mechanical keyboard is worth every penny. Comfortable to use for long periods without any fatigue. Very satisfied, no complaints.",1,,65
REV03804,user_0790,yoga mat,1,Worst yoga mat I have ever purchased. Instructions were incomprehensible and setup took hours. Worst purchase I've made this year.,0,Verified Purchase,38
REV03805,user_0842,resistance bands,2,Very disappointed with this resistance bands. Already broke and I only used it twice — total waste of money. Very angry and will not buy from this seller again.,0,Verified Purchase,109
REV03806,user_0143,power bank,5,This power bank is worth every penny. Durable construction — dropped it a few times with no damage. A must-buy!,1,Verified Purchase,36
REV03807,user_0266,phone case,1,This phone case stopped working after one week. Cheaply made materials that scratched and peeled after first use. Very angry and will not buy from this seller again.,0,Verified Purchase,47
REV03808,user_0108,USB hub,1,This USB hub broke within days. The design looks nothing like the photos — very misleading listing. Very angry and will not buy from this seller again.,0,Verified Purchase,121
REV03809,user_0409,water bottle,1,"Faulty water bottle, does not work as advertised. The packaging was damaged and the product arrived broken. Requested a refund right away.",0,Verified Purchase,34
REV03810,user_0112,gaming mouse,2,"Terrible gaming mouse, complete waste of money. Took forever to arrive and the item was not as described at all. Very angry and will not buy from this seller again.",0,Verified Purchase,29
REV03811,user_0584,backpack,5,Purchased this backpack last month and love it. Setup was easy and it works flawlessly right out of the box. Will be buying more products from this brand.,1,Verified Purchase,18
REV03812,user_0607,air purifier,5,"Outstanding air purifier, five stars. Customer support was very responsive when I had questions. Highly recommend to anyone looking for reliability.",1,Verified Purchase,43
REV03813,user_0895,mechanical keyboard,5,This mechanical keyboard is a game changer. Connectivity is seamless and lag-free every single time. A must-buy!,1,Verified Purchase,150
REV03814,user_0564,earbuds,1,"Huge disappointment, expected much better from this earbuds. Instructions were incomprehensible and setup took hours. 1 star — would give zero if possible.",0,Verified Purchase,114
REV03815,user_0436,laptop stand,5,This laptop stand is worth every penny. Durable construction — dropped it a few times with no damage. 10/10 would recommend!,1,Verified Purchase,63
REV03816,user_0441,smart bulb,5,"Amazing quality smart bulb, highly recommend. Connectivity is seamless and lag-free every single time. Highly recommend to anyone looking for reliability.",1,Verified Purchase,72
REV03817,user_0694,earbuds,5,"Great value for money earbuds. Battery life is phenomenal — lasts much longer than advertised. Very satisfied, no complaints.",1,Verified Purchase,65
REV03818,user_0827,coffee maker,5,"Outstanding coffee maker, five stars. Fits perfectly and matches exactly what was shown in the photos. Highly recommend to anyone looking for reliability.",1,Verified Purchase,17
REV03819,user_0421,wallet,5,"Solid wallet, highly satisfied. Durable construction — dropped it a few times with no damage. Already ordered a second one as a gift.",1,Verified Purchase,8
REV03820,user_0005,water bottle,2,This water bottle stopped working after one week. Cheaply made materials that scratched and peeled after first use. Do not waste your money.,0,Verified Purchase,132
REV03821,user_0570,robot vacuum,4,This robot vacuum is worth every penny. Battery life is phenomenal — lasts much longer than advertised. A must-buy!,1,Verified Purchase,126
REV03822,user_0323,monitor,1,Regret buying this monitor. Cheaply made materials that scratched and peeled after first use. Absolute rubbish.,0,,97
REV03823,user_0880,wireless headphones,5,"Amazing quality wireless headphones, highly recommend. Setup was easy and it works flawlessly right out of the box. Would definitely buy again!",1,Verified Purchase,53
REV03824,user_0258,wireless headphones,1,Worst wireless headphones I have ever purchased. The quality is extremely poor and feels like it will break any day. Absolute rubbish.,0,,113
REV03825,user_0617,yoga mat,2,This yoga mat is cheaply made and falls apart. Performance is terrible compared to competitors at the same price. Worst purchase I've made this year.,0,Verified Purchase,149
REV03826,user_0562,webcam,5,This webcam is a game changer. Battery life is phenomenal — lasts much longer than advertised. Will be buying more products from this brand.,1,Verified Purchase,60
REV03827,user_0224,tablet,1,Zero stars if I could for this tablet. Performance is terrible compared to competitors at the same price. 1 star — would give zero if possible.,0,,15
REV03828,user_0491,webcam,5,"Solid webcam, highly satisfied. The build quality is top-notch and it arrived quickly. Will be buying more products from this brand.",1,,87
REV03829,user_0342,tablet,4,"Amazing quality tablet, highly recommend. I've been using it daily for weeks and it still works like new. A must-buy!",1,Verified Purchase,26
REV03830,user_0317,running shoes,1,"Poor quality running shoes, save your money. It stopped working completely after just a few days of light use. Do not waste your money.",0,Verified Purchase,56
REV03831,user_0829,robot vacuum,1,This robot vacuum is cheaply made and falls apart. Very uncomfortable to use and causes strain after just minutes. Do not waste your money.,0,Verified Purchase,17
REV03832,user_0349,charging cable,5,"Great value for money charging cable. Packaging was great and the product feels premium. Very satisfied, no complaints.",1,Verified Purchase,70
REV03833,user_0066,coffee maker,5,Couldn't be happier with this coffee maker. My whole family loves it and we've recommended it to friends. Highly recommend to anyone looking for reliability.,1,Verified Purchase,70
REV03834,user_0765,webcam,4,"Amazing quality webcam, highly recommend. Customer support was very responsive when I had questions. A must-buy!",1,Verified Purchase,6
REV03835,user_0168,charging cable,4,This charging cable exceeded my expectations. The build quality is top-notch and it arrived quickly. 5 stars without hesitation.,1,,88
REV03836,user_0044,instant pot,4,Absolutely love this instant pot! The performance quality is incredible for the price. Would definitely buy again!,1,Verified Purchase,78
REV03837,user_0714,smartwatch,4,This smartwatch exceeded my expectations. Fits perfectly and matches exactly what was shown in the photos. Already ordered a second one as a gift.,1,Verified Purchase,30
REV03838,user_0121,wireless headphones,2,Worst wireless headphones I have ever purchased. Customer support never responded to my multiple messages. Worst purchase I've made this year.,0,Verified Purchase,134
REV03839,user_0008,bluetooth speaker,2,Deeply unsatisfied with this bluetooth speaker. Took forever to arrive and the item was not as described at all. Absolute rubbish.,0,,122
REV03840,user_0379,wallet,5,"Fantastic wallet, works perfectly. The build quality is top-notch and it arrived quickly. Very satisfied, no complaints.",1,,99
REV03841,user_0562,water bottle,4,"Great value for money water bottle. The design is sleek and modern, looks great on my desk. Highly recommend to anyone looking for reliability.",1,Verified Purchase,112
REV03842,user_0143,wallet,1,"Huge disappointment, expected much better from this wallet. Battery dies within an hour — completely unusable for daily tasks. Do not waste your money.",0,Verified Purchase,72
REV03843,user_0682,coffee maker,5,Best coffee maker I've ever purchased. I've been using it daily for weeks and it still works like new. Already ordered a second one as a gift.,1,Verified Purchase,87
REV03844,user_0411,fitness tracker,1,Zero stars if I could for this fitness tracker. The packaging was damaged and the product arrived broken. Absolute rubbish.,0,Verified Purchase,14
REV03845,user_0810,bluetooth speaker,5,"This bluetooth speaker exceeded my expectations. The performance quality is incredible for the price. Very satisfied, no complaints.",1,Verified Purchase,91
REV03846,user_0262,coffee maker,5,"Outstanding coffee maker, five stars. The performance quality is incredible for the price. Would definitely buy again!",1,Verified Purchase,103
REV03847,user_0780,mechanical keyboard,1,This mechanical keyboard is a total scam. Cheaply made materials that scratched and peeled after first use. Worst purchase I've made this year.,0,Verified Purchase,132
REV03848,user_0547,phone case,1,This phone case broke within days. The design looks nothing like the photos — very misleading listing. Buyer beware — stay far away.,0,Verified Purchase,28
REV03849,user_0622,backpack,1,This backpack stopped working after one week. The quality is extremely poor and feels like it will break any day. Buyer beware — stay far away.,0,Verified Purchase,69
REV03850,user_0093,smartwatch,4,"Best smartwatch I've ever purchased. My whole family loves it and we've recommended it to friends. Very satisfied, no complaints.",1,Verified Purchase,71
REV03851,user_0138,phone case,5,Purchased this phone case last month and love it. Battery life is phenomenal — lasts much longer than advertised. Would definitely buy again!,1,Verified Purchase,73
REV03852,user_0657,laptop stand,5,"Amazing quality laptop stand, highly recommend. Setup was easy and it works flawlessly right out of the box. Will be buying more products from this brand.",1,Verified Purchase,12
REV03853,user_0555,tablet,5,This tablet is worth every penny. Comfortable to use for long periods without any fatigue. Will be buying more products from this brand.,1,Verified Purchase,48
REV03854,user_0929,screen protector,5,Great value for money screen protector. My whole family loves it and we've recommended it to friends. Would definitely buy again!,1,Verified Purchase,62
REV03855,user_0995,yoga mat,1,Deeply unsatisfied with this yoga mat. The packaging was damaged and the product arrived broken. Buyer beware — stay far away.,0,,72
REV03856,user_0139,phone case,5,"Excellent phone case, exactly as described. Connectivity is seamless and lag-free every single time. Already ordered a second one as a gift.",1,,141
REV03857,user_0222,phone case,1,Deeply unsatisfied with this phone case. Customer support never responded to my multiple messages. Absolute rubbish.,0,,132
REV03858,user_0977,e-reader,5,Best e-reader I've ever purchased. Battery life is phenomenal — lasts much longer than advertised. Will be buying more products from this brand.,1,Verified Purchase,69
REV03859,user_0995,resistance bands,4,"Best resistance bands I've ever purchased. Connectivity is seamless and lag-free every single time. Very satisfied, no complaints.",1,Verified Purchase,91
REV03860,user_0428,sunglasses,1,Regret buying this sunglasses. Battery dies within an hour — completely unusable for daily tasks. Buyer beware — stay far away.,0,Verified Purchase,76
REV03861,user_0896,air purifier,2,This air purifier stopped working after one week. Very uncomfortable to use and causes strain after just minutes. Requested a refund right away.,0,Verified Purchase,16
REV03862,user_0234,smartwatch,4,Best smartwatch I've ever purchased. Connectivity is seamless and lag-free every single time. A must-buy!,1,Verified Purchase,33
REV03863,user_0252,air purifier,5,"Outstanding air purifier, five stars. Packaging was great and the product feels premium. Highly recommend to anyone looking for reliability.",1,Verified Purchase,146
REV03864,user_0688,running shoes,2,This running shoes is a total scam. Performance is terrible compared to competitors at the same price. Very angry and will not buy from this seller again.,0,Verified Purchase,103
REV03865,user_0394,yoga mat,5,Purchased this yoga mat last month and love it. Comfortable to use for long periods without any fatigue. A must-buy!,1,,78
REV03866,user_0862,laptop stand,5,"Fantastic laptop stand, works perfectly. Setup was easy and it works flawlessly right out of the box. Very satisfied, no complaints.",1,Verified Purchase,2
REV03867,user_0687,webcam,4,Absolutely love this webcam! Comfortable to use for long periods without any fatigue. 5 stars without hesitation.,1,Verified Purchase,51
REV03868,user_0267,backpack,1,Regret buying this backpack. The design looks nothing like the photos — very misleading listing. Returning this immediately.,0,Verified Purchase,131
REV03869,user_0274,screen protector,1,Deeply unsatisfied with this screen protector. Connection drops constantly and the device overheats quickly. Buyer beware — stay far away.,0,,81
REV03870,user_0021,USB hub,2,"Terrible USB hub, complete waste of money. Very uncomfortable to use and causes strain after just minutes. Worst purchase I've made this year.",0,Verified Purchase,49
REV03871,user_0729,phone case,1,Not as described — very misleading phone case listing. Battery dies within an hour — completely unusable for daily tasks. Requested a refund right away.,0,Verified Purchase,10
REV03872,user_0569,phone case,4,"Outstanding phone case, five stars. The performance quality is incredible for the price. Very satisfied, no complaints.",1,Verified Purchase,125
REV03873,user_0740,monitor,4,"This monitor is a game changer. Much better than my previous one — noticeable improvement. Very satisfied, no complaints.",1,Verified Purchase,18
REV03874,user_0984,sunglasses,4,Very impressed with this sunglasses. Much better than my previous one — noticeable improvement. 5 stars without hesitation.,1,Verified Purchase,47
REV03875,user_0144,e-reader,4,Very impressed with this e-reader. Customer support was very responsive when I had questions. Will be buying more products from this brand.,1,Verified Purchase,80
REV03876,user_0318,gaming mouse,5,"Outstanding gaming mouse, five stars. My whole family loves it and we've recommended it to friends. 5 stars without hesitation.",1,,33
REV03877,user_0785,fitness tracker,2,Regret buying this fitness tracker. Battery dies within an hour — completely unusable for daily tasks. Buyer beware — stay far away.,0,,9
REV03878,user_0046,yoga mat,1,This yoga mat stopped working after one week. The design looks nothing like the photos — very misleading listing. Returning this immediately.,0,Verified Purchase,135
REV03879,user_0456,gaming mouse,5,Best gaming mouse I've ever purchased. Connectivity is seamless and lag-free every single time. Highly recommend to anyone looking for reliability.,1,Verified Purchase,58
REV03880,user_0230,mechanical keyboard,5,This mechanical keyboard is a game changer. Packaging was great and the product feels premium. Will be buying more products from this brand.,1,Verified Purchase,71
REV03881,user_0529,tablet,2,Deeply unsatisfied with this tablet. Cheaply made materials that scratched and peeled after first use. Worst purchase I've made this year.,0,Verified Purchase,145
REV03882,user_0866,air purifier,5,"Excellent air purifier, exactly as described. Comfortable to use for long periods without any fatigue. Will be buying more products from this brand.",1,Verified Purchase,50
REV03883,user_0621,instant pot,5,Purchased this instant pot last month and love it. Packaging was great and the product feels premium. 10/10 would recommend!,1,Verified Purchase,1
REV03884,user_0751,fitness tracker,4,Super happy with my fitness tracker purchase. Comfortable to use for long periods without any fatigue. 5 stars without hesitation.,1,,83
REV03885,user_0130,smartwatch,1,This smartwatch is cheaply made and falls apart. Cheaply made materials that scratched and peeled after first use. Do not waste your money.,0,,2
REV03886,user_0839,air purifier,5,Purchased this air purifier last month and love it. I've been using it daily for weeks and it still works like new. Already ordered a second one as a gift.,1,,0
REV03887,user_0690,tablet,5,Best tablet I've ever purchased. Fits perfectly and matches exactly what was shown in the photos. A must-buy!,1,Verified Purchase,67
REV03888,user_0689,wireless headphones,4,"Very impressed with this wireless headphones. The design is sleek and modern, looks great on my desk. A must-buy!",1,Verified Purchase,48
REV03889,user_0049,toaster oven,5,Very impressed with this toaster oven. Connectivity is seamless and lag-free every single time. Would definitely buy again!,1,Verified Purchase,107
REV03890,user_0058,monitor,1,Zero stars if I could for this monitor. Battery dies within an hour — completely unusable for daily tasks. Very angry and will not buy from this seller again.,0,Verified Purchase,11
REV03891,user_0201,toaster oven,2,"Faulty toaster oven, does not work as advertised. Instructions were incomprehensible and setup took hours. Absolute rubbish.",0,Verified Purchase,125
REV03892,user_0231,wireless headphones,5,"Great value for money wireless headphones. Connectivity is seamless and lag-free every single time. Very satisfied, no complaints.",1,,108
REV03893,user_0090,toaster oven,5,Super happy with my toaster oven purchase. My whole family loves it and we've recommended it to friends. A must-buy!,1,Verified Purchase,34
REV03894,user_0827,phone case,5,"Very impressed with this phone case. I've been using it daily for weeks and it still works like new. Very satisfied, no complaints.",1,Verified Purchase,94
REV03895,user_0976,smartwatch,2,This smartwatch stopped working after one week. The quality is extremely poor and feels like it will break any day. Buyer beware — stay far away.,0,,36
REV03896,user_0539,earbuds,1,This earbuds broke within days. It stopped working completely after just a few days of light use. Buyer beware — stay far away.,0,Verified Purchase,78
REV03897,user_0954,electric kettle,5,Great value for money electric kettle. The performance quality is incredible for the price. Would definitely buy again!,1,,149
REV03898,user_0332,screen protector,1,This screen protector is cheaply made and falls apart. Loud rattling noise that makes it completely unusable. 1 star — would give zero if possible.,0,Verified Purchase,111
REV03899,user_0692,tablet,2,This tablet broke within days. Very uncomfortable to use and causes strain after just minutes. Buyer beware — stay far away.,0,Verified Purchase,141
REV03900,user_0807,electric kettle,1,Not as described — very misleading electric kettle listing. Cheaply made materials that scratched and peeled after first use. Do not waste your money.,0,Verified Purchase,63
REV03901,user_0141,charging cable,5,"Solid charging cable, highly satisfied. Comfortable to use for long periods without any fatigue. 10/10 would recommend!",1,Verified Purchase,49
REV03902,user_0363,backpack,4,This backpack is a game changer. I've been using it daily for weeks and it still works like new. Highly recommend to anyone looking for reliability.,1,,54
REV03903,user_0052,wallet,5,"This wallet is a game changer. Packaging was great and the product feels premium. Very satisfied, no complaints.",1,Verified Purchase,140
REV03904,user_0288,webcam,1,"Poor quality webcam, save your money. Cheaply made materials that scratched and peeled after first use. Worst purchase I've made this year.",0,,29
REV03905,user_0249,earbuds,5,"Solid earbuds, highly satisfied. Durable construction — dropped it a few times with no damage. Very satisfied, no complaints.",1,Verified Purchase,138
REV03906,user_0079,electric kettle,2,"Poor quality electric kettle, save your money. The quality is extremely poor and feels like it will break any day. Very angry and will not buy from this seller again.",0,Verified Purchase,65
REV03907,user_0980,resistance bands,1,This resistance bands broke within days. The quality is extremely poor and feels like it will break any day. Do not waste your money.,0,Verified Purchase,117
REV03908,user_0402,monitor,1,"Terrible monitor, complete waste of money. Loud rattling noise that makes it completely unusable. Absolute rubbish.",0,Verified Purchase,3
REV03909,user_0142,tablet,5,Best tablet I've ever purchased. Connectivity is seamless and lag-free every single time. A must-buy!,1,,105
REV03910,user_0484,sunglasses,5,"Outstanding sunglasses, five stars. The build quality is top-notch and it arrived quickly. 10/10 would recommend!",1,Verified Purchase,11
REV03911,user_0322,robot vacuum,1,Very disappointed with this robot vacuum. Battery dies within an hour — completely unusable for daily tasks. 1 star — would give zero if possible.,0,,128
REV03912,user_0734,charging cable,2,This charging cable is a total scam. The quality is extremely poor and feels like it will break any day. Returning this immediately.,0,,11
REV03913,user_0588,laptop stand,5,This laptop stand is a game changer. My whole family loves it and we've recommended it to friends. 10/10 would recommend!,1,Verified Purchase,102
REV03914,user_0464,electric kettle,1,"Terrible electric kettle, complete waste of money. The packaging was damaged and the product arrived broken. Buyer beware — stay far away.",0,Verified Purchase,103
REV03915,user_0006,power bank,5,"Purchased this power bank last month and love it. Customer support was very responsive when I had questions. Very satisfied, no complaints.",1,Verified Purchase,22
REV03916,user_0196,instant pot,1,Do NOT buy this instant pot. Instructions were incomprehensible and setup took hours. Worst purchase I've made this year.,0,Verified Purchase,70
REV03917,user_0265,power bank,1,This power bank is a total scam. Cheaply made materials that scratched and peeled after first use. Returning this immediately.,0,,107
REV03918,user_0680,laptop stand,1,This laptop stand is a total scam. The design looks nothing like the photos — very misleading listing. Do not waste your money.,0,Verified Purchase,131
REV03919,user_0476,charging cable,5,"This charging cable is worth every penny. The performance quality is incredible for the price. Very satisfied, no complaints.",1,Verified Purchase,66
REV03920,user_0303,screen protector,4,This screen protector is a game changer. The build quality is top-notch and it arrived quickly. 10/10 would recommend!,1,,21
REV03921,user_0115,fitness tracker,4,Absolutely love this fitness tracker! My whole family loves it and we've recommended it to friends. Would definitely buy again!,1,Verified Purchase,70
REV03922,user_0193,coffee maker,1,Worst coffee maker I have ever purchased. Customer support never responded to my multiple messages. Buyer beware — stay far away.,0,Verified Purchase,26
REV03923,user_0005,resistance bands,1,This resistance bands is cheaply made and falls apart. Instructions were incomprehensible and setup took hours. Very angry and will not buy from this seller again.,0,Verified Purchase,63
REV03924,user_0213,bluetooth speaker,4,Absolutely love this bluetooth speaker! The build quality is top-notch and it arrived quickly. Will be buying more products from this brand.,1,Verified Purchase,18
REV03925,user_0387,blender,1,"Faulty blender, does not work as advertised. The packaging was damaged and the product arrived broken. Very angry and will not buy from this seller again.",0,Verified Purchase,12
REV03926,user_0227,gaming mouse,5,"Fantastic gaming mouse, works perfectly. Much better than my previous one — noticeable improvement. Will be buying more products from this brand.",1,Verified Purchase,43
REV03927,user_0544,mechanical keyboard,2,Do NOT buy this mechanical keyboard. Cheaply made materials that scratched and peeled after first use. 1 star — would give zero if possible.,0,Verified Purchase,104
REV03928,user_0533,gaming mouse,4,"Solid gaming mouse, highly satisfied. Comfortable to use for long periods without any fatigue. Highly recommend to anyone looking for reliability.",1,Verified Purchase,147
REV03929,user_0373,tablet,1,Deeply unsatisfied with this tablet. Performance is terrible compared to competitors at the same price. Very angry and will not buy from this seller again.,0,Verified Purchase,3
REV03930,user_0763,wallet,1,"Poor quality wallet, save your money. Cheaply made materials that scratched and peeled after first use. Returning this immediately.",0,Verified Purchase,88
REV03931,user_0679,instant pot,5,"Fantastic instant pot, works perfectly. Durable construction — dropped it a few times with no damage. 10/10 would recommend!",1,,140
REV03932,user_0193,webcam,5,This webcam exceeded my expectations. Packaging was great and the product feels premium. Would definitely buy again!,1,Verified Purchase,8
REV03933,user_0957,smart bulb,5,This smart bulb is worth every penny. Connectivity is seamless and lag-free every single time. A must-buy!,1,Verified Purchase,0
REV03934,user_0012,blender,5,This blender is a game changer. Packaging was great and the product feels premium. Will be buying more products from this brand.,1,Verified Purchase,37
REV03935,user_0779,monitor,5,Best monitor I've ever purchased. The performance quality is incredible for the price. Highly recommend to anyone looking for reliability.,1,Verified Purchase,10
REV03936,user_0985,fitness tracker,5,"Fantastic fitness tracker, works perfectly. Connectivity is seamless and lag-free every single time. Will be buying more products from this brand.",1,,114
REV03937,user_0217,webcam,5,"Fantastic webcam, works perfectly. Setup was easy and it works flawlessly right out of the box. Highly recommend to anyone looking for reliability.",1,Verified Purchase,85
REV03938,user_0063,phone case,1,This phone case stopped working after one week. Instructions were incomprehensible and setup took hours. Worst purchase I've made this year.,0,Verified Purchase,67
REV03939,user_0381,screen protector,5,"Fantastic screen protector, works perfectly. Durable construction — dropped it a few times with no damage. Would definitely buy again!",1,Verified Purchase,27
REV03940,user_0095,mechanical keyboard,5,This mechanical keyboard exceeded my expectations. Customer support was very responsive when I had questions. 5 stars without hesitation.,1,,35
REV03941,user_0028,resistance bands,1,This resistance bands stopped working after one week. The design looks nothing like the photos — very misleading listing. Requested a refund right away.,0,Verified Purchase,99
REV03942,user_0592,smartwatch,1,Regret buying this smartwatch. Performance is terrible compared to competitors at the same price. Returning this immediately.,0,Verified Purchase,30
REV03943,user_0141,water bottle,5,Great value for money water bottle. Setup was easy and it works flawlessly right out of the box. Highly recommend to anyone looking for reliability.,1,,57
REV03944,user_0957,phone case,1,"Poor quality phone case, save your money. Connection drops constantly and the device overheats quickly. Absolute rubbish.",0,Verified Purchase,72
REV03945,user_0181,water bottle,5,This water bottle is worth every penny. Connectivity is seamless and lag-free every single time. Will be buying more products from this brand.,1,Verified Purchase,98
REV03946,user_0651,toaster oven,1,Zero stars if I could for this toaster oven. Cheaply made materials that scratched and peeled after first use. 1 star — would give zero if possible.,0,Verified Purchase,68
REV03947,user_0618,robot vacuum,5,"Excellent robot vacuum, exactly as described. I've been using it daily for weeks and it still works like new. Will be buying more products from this brand.",1,,42
REV03948,user_0322,power bank,5,This power bank is worth every penny. Comfortable to use for long periods without any fatigue. Already ordered a second one as a gift.,1,Verified Purchase,103
REV03949,user_0199,blender,5,Best blender I've ever purchased. Packaging was great and the product feels premium. Already ordered a second one as a gift.,1,Verified Purchase,96
REV03950,user_0525,smartwatch,1,"Poor quality smartwatch, save your money. The design looks nothing like the photos — very misleading listing. Very angry and will not buy from this seller again.",0,Verified Purchase,81
REV03951,user_0406,toaster oven,4,Best toaster oven I've ever purchased. The build quality is top-notch and it arrived quickly. 10/10 would recommend!,1,,133
REV03952,user_0796,wireless headphones,5,"Excellent wireless headphones, exactly as described. The performance quality is incredible for the price. 10/10 would recommend!",1,Verified Purchase,38
REV03953,user_0978,USB hub,1,Deeply unsatisfied with this USB hub. Loud rattling noise that makes it completely unusable. Absolute rubbish.,0,Verified Purchase,146
REV03954,user_0791,resistance bands,4,This resistance bands is worth every penny. I've been using it daily for weeks and it still works like new. Will be buying more products from this brand.,1,Verified Purchase,27
REV03955,user_0027,power bank,4,This power bank is a game changer. Packaging was great and the product feels premium. Highly recommend to anyone looking for reliability.,1,,2
REV03956,user_0702,charging cable,4,Couldn't be happier with this charging cable. Comfortable to use for long periods without any fatigue. Highly recommend to anyone looking for reliability.,1,,83
REV03957,user_0111,water bottle,5,"Solid water bottle, highly satisfied. Connectivity is seamless and lag-free every single time. Already ordered a second one as a gift.",1,,11
REV03958,user_0966,blender,5,Very impressed with this blender. Battery life is phenomenal — lasts much longer than advertised. Will be buying more products from this brand.,1,Verified Purchase,146
REV03959,user_0808,sunglasses,1,"Poor quality sunglasses, save your money. Connection drops constantly and the device overheats quickly. Do not waste your money.",0,,73
REV03960,user_0465,resistance bands,5,"This resistance bands is a game changer. The design is sleek and modern, looks great on my desk. Would definitely buy again!",1,Verified Purchase,116
REV03961,user_0508,instant pot,2,Zero stars if I could for this instant pot. Battery dies within an hour — completely unusable for daily tasks. Absolute rubbish.,0,Verified Purchase,96
REV03962,user_0872,fitness tracker,5,"Excellent fitness tracker, exactly as described. The performance quality is incredible for the price. Highly recommend to anyone looking for reliability.",1,Verified Purchase,21
REV03963,user_0266,smart bulb,5,Super happy with my smart bulb purchase. The performance quality is incredible for the price. A must-buy!,1,Verified Purchase,127
REV03964,user_0163,charging cable,1,"Poor quality charging cable, save your money. The design looks nothing like the photos — very misleading listing. Do not waste your money.",0,Verified Purchase,65
REV03965,user_0793,tablet,1,This tablet stopped working after one week. Instructions were incomprehensible and setup took hours. 1 star — would give zero if possible.,0,,38
REV03966,user_0398,phone case,1,"Huge disappointment, expected much better from this phone case. The quality is extremely poor and feels like it will break any day. Worst purchase I've made this year.",0,Verified Purchase,18
REV03967,user_0060,USB hub,5,This USB hub exceeded my expectations. Setup was easy and it works flawlessly right out of the box. 5 stars without hesitation.,1,,92
REV03968,user_0382,phone case,1,"Terrible phone case, complete waste of money. Instructions were incomprehensible and setup took hours. 1 star — would give zero if possible.",0,,35
REV03969,user_0863,smart bulb,5,"Outstanding smart bulb, five stars. I've been using it daily for weeks and it still works like new. A must-buy!",1,Verified Purchase,149
REV03970,user_0715,USB hub,1,Do NOT buy this USB hub. Battery dies within an hour — completely unusable for daily tasks. Absolute rubbish.,0,,129
REV03971,user_0485,phone case,5,"Solid phone case, highly satisfied. Setup was easy and it works flawlessly right out of the box. Highly recommend to anyone looking for reliability.",1,,141
REV03972,user_0958,screen protector,5,Couldn't be happier with this screen protector. The performance quality is incredible for the price. 5 stars without hesitation.,1,Verified Purchase,88
REV03973,user_0684,smartwatch,5,"Great value for money smartwatch. The design is sleek and modern, looks great on my desk. Will be buying more products from this brand.",1,Verified Purchase,150
REV03974,user_0327,power bank,1,"Poor quality power bank, save your money. Loud rattling noise that makes it completely unusable. Absolute rubbish.",0,,93
REV03975,user_0506,power bank,4,"Excellent power bank, exactly as described. Battery life is phenomenal — lasts much longer than advertised. Would definitely buy again!",1,Verified Purchase,97
REV03976,user_0291,earbuds,1,"Huge disappointment, expected much better from this earbuds. Took forever to arrive and the item was not as described at all. Worst purchase I've made this year.",0,,115
REV03977,user_0204,monitor,5,Couldn't be happier with this monitor. Setup was easy and it works flawlessly right out of the box. Highly recommend to anyone looking for reliability.,1,Verified Purchase,67
REV03978,user_0509,resistance bands,4,Absolutely love this resistance bands! Customer support was very responsive when I had questions. Will be buying more products from this brand.,1,Verified Purchase,136
REV03979,user_0817,charging cable,5,Couldn't be happier with this charging cable. Fits perfectly and matches exactly what was shown in the photos. Highly recommend to anyone looking for reliability.,1,,84
REV03980,user_0698,sunglasses,5,"This sunglasses is worth every penny. Packaging was great and the product feels premium. Very satisfied, no complaints.",1,,150
REV03981,user_0462,blender,1,Zero stars if I could for this blender. Battery dies within an hour — completely unusable for daily tasks. Absolute rubbish.,0,,87
REV03982,user_0910,monitor,5,"This monitor exceeded my expectations. I've been using it daily for weeks and it still works like new. Very satisfied, no complaints.",1,Verified Purchase,46
REV03983,user_0175,blender,5,Absolutely love this blender! Comfortable to use for long periods without any fatigue. 10/10 would recommend!,1,Verified Purchase,28
REV03984,user_0545,earbuds,1,This earbuds broke within days. The packaging was damaged and the product arrived broken. Returning this immediately.,0,Verified Purchase,1
REV03985,user_0093,water bottle,1,"Terrible water bottle, complete waste of money. Took forever to arrive and the item was not as described at all. Requested a refund right away.",0,,108
REV03986,user_0928,blender,1,Do NOT buy this blender. The quality is extremely poor and feels like it will break any day. 1 star — would give zero if possible.,0,Verified Purchase,88
REV03987,user_0027,bluetooth speaker,5,"Best bluetooth speaker I've ever purchased. The design is sleek and modern, looks great on my desk. Highly recommend to anyone looking for reliability.",1,,53
REV03988,user_0017,webcam,5,This webcam is worth every penny. Much better than my previous one — noticeable improvement. A must-buy!,1,,20
REV03989,user_0147,phone case,5,Couldn't be happier with this phone case. The build quality is top-notch and it arrived quickly. 5 stars without hesitation.,1,,145
REV03990,user_0741,robot vacuum,1,"Huge disappointment, expected much better from this robot vacuum. Performance is terrible compared to competitors at the same price. Absolute rubbish.",0,Verified Purchase,14
REV03991,user_0338,water bottle,1,Regret buying this water bottle. Very uncomfortable to use and causes strain after just minutes. Requested a refund right away.,0,Verified Purchase,115
REV03992,user_0211,webcam,1,Zero stars if I could for this webcam. The design looks nothing like the photos — very misleading listing. Very angry and will not buy from this seller again.,0,Verified Purchase,32
REV03993,user_0064,electric kettle,5,This electric kettle is a game changer. Much better than my previous one — noticeable improvement. Highly recommend to anyone looking for reliability.,1,,14
REV03994,user_0746,running shoes,1,Worst running shoes I have ever purchased. Customer support never responded to my multiple messages. Requested a refund right away.,0,,78
REV03995,user_0824,air purifier,5,"Absolutely love this air purifier! Comfortable to use for long periods without any fatigue. Very satisfied, no complaints.",1,Verified Purchase,112
REV03996,user_0664,wireless headphones,2,Deeply unsatisfied with this wireless headphones. Took forever to arrive and the item was not as described at all. Worst purchase I've made this year.,0,Verified Purchase,112
REV03997,user_0795,electric kettle,2,This electric kettle is a total scam. Loud rattling noise that makes it completely unusable. Absolute rubbish.,0,,72
REV03998,user_0310,phone case,5,Great value for money phone case. Packaging was great and the product feels premium. Would definitely buy again!,1,,23
REV03999,user_0551,screen protector,5,This screen protector exceeded my expectations. The build quality is top-notch and it arrived quickly. Would definitely buy again!,1,Verified Purchase,78
REV04000,user_0232,sunglasses,1,This sunglasses is cheaply made and falls apart. Took forever to arrive and the item was not as described at all. Returning this immediately.,0,Verified Purchase,67
REV04001,user_0216,phone case,5,Super happy with my phone case purchase. Customer support was very responsive when I had questions. Will be buying more products from this brand.,1,Verified Purchase,87
REV04002,user_0292,fitness tracker,2,This fitness tracker is a total scam. Already broke and I only used it twice — total waste of money. Buyer beware — stay far away.,0,Verified Purchase,74
REV04003,user_0970,robot vacuum,5,"Outstanding robot vacuum, five stars. The performance quality is incredible for the price. A must-buy!",1,Verified Purchase,139
REV04004,user_0809,wallet,1,This wallet broke within days. The packaging was damaged and the product arrived broken. Buyer beware — stay far away.,0,Verified Purchase,25
REV04005,user_0927,webcam,5,"Fantastic webcam, works perfectly. The design is sleek and modern, looks great on my desk. Highly recommend to anyone looking for reliability.",1,,127
REV04006,user_0657,e-reader,1,Not as described — very misleading e-reader listing. The quality is extremely poor and feels like it will break any day. Requested a refund right away.,0,Verified Purchase,31
REV04007,user_0093,phone case,1,Zero stars if I could for this phone case. Loud rattling noise that makes it completely unusable. Requested a refund right away.,0,Verified Purchase,148
REV04008,user_0144,sunglasses,4,Absolutely love this sunglasses! Durable construction — dropped it a few times with no damage. Would definitely buy again!,1,,143
REV04009,user_0645,running shoes,4,Super happy with my running shoes purchase. The performance quality is incredible for the price. Already ordered a second one as a gift.,1,Verified Purchase,49
REV04010,user_0044,mechanical keyboard,1,Deeply unsatisfied with this mechanical keyboard. Already broke and I only used it twice — total waste of money. Very angry and will not buy from this seller again.,0,Verified Purchase,81
REV04011,user_0310,air purifier,1,"Faulty air purifier, does not work as advertised. Already broke and I only used it twice — total waste of money. Absolute rubbish.",0,Verified Purchase,52
REV04012,user_0060,robot vacuum,5,"Outstanding robot vacuum, five stars. Packaging was great and the product feels premium. Would definitely buy again!",1,,135
REV04013,user_0331,robot vacuum,4,This robot vacuum is a game changer. Fits perfectly and matches exactly what was shown in the photos. A must-buy!,1,Verified Purchase,91
REV04014,user_0261,wallet,1,Not as described — very misleading wallet listing. Performance is terrible compared to competitors at the same price. Returning this immediately.,0,Verified Purchase,54
REV04015,user_0206,USB hub,5,"Solid USB hub, highly satisfied. Much better than my previous one — noticeable improvement. 5 stars without hesitation.",1,Verified Purchase,104
REV04016,user_0875,coffee maker,5,Absolutely love this coffee maker! Comfortable to use for long periods without any fatigue. Would definitely buy again!,1,Verified Purchase,56
REV04017,user_0740,monitor,4,This monitor exceeded my expectations. The performance quality is incredible for the price. Will be buying more products from this brand.,1,Verified Purchase,93
REV04018,user_0183,monitor,1,"Faulty monitor, does not work as advertised. Performance is terrible compared to competitors at the same price. Worst purchase I've made this year.",0,,120
REV04019,user_0015,wallet,5,Very impressed with this wallet. My whole family loves it and we've recommended it to friends. Highly recommend to anyone looking for reliability.,1,Verified Purchase,1
REV04020,user_0156,smart bulb,1,Not as described — very misleading smart bulb listing. Performance is terrible compared to competitors at the same price. Returning this immediately.,0,Verified Purchase,76
REV04021,user_0737,robot vacuum,5,"Amazing quality robot vacuum, highly recommend. The build quality is top-notch and it arrived quickly. Very satisfied, no complaints.",1,Verified Purchase,45
REV04022,user_0554,resistance bands,5,"Fantastic resistance bands, works perfectly. Packaging was great and the product feels premium. A must-buy!",1,Verified Purchase,113
REV04023,user_0158,gaming mouse,5,"Solid gaming mouse, highly satisfied. Much better than my previous one — noticeable improvement. Would definitely buy again!",1,,18
REV04024,user_0932,e-reader,5,Absolutely love this e-reader! Durable construction — dropped it a few times with no damage. Highly recommend to anyone looking for reliability.,1,Verified Purchase,114
REV04025,user_0351,gaming mouse,2,Deeply unsatisfied with this gaming mouse. Already broke and I only used it twice — total waste of money. Requested a refund right away.,0,Verified Purchase,99
REV04026,user_0262,bluetooth speaker,1,Very disappointed with this bluetooth speaker. Battery dies within an hour — completely unusable for daily tasks. Worst purchase I've made this year.,0,,93
REV04027,user_0011,backpack,1,This backpack is a total scam. The design looks nothing like the photos — very misleading listing. Requested a refund right away.,0,,96
REV04028,user_0330,toaster oven,1,"Huge disappointment, expected much better from this toaster oven. Performance is terrible compared to competitors at the same price. 1 star — would give zero if possible.",0,Verified Purchase,29
REV04029,user_0030,smartwatch,5,"Fantastic smartwatch, works perfectly. The performance quality is incredible for the price. A must-buy!",1,Verified Purchase,67
REV04030,user_0813,smartwatch,2,This smartwatch broke within days. Instructions were incomprehensible and setup took hours. Returning this immediately.,0,Verified Purchase,78
REV04031,user_0580,power bank,1,"Terrible power bank, complete waste of money. It stopped working completely after just a few days of light use. Buyer beware — stay far away.",0,,61
REV04032,user_0792,blender,5,Purchased this blender last month and love it. Durable construction — dropped it a few times with no damage. 5 stars without hesitation.,1,Verified Purchase,52
REV04033,user_0935,resistance bands,1,"Huge disappointment, expected much better from this resistance bands. Already broke and I only used it twice — total waste of money. Absolute rubbish.",0,,67
REV04034,user_0328,coffee maker,2,Do NOT buy this coffee maker. Connection drops constantly and the device overheats quickly. Buyer beware — stay far away.,0,Verified Purchase,10
REV04035,user_0450,resistance bands,4,Couldn't be happier with this resistance bands. Durable construction — dropped it a few times with no damage. Highly recommend to anyone looking for reliability.,1,,15
REV04036,user_0976,yoga mat,1,"Faulty yoga mat, does not work as advertised. Cheaply made materials that scratched and peeled after first use. Worst purchase I've made this year.",0,Verified Purchase,136
REV04037,user_0432,fitness tracker,4,Super happy with my fitness tracker purchase. The performance quality is incredible for the price. Highly recommend to anyone looking for reliability.,1,Verified Purchase,147
REV04038,user_0329,backpack,5,Couldn't be happier with this backpack. Durable construction — dropped it a few times with no damage. 10/10 would recommend!,1,Verified Purchase,38
REV04039,user_0428,monitor,4,Very impressed with this monitor. Battery life is phenomenal — lasts much longer than advertised. Highly recommend to anyone looking for reliability.,1,,146
REV04040,user_0223,air purifier,2,Deeply unsatisfied with this air purifier. Battery dies within an hour — completely unusable for daily tasks. Very angry and will not buy from this seller again.,0,Verified Purchase,31
REV04041,user_0407,sunglasses,1,"Terrible sunglasses, complete waste of money. The quality is extremely poor and feels like it will break any day. Requested a refund right away.",0,,111
REV04042,user_0275,wallet,1,This wallet is a total scam. Battery dies within an hour — completely unusable for daily tasks. Buyer beware — stay far away.,0,,91
REV04043,user_0310,robot vacuum,5,"Outstanding robot vacuum, five stars. Fits perfectly and matches exactly what was shown in the photos. Very satisfied, no complaints.",1,Verified Purchase,133
REV04044,user_0386,e-reader,4,"Very impressed with this e-reader. The design is sleek and modern, looks great on my desk. 5 stars without hesitation.",1,Verified Purchase,65
REV04045,user_0749,instant pot,2,"Huge disappointment, expected much better from this instant pot. Loud rattling noise that makes it completely unusable. Requested a refund right away.",0,Verified Purchase,46
REV04046,user_0395,laptop stand,1,"Terrible laptop stand, complete waste of money. It stopped working completely after just a few days of light use. Worst purchase I've made this year.",0,Verified Purchase,88
REV04047,user_0175,instant pot,4,Absolutely love this instant pot! The performance quality is incredible for the price. Will be buying more products from this brand.,1,Verified Purchase,90
REV04048,user_0064,sunglasses,1,This sunglasses broke within days. The quality is extremely poor and feels like it will break any day. Returning this immediately.,0,Verified Purchase,84
REV04049,user_0883,smart bulb,1,"Faulty smart bulb, does not work as advertised. Performance is terrible compared to competitors at the same price. Do not waste your money.",0,Verified Purchase,137
REV04050,user_0114,tablet,4,"Fantastic tablet, works perfectly. My whole family loves it and we've recommended it to friends. 10/10 would recommend!",1,,137
REV04051,user_0265,USB hub,4,"Fantastic USB hub, works perfectly. Comfortable to use for long periods without any fatigue. Very satisfied, no complaints.",1,Verified Purchase,45
REV04052,user_0982,toaster oven,4,"Excellent toaster oven, exactly as described. Packaging was great and the product feels premium. Already ordered a second one as a gift.",1,Verified Purchase,33
REV04053,user_0962,power bank,5,Best power bank I've ever purchased. Fits perfectly and matches exactly what was shown in the photos. Highly recommend to anyone looking for reliability.,1,Verified Purchase,107
REV04054,user_0169,fitness tracker,5,This fitness tracker exceeded my expectations. Connectivity is seamless and lag-free every single time. 5 stars without hesitation.,1,,0
REV04055,user_0360,phone case,1,This phone case broke within days. Performance is terrible compared to competitors at the same price. Very angry and will not buy from this seller again.,0,Verified Purchase,32
REV04056,user_0943,wireless headphones,5,Very impressed with this wireless headphones. Connectivity is seamless and lag-free every single time. 5 stars without hesitation.,1,Verified Purchase,63
REV04057,user_0123,robot vacuum,5,Couldn't be happier with this robot vacuum. Much better than my previous one — noticeable improvement. Highly recommend to anyone looking for reliability.,1,Verified Purchase,45
REV04058,user_0358,laptop stand,4,"Amazing quality laptop stand, highly recommend. Packaging was great and the product feels premium. 10/10 would recommend!",1,Verified Purchase,148
REV04059,user_0131,laptop stand,5,"Solid laptop stand, highly satisfied. Battery life is phenomenal — lasts much longer than advertised. 5 stars without hesitation.",1,Verified Purchase,78
REV04060,user_0960,USB hub,5,"Excellent USB hub, exactly as described. I've been using it daily for weeks and it still works like new. Would definitely buy again!",1,Verified Purchase,86
REV04061,user_0687,sunglasses,5,"This sunglasses is a game changer. Comfortable to use for long periods without any fatigue. Very satisfied, no complaints.",1,Verified Purchase,41
REV04062,user_0339,power bank,4,"Outstanding power bank, five stars. Much better than my previous one — noticeable improvement. Will be buying more products from this brand.",1,,39
REV04063,user_0966,wireless headphones,5,"Excellent wireless headphones, exactly as described. The build quality is top-notch and it arrived quickly. A must-buy!",1,Verified Purchase,18
REV04064,user_0094,running shoes,4,Super happy with my running shoes purchase. Battery life is phenomenal — lasts much longer than advertised. Will be buying more products from this brand.,1,Verified Purchase,147
REV04065,user_0513,fitness tracker,2,This fitness tracker stopped working after one week. Very uncomfortable to use and causes strain after just minutes. Requested a refund right away.,0,Verified Purchase,91
REV04066,user_0030,running shoes,1,Worst running shoes I have ever purchased. It stopped working completely after just a few days of light use. 1 star — would give zero if possible.,0,Verified Purchase,134
REV04067,user_0921,tablet,2,"Huge disappointment, expected much better from this tablet. It stopped working completely after just a few days of light use. 1 star — would give zero if possible.",0,Verified Purchase,25
REV04068,user_0725,charging cable,2,Do NOT buy this charging cable. The design looks nothing like the photos — very misleading listing. Returning this immediately.,0,,93
REV04069,user_0775,tablet,1,Regret buying this tablet. The design looks nothing like the photos — very misleading listing. Requested a refund right away.,0,,103
REV04070,user_0197,instant pot,5,Very impressed with this instant pot. Battery life is phenomenal — lasts much longer than advertised. Will be buying more products from this brand.,1,Verified Purchase,71
REV04071,user_0449,charging cable,5,Absolutely love this charging cable! Setup was easy and it works flawlessly right out of the box. 5 stars without hesitation.,1,Verified Purchase,144
REV04072,user_0590,smart bulb,5,Very impressed with this smart bulb. Much better than my previous one — noticeable improvement. Would definitely buy again!,1,,90
REV04073,user_0694,sunglasses,1,"Poor quality sunglasses, save your money. Battery dies within an hour — completely unusable for daily tasks. Worst purchase I've made this year.",0,Verified Purchase,125
REV04074,user_0982,gaming mouse,5,"Couldn't be happier with this gaming mouse. The build quality is top-notch and it arrived quickly. Very satisfied, no complaints.",1,,128
REV04075,user_0166,air purifier,2,Regret buying this air purifier. Battery dies within an hour — completely unusable for daily tasks. 1 star — would give zero if possible.,0,Verified Purchase,101
REV04076,user_0294,USB hub,4,Purchased this USB hub last month and love it. Setup was easy and it works flawlessly right out of the box. 10/10 would recommend!,1,,46
REV04077,user_0543,mechanical keyboard,5,Great value for money mechanical keyboard. Packaging was great and the product feels premium. Highly recommend to anyone looking for reliability.,1,Verified Purchase,105
REV04078,user_0554,wallet,4,Great value for money wallet. Comfortable to use for long periods without any fatigue. A must-buy!,1,Verified Purchase,0
REV04079,user_0568,yoga mat,4,"Excellent yoga mat, exactly as described. Durable construction — dropped it a few times with no damage. Very satisfied, no complaints.",1,Verified Purchase,121
REV04080,user_0958,resistance bands,2,"Terrible resistance bands, complete waste of money. Cheaply made materials that scratched and peeled after first use. Absolute rubbish.",0,Verified Purchase,147
REV04081,user_0635,tablet,4,"Solid tablet, highly satisfied. Durable construction — dropped it a few times with no damage. Will be buying more products from this brand.",1,,100
REV04082,user_0289,robot vacuum,1,"Poor quality robot vacuum, save your money. Very uncomfortable to use and causes strain after just minutes. Buyer beware — stay far away.",0,Verified Purchase,98
REV04083,user_0887,charging cable,4,This charging cable is a game changer. Much better than my previous one — noticeable improvement. 10/10 would recommend!,1,Verified Purchase,2
REV04084,user_0782,wallet,1,"Huge disappointment, expected much better from this wallet. Took forever to arrive and the item was not as described at all. Worst purchase I've made this year.",0,Verified Purchase,14
REV04085,user_0806,robot vacuum,4,Very impressed with this robot vacuum. Packaging was great and the product feels premium. 5 stars without hesitation.,1,Verified Purchase,106
REV04086,user_0136,e-reader,5,Best e-reader I've ever purchased. Comfortable to use for long periods without any fatigue. 10/10 would recommend!,1,Verified Purchase,71
REV04087,user_0422,fitness tracker,5,Best fitness tracker I've ever purchased. My whole family loves it and we've recommended it to friends. Will be buying more products from this brand.,1,Verified Purchase,44
REV04088,user_0357,running shoes,5,Best running shoes I've ever purchased. My whole family loves it and we've recommended it to friends. Will be buying more products from this brand.,1,Verified Purchase,69
REV04089,user_0145,coffee maker,2,Not as described — very misleading coffee maker listing. The packaging was damaged and the product arrived broken. Do not waste your money.,0,,37
REV04090,user_0293,toaster oven,1,Not as described — very misleading toaster oven listing. Connection drops constantly and the device overheats quickly. Do not waste your money.,0,Verified Purchase,125
REV04091,user_0768,water bottle,1,This water bottle is a total scam. Performance is terrible compared to competitors at the same price. Very angry and will not buy from this seller again.,0,Verified Purchase,83
REV04092,user_0336,e-reader,1,"Faulty e-reader, does not work as advertised. Cheaply made materials that scratched and peeled after first use. Worst purchase I've made this year.",0,Verified Purchase,135
REV04093,user_0415,yoga mat,2,This yoga mat is a total scam. Performance is terrible compared to competitors at the same price. Requested a refund right away.,0,Verified Purchase,109
REV04094,user_0211,running shoes,1,"Huge disappointment, expected much better from this running shoes. Cheaply made materials that scratched and peeled after first use. Worst purchase I've made this year.",0,,13
REV04095,user_0056,wireless headphones,5,"Excellent wireless headphones, exactly as described. Much better than my previous one — noticeable improvement. 10/10 would recommend!",1,Verified Purchase,132
REV04096,user_0420,monitor,5,"Amazing quality monitor, highly recommend. The performance quality is incredible for the price. Highly recommend to anyone looking for reliability.",1,,35
REV04097,user_0482,resistance bands,1,"Faulty resistance bands, does not work as advertised. It stopped working completely after just a few days of light use. Worst purchase I've made this year.",0,Verified Purchase,68
REV04098,user_0056,running shoes,1,"Faulty running shoes, does not work as advertised. Already broke and I only used it twice — total waste of money. Very angry and will not buy from this seller again.",0,Verified Purchase,17
REV04099,user_0602,earbuds,1,This earbuds stopped working after one week. Already broke and I only used it twice — total waste of money. Very angry and will not buy from this seller again.,0,Verified Purchase,96
REV04100,user_0886,electric kettle,5,This electric kettle is worth every penny. Durable construction — dropped it a few times with no damage. Highly recommend to anyone looking for reliability.,1,,70
REV04101,user_0936,bluetooth speaker,1,Very disappointed with this bluetooth speaker. Very uncomfortable to use and causes strain after just minutes. Requested a refund right away.,0,,101
REV04102,user_0259,mechanical keyboard,5,"Outstanding mechanical keyboard, five stars. Setup was easy and it works flawlessly right out of the box. Already ordered a second one as a gift.",1,Verified Purchase,142
REV04103,user_0618,USB hub,1,This USB hub is a total scam. Cheaply made materials that scratched and peeled after first use. Worst purchase I've made this year.,0,,61
REV04104,user_0461,wallet,4,Great value for money wallet. Fits perfectly and matches exactly what was shown in the photos. Will be buying more products from this brand.,1,,49
REV04105,user_0713,air purifier,5,Super happy with my air purifier purchase. Connectivity is seamless and lag-free every single time. A must-buy!,1,Verified Purchase,150
REV04106,user_0391,smart bulb,5,Purchased this smart bulb last month and love it. The build quality is top-notch and it arrived quickly. Will be buying more products from this brand.,1,Verified Purchase,24
REV04107,user_0160,robot vacuum,4,This robot vacuum is worth every penny. Fits perfectly and matches exactly what was shown in the photos. Highly recommend to anyone looking for reliability.,1,Verified Purchase,12
REV04108,user_0104,power bank,4,"Outstanding power bank, five stars. Comfortable to use for long periods without any fatigue. 5 stars without hesitation.",1,Verified Purchase,52
REV04109,user_0461,yoga mat,1,Not as described — very misleading yoga mat listing. The design looks nothing like the photos — very misleading listing. Very angry and will not buy from this seller again.,0,Verified Purchase,116
REV04110,user_0625,yoga mat,1,Not as described — very misleading yoga mat listing. Very uncomfortable to use and causes strain after just minutes. Do not waste your money.,0,Verified Purchase,23
REV04111,user_0208,electric kettle,1,This electric kettle is cheaply made and falls apart. Cheaply made materials that scratched and peeled after first use. Requested a refund right away.,0,Verified Purchase,131
REV04112,user_0177,mechanical keyboard,1,"Faulty mechanical keyboard, does not work as advertised. Took forever to arrive and the item was not as described at all. 1 star — would give zero if possible.",0,Verified Purchase,12
REV04113,user_0394,resistance bands,5,"Very impressed with this resistance bands. The design is sleek and modern, looks great on my desk. 10/10 would recommend!",1,Verified Purchase,148
REV04114,user_0022,charging cable,4,"Amazing quality charging cable, highly recommend. Connectivity is seamless and lag-free every single time. A must-buy!",1,Verified Purchase,41
REV04115,user_0570,webcam,5,"Fantastic webcam, works perfectly. Much better than my previous one — noticeable improvement. Highly recommend to anyone looking for reliability.",1,Verified Purchase,77
REV04116,user_0060,screen protector,1,Do NOT buy this screen protector. Performance is terrible compared to competitors at the same price. Very angry and will not buy from this seller again.,0,Verified Purchase,41
REV04117,user_0384,yoga mat,1,This yoga mat broke within days. Connection drops constantly and the device overheats quickly. Worst purchase I've made this year.,0,Verified Purchase,26
REV04118,user_0252,fitness tracker,2,"Huge disappointment, expected much better from this fitness tracker. Very uncomfortable to use and causes strain after just minutes. Very angry and will not buy from this seller again.",0,Verified Purchase,90
REV04119,user_0418,water bottle,4,"Absolutely love this water bottle! I've been using it daily for weeks and it still works like new. Very satisfied, no complaints.",1,Verified Purchase,121
REV04120,user_0742,smartwatch,5,Absolutely love this smartwatch! Durable construction — dropped it a few times with no damage. A must-buy!,1,Verified Purchase,64
REV04121,user_0907,resistance bands,5,This resistance bands is a game changer. Comfortable to use for long periods without any fatigue. Highly recommend to anyone looking for reliability.,1,Verified Purchase,85
REV04122,user_0240,blender,5,"Amazing quality blender, highly recommend. Setup was easy and it works flawlessly right out of the box. Will be buying more products from this brand.",1,,92
REV04123,user_0397,yoga mat,4,"Amazing quality yoga mat, highly recommend. The performance quality is incredible for the price. Highly recommend to anyone looking for reliability.",1,Verified Purchase,52
REV04124,user_0583,electric kettle,5,"Super happy with my electric kettle purchase. Fits perfectly and matches exactly what was shown in the photos. Very satisfied, no complaints.",1,Verified Purchase,7
REV04125,user_0234,air purifier,1,This air purifier stopped working after one week. Took forever to arrive and the item was not as described at all. Do not waste your money.,0,Verified Purchase,93
REV04126,user_0742,webcam,5,"Outstanding webcam, five stars. Durable construction — dropped it a few times with no damage. Highly recommend to anyone looking for reliability.",1,Verified Purchase,109
REV04127,user_0276,earbuds,5,Best earbuds I've ever purchased. I've been using it daily for weeks and it still works like new. 10/10 would recommend!,1,,22
REV04128,user_0954,yoga mat,2,"Huge disappointment, expected much better from this yoga mat. Loud rattling noise that makes it completely unusable. Very angry and will not buy from this seller again.",0,Verified Purchase,49
REV04129,user_0121,resistance bands,5,Absolutely love this resistance bands! Customer support was very responsive when I had questions. Already ordered a second one as a gift.,1,Verified Purchase,92
REV04130,user_0812,power bank,5,"Amazing quality power bank, highly recommend. Customer support was very responsive when I had questions. 5 stars without hesitation.",1,Verified Purchase,115
REV04131,user_0541,yoga mat,1,Zero stars if I could for this yoga mat. Instructions were incomprehensible and setup took hours. Absolute rubbish.,0,,87
REV04132,user_0407,earbuds,4,"Very impressed with this earbuds. Customer support was very responsive when I had questions. Very satisfied, no complaints.",1,Verified Purchase,111
REV04133,user_0613,sunglasses,1,"Faulty sunglasses, does not work as advertised. The quality is extremely poor and feels like it will break any day. Very angry and will not buy from this seller again.",0,Verified Purchase,71
REV04134,user_0768,air purifier,1,Very disappointed with this air purifier. Connection drops constantly and the device overheats quickly. Do not waste your money.,0,Verified Purchase,64
REV04135,user_0312,sunglasses,4,Absolutely love this sunglasses! Customer support was very responsive when I had questions. A must-buy!,1,Verified Purchase,68
REV04136,user_0879,toaster oven,1,This toaster oven broke within days. Customer support never responded to my multiple messages. Buyer beware — stay far away.,0,Verified Purchase,147
REV04137,user_0425,running shoes,5,"Fantastic running shoes, works perfectly. Much better than my previous one — noticeable improvement. A must-buy!",1,,7
REV04138,user_0602,yoga mat,5,This yoga mat is worth every penny. Connectivity is seamless and lag-free every single time. Will be buying more products from this brand.,1,Verified Purchase,145
REV04139,user_0699,earbuds,1,This earbuds is cheaply made and falls apart. Connection drops constantly and the device overheats quickly. Requested a refund right away.,0,Verified Purchase,1
REV04140,user_0986,charging cable,1,Worst charging cable I have ever purchased. Very uncomfortable to use and causes strain after just minutes. Buyer beware — stay far away.,0,Verified Purchase,125
REV04141,user_0749,tablet,2,"Terrible tablet, complete waste of money. The quality is extremely poor and feels like it will break any day. Worst purchase I've made this year.",0,Verified Purchase,99
REV04142,user_0694,tablet,5,Super happy with my tablet purchase. My whole family loves it and we've recommended it to friends. Already ordered a second one as a gift.,1,Verified Purchase,80
REV04143,user_0442,electric kettle,5,"Super happy with my electric kettle purchase. I've been using it daily for weeks and it still works like new. Very satisfied, no complaints.",1,Verified Purchase,93
REV04144,user_0710,sunglasses,2,Worst sunglasses I have ever purchased. Instructions were incomprehensible and setup took hours. Absolute rubbish.,0,Verified Purchase,58
REV04145,user_0469,bluetooth speaker,1,Do NOT buy this bluetooth speaker. Very uncomfortable to use and causes strain after just minutes. Worst purchase I've made this year.,0,Verified Purchase,50
REV04146,user_0409,earbuds,4,"Super happy with my earbuds purchase. Packaging was great and the product feels premium. Very satisfied, no complaints.",1,Verified Purchase,84
REV04147,user_0168,charging cable,5,"Solid charging cable, highly satisfied. The design is sleek and modern, looks great on my desk. Very satisfied, no complaints.",1,Verified Purchase,23
REV04148,user_0153,USB hub,5,Couldn't be happier with this USB hub. Setup was easy and it works flawlessly right out of the box. Will be buying more products from this brand.,1,Verified Purchase,36
REV04149,user_0861,water bottle,1,"Huge disappointment, expected much better from this water bottle. Already broke and I only used it twice — total waste of money. Worst purchase I've made this year.",0,Verified Purchase,44
REV04150,user_0753,coffee maker,1,This coffee maker broke within days. Connection drops constantly and the device overheats quickly. Buyer beware — stay far away.,0,,42
REV04151,user_0472,blender,1,Do NOT buy this blender. Customer support never responded to my multiple messages. Do not waste your money.,0,Verified Purchase,15
REV04152,user_0382,gaming mouse,4,Best gaming mouse I've ever purchased. I've been using it daily for weeks and it still works like new. Highly recommend to anyone looking for reliability.,1,Verified Purchase,136
REV04153,user_0731,charging cable,1,Not as described — very misleading charging cable listing. Performance is terrible compared to competitors at the same price. Worst purchase I've made this year.,0,Verified Purchase,38
REV04154,user_0992,earbuds,1,This earbuds stopped working after one week. The design looks nothing like the photos — very misleading listing. Do not waste your money.,0,Verified Purchase,86
REV04155,user_0518,screen protector,2,This screen protector stopped working after one week. Loud rattling noise that makes it completely unusable. Very angry and will not buy from this seller again.,0,Verified Purchase,11
REV04156,user_0830,backpack,4,Best backpack I've ever purchased. Durable construction — dropped it a few times with no damage. 10/10 would recommend!,1,Verified Purchase,88
REV04157,user_0012,backpack,5,Best backpack I've ever purchased. My whole family loves it and we've recommended it to friends. Will be buying more products from this brand.,1,Verified Purchase,133
REV04158,user_0243,mechanical keyboard,5,"Excellent mechanical keyboard, exactly as described. I've been using it daily for weeks and it still works like new. Already ordered a second one as a gift.",1,Verified Purchase,83
REV04159,user_0523,robot vacuum,5,Absolutely love this robot vacuum! The performance quality is incredible for the price. A must-buy!,1,Verified Purchase,24
REV04160,user_0256,smart bulb,5,"Solid smart bulb, highly satisfied. My whole family loves it and we've recommended it to friends. 5 stars without hesitation.",1,Verified Purchase,82
REV04161,user_0072,gaming mouse,2,"Poor quality gaming mouse, save your money. Connection drops constantly and the device overheats quickly. Worst purchase I've made this year.",0,Verified Purchase,76
REV04162,user_0231,toaster oven,5,"Excellent toaster oven, exactly as described. The build quality is top-notch and it arrived quickly. Very satisfied, no complaints.",1,Verified Purchase,66
REV04163,user_0565,wallet,5,"This wallet exceeded my expectations. Customer support was very responsive when I had questions. Very satisfied, no complaints.",1,Verified Purchase,25
REV04164,user_0803,wireless headphones,5,This wireless headphones is a game changer. Battery life is phenomenal — lasts much longer than advertised. 10/10 would recommend!,1,Verified Purchase,81
REV04165,user_0967,robot vacuum,5,"Best robot vacuum I've ever purchased. The design is sleek and modern, looks great on my desk. Already ordered a second one as a gift.",1,,103
REV04166,user_0651,backpack,5,Purchased this backpack last month and love it. I've been using it daily for weeks and it still works like new. 5 stars without hesitation.,1,,23
REV04167,user_0688,webcam,2,Not as described — very misleading webcam listing. Battery dies within an hour — completely unusable for daily tasks. 1 star — would give zero if possible.,0,Verified Purchase,95
REV04168,user_0410,USB hub,2,"Terrible USB hub, complete waste of money. Cheaply made materials that scratched and peeled after first use. Buyer beware — stay far away.",0,,101
REV04169,user_0822,laptop stand,2,This laptop stand broke within days. Battery dies within an hour — completely unusable for daily tasks. Absolute rubbish.,0,Verified Purchase,29
REV04170,user_0103,electric kettle,5,This electric kettle is a game changer. Fits perfectly and matches exactly what was shown in the photos. Highly recommend to anyone looking for reliability.,1,Verified Purchase,86
REV04171,user_0960,instant pot,1,This instant pot broke within days. The quality is extremely poor and feels like it will break any day. Worst purchase I've made this year.,0,Verified Purchase,147
REV04172,user_0194,earbuds,5,Very impressed with this earbuds. Comfortable to use for long periods without any fatigue. Will be buying more products from this brand.,1,Verified Purchase,121
REV04173,user_0155,backpack,4,Super happy with my backpack purchase. The build quality is top-notch and it arrived quickly. Already ordered a second one as a gift.,1,Verified Purchase,126
REV04174,user_0586,laptop stand,1,Do NOT buy this laptop stand. Performance is terrible compared to competitors at the same price. Very angry and will not buy from this seller again.,0,Verified Purchase,91
REV04175,user_0042,water bottle,1,This water bottle stopped working after one week. Already broke and I only used it twice — total waste of money. Requested a refund right away.,0,Verified Purchase,24
REV04176,user_0909,toaster oven,5,Absolutely love this toaster oven! Battery life is phenomenal — lasts much longer than advertised. 10/10 would recommend!,1,,19
REV04177,user_0778,smartwatch,5,Great value for money smartwatch. Packaging was great and the product feels premium. A must-buy!,1,Verified Purchase,14
REV04178,user_0962,air purifier,1,This air purifier is cheaply made and falls apart. It stopped working completely after just a few days of light use. Requested a refund right away.,0,Verified Purchase,66
REV04179,user_0270,robot vacuum,2,Very disappointed with this robot vacuum. Connection drops constantly and the device overheats quickly. Do not waste your money.,0,Verified Purchase,47
REV04180,user_0358,running shoes,2,Deeply unsatisfied with this running shoes. Loud rattling noise that makes it completely unusable. Requested a refund right away.,0,Verified Purchase,47
REV04181,user_0602,laptop stand,5,This laptop stand exceeded my expectations. Comfortable to use for long periods without any fatigue. Will be buying more products from this brand.,1,,115
REV04182,user_0488,toaster oven,1,Very disappointed with this toaster oven. Battery dies within an hour — completely unusable for daily tasks. Very angry and will not buy from this seller again.,0,Verified Purchase,10
REV04183,user_0955,mechanical keyboard,5,"Fantastic mechanical keyboard, works perfectly. The build quality is top-notch and it arrived quickly. Highly recommend to anyone looking for reliability.",1,Verified Purchase,49
REV04184,user_0446,fitness tracker,4,This fitness tracker exceeded my expectations. The performance quality is incredible for the price. A must-buy!,1,Verified Purchase,42
REV04185,user_0404,power bank,4,This power bank is worth every penny. I've been using it daily for weeks and it still works like new. Would definitely buy again!,1,Verified Purchase,42
REV04186,user_0046,smart bulb,1,"Huge disappointment, expected much better from this smart bulb. Already broke and I only used it twice — total waste of money. Requested a refund right away.",0,Verified Purchase,94
REV04187,user_0297,smartwatch,5,"Solid smartwatch, highly satisfied. Setup was easy and it works flawlessly right out of the box. 5 stars without hesitation.",1,Verified Purchase,116
REV04188,user_0730,wireless headphones,2,Regret buying this wireless headphones. Customer support never responded to my multiple messages. Do not waste your money.,0,Verified Purchase,12
REV04189,user_0213,bluetooth speaker,1,"Faulty bluetooth speaker, does not work as advertised. Loud rattling noise that makes it completely unusable. Absolute rubbish.",0,Verified Purchase,13
REV04190,user_0781,instant pot,1,This instant pot stopped working after one week. Connection drops constantly and the device overheats quickly. Very angry and will not buy from this seller again.,0,Verified Purchase,63
REV04191,user_0550,robot vacuum,5,"Amazing quality robot vacuum, highly recommend. My whole family loves it and we've recommended it to friends. Highly recommend to anyone looking for reliability.",1,,128
REV04192,user_0203,screen protector,5,"Amazing quality screen protector, highly recommend. Setup was easy and it works flawlessly right out of the box. 5 stars without hesitation.",1,Verified Purchase,39
REV04193,user_0384,fitness tracker,4,Very impressed with this fitness tracker. I've been using it daily for weeks and it still works like new. 5 stars without hesitation.,1,Verified Purchase,51
REV04194,user_0604,laptop stand,1,"Faulty laptop stand, does not work as advertised. Very uncomfortable to use and causes strain after just minutes. Requested a refund right away.",0,Verified Purchase,44
REV04195,user_0988,electric kettle,5,"Fantastic electric kettle, works perfectly. My whole family loves it and we've recommended it to friends. 5 stars without hesitation.",1,Verified Purchase,32
REV04196,user_0800,charging cable,2,"Poor quality charging cable, save your money. Loud rattling noise that makes it completely unusable. Worst purchase I've made this year.",0,Verified Purchase,146
REV04197,user_0903,USB hub,1,Do NOT buy this USB hub. The quality is extremely poor and feels like it will break any day. 1 star — would give zero if possible.,0,Verified Purchase,35
REV04198,user_0915,charging cable,1,"Terrible charging cable, complete waste of money. Loud rattling noise that makes it completely unusable. Worst purchase I've made this year.",0,,118
REV04199,user_0446,USB hub,5,"Excellent USB hub, exactly as described. Battery life is phenomenal — lasts much longer than advertised. Will be buying more products from this brand.",1,Verified Purchase,85
REV04200,user_0455,phone case,1,"Faulty phone case, does not work as advertised. Instructions were incomprehensible and setup took hours. Worst purchase I've made this year.",0,Verified Purchase,74
REV04201,user_0097,yoga mat,1,Do NOT buy this yoga mat. Very uncomfortable to use and causes strain after just minutes. Returning this immediately.,0,Verified Purchase,20
REV04202,user_0026,screen protector,5,Absolutely love this screen protector! Fits perfectly and matches exactly what was shown in the photos. Highly recommend to anyone looking for reliability.,1,Verified Purchase,116
REV04203,user_0124,electric kettle,5,This electric kettle is worth every penny. Comfortable to use for long periods without any fatigue. Will be buying more products from this brand.,1,Verified Purchase,125
REV04204,user_0772,USB hub,5,Super happy with my USB hub purchase. Connectivity is seamless and lag-free every single time. Will be buying more products from this brand.,1,Verified Purchase,91
REV04205,user_0845,monitor,2,Regret buying this monitor. The quality is extremely poor and feels like it will break any day. Worst purchase I've made this year.,0,,25
REV04206,user_0846,toaster oven,4,Couldn't be happier with this toaster oven. I've been using it daily for weeks and it still works like new. A must-buy!,1,Verified Purchase,136
REV04207,user_0622,gaming mouse,5,"Couldn't be happier with this gaming mouse. The design is sleek and modern, looks great on my desk. A must-buy!",1,,106
REV04208,user_0349,laptop stand,5,Best laptop stand I've ever purchased. Comfortable to use for long periods without any fatigue. Already ordered a second one as a gift.,1,Verified Purchase,75
REV04209,user_0500,air purifier,5,This air purifier is worth every penny. Comfortable to use for long periods without any fatigue. A must-buy!,1,Verified Purchase,69
REV04210,user_0852,charging cable,4,"Solid charging cable, highly satisfied. I've been using it daily for weeks and it still works like new. Highly recommend to anyone looking for reliability.",1,Verified Purchase,97
REV04211,user_0282,yoga mat,1,Zero stars if I could for this yoga mat. Instructions were incomprehensible and setup took hours. Returning this immediately.,0,Verified Purchase,146
REV04212,user_0390,yoga mat,5,"Purchased this yoga mat last month and love it. Packaging was great and the product feels premium. Very satisfied, no complaints.",1,,136
REV04213,user_0901,power bank,5,Great value for money power bank. Customer support was very responsive when I had questions. 10/10 would recommend!,1,Verified Purchase,127
REV04214,user_0430,monitor,5,This monitor exceeded my expectations. Packaging was great and the product feels premium. 10/10 would recommend!,1,Verified Purchase,83
REV04215,user_0570,sunglasses,5,Absolutely love this sunglasses! The build quality is top-notch and it arrived quickly. 5 stars without hesitation.,1,,100
REV04216,user_0002,coffee maker,5,This coffee maker exceeded my expectations. Customer support was very responsive when I had questions. A must-buy!,1,Verified Purchase,6
REV04217,user_0611,backpack,1,"Faulty backpack, does not work as advertised. Customer support never responded to my multiple messages. Absolute rubbish.",0,Verified Purchase,119
REV04218,user_0428,smart bulb,1,"Poor quality smart bulb, save your money. Already broke and I only used it twice — total waste of money. Very angry and will not buy from this seller again.",0,Verified Purchase,132
REV04219,user_0667,phone case,1,This phone case is cheaply made and falls apart. Battery dies within an hour — completely unusable for daily tasks. 1 star — would give zero if possible.,0,,35
REV04220,user_0341,resistance bands,2,Very disappointed with this resistance bands. The packaging was damaged and the product arrived broken. Returning this immediately.,0,Verified Purchase,138
REV04221,user_0071,instant pot,1,Very disappointed with this instant pot. Performance is terrible compared to competitors at the same price. Do not waste your money.,0,,38
REV04222,user_0094,backpack,5,This backpack exceeded my expectations. My whole family loves it and we've recommended it to friends. Already ordered a second one as a gift.,1,,14
REV04223,user_0031,monitor,5,Best monitor I've ever purchased. Durable construction — dropped it a few times with no damage. A must-buy!,1,Verified Purchase,103
REV04224,user_0252,instant pot,5,This instant pot exceeded my expectations. Fits perfectly and matches exactly what was shown in the photos. Would definitely buy again!,1,Verified Purchase,137
REV04225,user_0670,mechanical keyboard,5,Very impressed with this mechanical keyboard. I've been using it daily for weeks and it still works like new. Highly recommend to anyone looking for reliability.,1,Verified Purchase,44
REV04226,user_0674,blender,5,"This blender exceeded my expectations. Battery life is phenomenal — lasts much longer than advertised. Very satisfied, no complaints.",1,Verified Purchase,51
REV04227,user_0550,backpack,1,Not as described — very misleading backpack listing. The packaging was damaged and the product arrived broken. Absolute rubbish.,0,,41
REV04228,user_0633,wallet,2,Worst wallet I have ever purchased. Connection drops constantly and the device overheats quickly. Buyer beware — stay far away.,0,Verified Purchase,103
REV04229,user_0508,resistance bands,1,This resistance bands broke within days. Loud rattling noise that makes it completely unusable. Returning this immediately.,0,,66
REV04230,user_0622,blender,1,"Huge disappointment, expected much better from this blender. Very uncomfortable to use and causes strain after just minutes. Do not waste your money.",0,Verified Purchase,63
REV04231,user_0349,instant pot,5,Purchased this instant pot last month and love it. Fits perfectly and matches exactly what was shown in the photos. Already ordered a second one as a gift.,1,Verified Purchase,82
REV04232,user_0329,backpack,5,This backpack is worth every penny. Battery life is phenomenal — lasts much longer than advertised. Would definitely buy again!,1,Verified Purchase,115
REV04233,user_0377,resistance bands,5,Purchased this resistance bands last month and love it. The build quality is top-notch and it arrived quickly. Already ordered a second one as a gift.,1,Verified Purchase,34
REV04234,user_0421,charging cable,1,"Huge disappointment, expected much better from this charging cable. Cheaply made materials that scratched and peeled after first use. Absolute rubbish.",0,Verified Purchase,47
REV04235,user_0821,yoga mat,5,"Solid yoga mat, highly satisfied. Durable construction — dropped it a few times with no damage. Already ordered a second one as a gift.",1,Verified Purchase,95
REV04236,user_0624,air purifier,2,"Poor quality air purifier, save your money. Connection drops constantly and the device overheats quickly. Worst purchase I've made this year.",0,,20
REV04237,user_0380,wireless headphones,5,Purchased this wireless headphones last month and love it. Connectivity is seamless and lag-free every single time. A must-buy!,1,Verified Purchase,135
REV04238,user_0883,fitness tracker,1,Not as described — very misleading fitness tracker listing. Loud rattling noise that makes it completely unusable. Buyer beware — stay far away.,0,Verified Purchase,24
REV04239,user_0103,blender,5,This blender is worth every penny. Fits perfectly and matches exactly what was shown in the photos. Already ordered a second one as a gift.,1,Verified Purchase,61
REV04240,user_0809,laptop stand,5,This laptop stand is worth every penny. Fits perfectly and matches exactly what was shown in the photos. Already ordered a second one as a gift.,1,Verified Purchase,83
REV04241,user_0642,e-reader,5,This e-reader is worth every penny. Packaging was great and the product feels premium. Will be buying more products from this brand.,1,Verified Purchase,70
REV04242,user_0043,bluetooth speaker,1,Worst bluetooth speaker I have ever purchased. Performance is terrible compared to competitors at the same price. 1 star — would give zero if possible.,0,Verified Purchase,84
REV04243,user_0759,coffee maker,1,Not as described — very misleading coffee maker listing. It stopped working completely after just a few days of light use. Absolute rubbish.,0,Verified Purchase,108
REV04244,user_0472,water bottle,4,"This water bottle is a game changer. Battery life is phenomenal — lasts much longer than advertised. Very satisfied, no complaints.",1,,116
REV04245,user_0050,fitness tracker,2,Worst fitness tracker I have ever purchased. Took forever to arrive and the item was not as described at all. Do not waste your money.,0,,53
REV04246,user_0157,mechanical keyboard,2,Zero stars if I could for this mechanical keyboard. The quality is extremely poor and feels like it will break any day. 1 star — would give zero if possible.,0,,112
REV04247,user_0717,instant pot,1,This instant pot stopped working after one week. Battery dies within an hour — completely unusable for daily tasks. Returning this immediately.,0,Verified Purchase,46
REV04248,user_0052,smart bulb,4,Great value for money smart bulb. Packaging was great and the product feels premium. 5 stars without hesitation.,1,Verified Purchase,98
REV04249,user_0490,phone case,4,"Solid phone case, highly satisfied. Customer support was very responsive when I had questions. 5 stars without hesitation.",1,Verified Purchase,144
REV04250,user_0750,air purifier,1,Zero stars if I could for this air purifier. The quality is extremely poor and feels like it will break any day. Absolute rubbish.,0,Verified Purchase,31
REV04251,user_0160,backpack,5,Couldn't be happier with this backpack. Battery life is phenomenal — lasts much longer than advertised. A must-buy!,1,Verified Purchase,2
REV04252,user_0437,robot vacuum,1,"Terrible robot vacuum, complete waste of money. Already broke and I only used it twice — total waste of money. Buyer beware — stay far away.",0,Verified Purchase,61
REV04253,user_0581,smartwatch,5,Couldn't be happier with this smartwatch. I've been using it daily for weeks and it still works like new. Highly recommend to anyone looking for reliability.,1,,139
REV04254,user_0582,backpack,5,Absolutely love this backpack! Durable construction — dropped it a few times with no damage. Already ordered a second one as a gift.,1,Verified Purchase,69
REV04255,user_0246,bluetooth speaker,2,"Faulty bluetooth speaker, does not work as advertised. Very uncomfortable to use and causes strain after just minutes. Buyer beware — stay far away.",0,,34
REV04256,user_0714,running shoes,5,"Outstanding running shoes, five stars. My whole family loves it and we've recommended it to friends. Already ordered a second one as a gift.",1,,79
REV04257,user_0705,phone case,5,"Solid phone case, highly satisfied. Fits perfectly and matches exactly what was shown in the photos. Would definitely buy again!",1,,85
REV04258,user_0609,power bank,1,Very disappointed with this power bank. The packaging was damaged and the product arrived broken. Returning this immediately.,0,Verified Purchase,60
REV04259,user_0723,fitness tracker,4,"Fantastic fitness tracker, works perfectly. Customer support was very responsive when I had questions. 10/10 would recommend!",1,Verified Purchase,132
REV04260,user_0326,smartwatch,5,"Amazing quality smartwatch, highly recommend. Customer support was very responsive when I had questions. A must-buy!",1,,62
REV04261,user_0331,sunglasses,2,This sunglasses is a total scam. The quality is extremely poor and feels like it will break any day. Buyer beware — stay far away.,0,Verified Purchase,77
REV04262,user_0628,water bottle,4,"Excellent water bottle, exactly as described. Much better than my previous one — noticeable improvement. Very satisfied, no complaints.",1,Verified Purchase,14
REV04263,user_0672,coffee maker,5,This coffee maker is worth every penny. Connectivity is seamless and lag-free every single time. Will be buying more products from this brand.,1,Verified Purchase,112
REV04264,user_0101,earbuds,5,"This earbuds is worth every penny. Setup was easy and it works flawlessly right out of the box. Very satisfied, no complaints.",1,Verified Purchase,105
REV04265,user_0419,coffee maker,4,This coffee maker is a game changer. Battery life is phenomenal — lasts much longer than advertised. Highly recommend to anyone looking for reliability.,1,,129
REV04266,user_0378,laptop stand,1,Deeply unsatisfied with this laptop stand. Already broke and I only used it twice — total waste of money. Do not waste your money.,0,,61
REV04267,user_0610,laptop stand,1,This laptop stand stopped working after one week. The design looks nothing like the photos — very misleading listing. Worst purchase I've made this year.,0,Verified Purchase,68
REV04268,user_0301,power bank,1,"Faulty power bank, does not work as advertised. It stopped working completely after just a few days of light use. Requested a refund right away.",0,Verified Purchase,91
REV04269,user_0831,phone case,2,"Terrible phone case, complete waste of money. Instructions were incomprehensible and setup took hours. Do not waste your money.",0,,91
REV04270,user_0275,air purifier,1,"Faulty air purifier, does not work as advertised. The packaging was damaged and the product arrived broken. Returning this immediately.",0,,36
REV04271,user_0936,tablet,5,This tablet is a game changer. Comfortable to use for long periods without any fatigue. Already ordered a second one as a gift.,1,Verified Purchase,106
REV04272,user_0701,wireless headphones,5,Couldn't be happier with this wireless headphones. Customer support was very responsive when I had questions. 5 stars without hesitation.,1,Verified Purchase,125
REV04273,user_0110,coffee maker,5,Absolutely love this coffee maker! Customer support was very responsive when I had questions. A must-buy!,1,Verified Purchase,134
REV04274,user_0445,bluetooth speaker,5,This bluetooth speaker exceeded my expectations. Durable construction — dropped it a few times with no damage. A must-buy!,1,,29
REV04275,user_0879,earbuds,1,Not as described — very misleading earbuds listing. The packaging was damaged and the product arrived broken. Absolute rubbish.,0,Verified Purchase,147
REV04276,user_0289,charging cable,1,Do NOT buy this charging cable. Customer support never responded to my multiple messages. 1 star — would give zero if possible.,0,,143
REV04277,user_0084,monitor,1,Not as described — very misleading monitor listing. Performance is terrible compared to competitors at the same price. Do not waste your money.,0,Verified Purchase,45
REV04278,user_0315,monitor,5,"Amazing quality monitor, highly recommend. The performance quality is incredible for the price. 5 stars without hesitation.",1,Verified Purchase,53
REV04279,user_0538,wallet,5,"Fantastic wallet, works perfectly. Connectivity is seamless and lag-free every single time. 5 stars without hesitation.",1,Verified Purchase,74
REV04280,user_0864,power bank,5,This power bank exceeded my expectations. My whole family loves it and we've recommended it to friends. 5 stars without hesitation.,1,Verified Purchase,138
REV04281,user_0906,bluetooth speaker,1,"Huge disappointment, expected much better from this bluetooth speaker. Loud rattling noise that makes it completely unusable. Buyer beware — stay far away.",0,Verified Purchase,70
REV04282,user_0856,webcam,4,Very impressed with this webcam. My whole family loves it and we've recommended it to friends. Highly recommend to anyone looking for reliability.,1,Verified Purchase,45
REV04283,user_0375,electric kettle,1,"Huge disappointment, expected much better from this electric kettle. Loud rattling noise that makes it completely unusable. 1 star — would give zero if possible.",0,Verified Purchase,39
REV04284,user_0536,robot vacuum,1,This robot vacuum broke within days. Customer support never responded to my multiple messages. Worst purchase I've made this year.,0,Verified Purchase,150
REV04285,user_0647,e-reader,2,"Poor quality e-reader, save your money. Loud rattling noise that makes it completely unusable. Worst purchase I've made this year.",0,Verified Purchase,53
REV04286,user_0454,smartwatch,1,This smartwatch stopped working after one week. Battery dies within an hour — completely unusable for daily tasks. Requested a refund right away.,0,Verified Purchase,78
REV04287,user_0435,electric kettle,1,Zero stars if I could for this electric kettle. Loud rattling noise that makes it completely unusable. Worst purchase I've made this year.,0,,118
REV04288,user_0413,air purifier,1,Worst air purifier I have ever purchased. It stopped working completely after just a few days of light use. Returning this immediately.,0,Verified Purchase,109
REV04289,user_0829,laptop stand,5,"Best laptop stand I've ever purchased. Much better than my previous one — noticeable improvement. Very satisfied, no complaints.",1,Verified Purchase,87
REV04290,user_0282,smartwatch,2,Not as described — very misleading smartwatch listing. Battery dies within an hour — completely unusable for daily tasks. 1 star — would give zero if possible.,0,Verified Purchase,116
REV04291,user_0807,webcam,4,"Great value for money webcam. Connectivity is seamless and lag-free every single time. Very satisfied, no complaints.",1,Verified Purchase,38
REV04292,user_0478,blender,5,"Couldn't be happier with this blender. I've been using it daily for weeks and it still works like new. Very satisfied, no complaints.",1,Verified Purchase,120
REV04293,user_0432,toaster oven,5,"Amazing quality toaster oven, highly recommend. Much better than my previous one — noticeable improvement. 10/10 would recommend!",1,Verified Purchase,26
REV04294,user_0890,coffee maker,2,This coffee maker broke within days. Took forever to arrive and the item was not as described at all. Very angry and will not buy from this seller again.,0,Verified Purchase,98
REV04295,user_0666,resistance bands,1,"Terrible resistance bands, complete waste of money. Already broke and I only used it twice — total waste of money. Absolute rubbish.",0,Verified Purchase,25
REV04296,user_0297,USB hub,4,"Excellent USB hub, exactly as described. Durable construction — dropped it a few times with no damage. Very satisfied, no complaints.",1,Verified Purchase,74
REV04297,user_0110,screen protector,5,"Super happy with my screen protector purchase. Comfortable to use for long periods without any fatigue. Very satisfied, no complaints.",1,Verified Purchase,1
REV04298,user_0228,USB hub,5,"Fantastic USB hub, works perfectly. Comfortable to use for long periods without any fatigue. Will be buying more products from this brand.",1,Verified Purchase,109
REV04299,user_0371,USB hub,1,"Huge disappointment, expected much better from this USB hub. The design looks nothing like the photos — very misleading listing. Absolute rubbish.",0,Verified Purchase,64
REV04300,user_0711,USB hub,5,"This USB hub is worth every penny. Customer support was very responsive when I had questions. Very satisfied, no complaints.",1,Verified Purchase,95
REV04301,user_0893,blender,2,"Terrible blender, complete waste of money. The packaging was damaged and the product arrived broken. Returning this immediately.",0,Verified Purchase,10
REV04302,user_0004,resistance bands,2,Zero stars if I could for this resistance bands. Performance is terrible compared to competitors at the same price. 1 star — would give zero if possible.,0,Verified Purchase,75
REV04303,user_0801,backpack,4,"This backpack is worth every penny. The design is sleek and modern, looks great on my desk. Highly recommend to anyone looking for reliability.",1,Verified Purchase,143
REV04304,user_0528,smart bulb,1,Very disappointed with this smart bulb. The design looks nothing like the photos — very misleading listing. Do not waste your money.,0,,125
REV04305,user_0468,webcam,1,This webcam is cheaply made and falls apart. The quality is extremely poor and feels like it will break any day. Absolute rubbish.,0,Verified Purchase,111
REV04306,user_0540,yoga mat,1,Deeply unsatisfied with this yoga mat. Cheaply made materials that scratched and peeled after first use. Buyer beware — stay far away.,0,Verified Purchase,70
REV04307,user_0238,smart bulb,2,"Poor quality smart bulb, save your money. The quality is extremely poor and feels like it will break any day. 1 star — would give zero if possible.",0,Verified Purchase,94
REV04308,user_0483,laptop stand,2,This laptop stand stopped working after one week. Loud rattling noise that makes it completely unusable. Worst purchase I've made this year.,0,Verified Purchase,1
REV04309,user_0429,resistance bands,5,"Excellent resistance bands, exactly as described. Setup was easy and it works flawlessly right out of the box. Will be buying more products from this brand.",1,Verified Purchase,130
REV04310,user_0024,smart bulb,2,This smart bulb broke within days. Loud rattling noise that makes it completely unusable. Very angry and will not buy from this seller again.,0,,103
REV04311,user_0227,toaster oven,1,Regret buying this toaster oven. The quality is extremely poor and feels like it will break any day. Worst purchase I've made this year.,0,Verified Purchase,86
REV04312,user_0058,air purifier,1,Very disappointed with this air purifier. Already broke and I only used it twice — total waste of money. 1 star — would give zero if possible.,0,Verified Purchase,137
REV04313,user_0208,air purifier,1,This air purifier is a total scam. The quality is extremely poor and feels like it will break any day. Absolute rubbish.,0,Verified Purchase,92
REV04314,user_0767,toaster oven,1,This toaster oven is a total scam. Customer support never responded to my multiple messages. Requested a refund right away.,0,,0
REV04315,user_0564,yoga mat,1,Zero stars if I could for this yoga mat. Very uncomfortable to use and causes strain after just minutes. 1 star — would give zero if possible.,0,Verified Purchase,118
REV04316,user_0600,power bank,1,This power bank is cheaply made and falls apart. The design looks nothing like the photos — very misleading listing. Do not waste your money.,0,,139
REV04317,user_0005,webcam,1,Very disappointed with this webcam. The quality is extremely poor and feels like it will break any day. Absolute rubbish.,0,Verified Purchase,113
REV04318,user_0180,smartwatch,5,Great value for money smartwatch. Comfortable to use for long periods without any fatigue. Would definitely buy again!,1,,129
REV04319,user_0205,bluetooth speaker,1,Not as described — very misleading bluetooth speaker listing. Connection drops constantly and the device overheats quickly. 1 star — would give zero if possible.,0,,21
REV04320,user_0958,yoga mat,1,Regret buying this yoga mat. Connection drops constantly and the device overheats quickly. Very angry and will not buy from this seller again.,0,Verified Purchase,12
REV04321,user_0743,air purifier,4,This air purifier exceeded my expectations. Packaging was great and the product feels premium. Highly recommend to anyone looking for reliability.,1,Verified Purchase,136
REV04322,user_0533,laptop stand,5,Very impressed with this laptop stand. Battery life is phenomenal — lasts much longer than advertised. A must-buy!,1,Verified Purchase,54
REV04323,user_0756,gaming mouse,1,Not as described — very misleading gaming mouse listing. Performance is terrible compared to competitors at the same price. Absolute rubbish.,0,,3
REV04324,user_0933,yoga mat,2,Regret buying this yoga mat. The packaging was damaged and the product arrived broken. 1 star — would give zero if possible.,0,Verified Purchase,146
REV04325,user_0008,tablet,2,This tablet is cheaply made and falls apart. Cheaply made materials that scratched and peeled after first use. Returning this immediately.,0,Verified Purchase,139
REV04326,user_0637,yoga mat,5,Absolutely love this yoga mat! The performance quality is incredible for the price. 5 stars without hesitation.,1,Verified Purchase,108
REV04327,user_0135,earbuds,5,"Outstanding earbuds, five stars. My whole family loves it and we've recommended it to friends. Very satisfied, no complaints.",1,Verified Purchase,99
REV04328,user_0392,sunglasses,5,This sunglasses exceeded my expectations. Battery life is phenomenal — lasts much longer than advertised. Would definitely buy again!,1,Verified Purchase,128
REV04329,user_0932,gaming mouse,2,Not as described — very misleading gaming mouse listing. Instructions were incomprehensible and setup took hours. Returning this immediately.,0,Verified Purchase,98
REV04330,user_0528,electric kettle,5,Great value for money electric kettle. Setup was easy and it works flawlessly right out of the box. Highly recommend to anyone looking for reliability.,1,Verified Purchase,94
REV04331,user_0675,smartwatch,4,"This smartwatch is worth every penny. The design is sleek and modern, looks great on my desk. Would definitely buy again!",1,Verified Purchase,4
REV04332,user_0741,wallet,5,Couldn't be happier with this wallet. My whole family loves it and we've recommended it to friends. Already ordered a second one as a gift.,1,,90
REV04333,user_0201,earbuds,2,Not as described — very misleading earbuds listing. The quality is extremely poor and feels like it will break any day. 1 star — would give zero if possible.,0,Verified Purchase,31
REV04334,user_0577,wallet,5,This wallet is worth every penny. Comfortable to use for long periods without any fatigue. Will be buying more products from this brand.,1,,72
REV04335,user_0095,backpack,1,Do NOT buy this backpack. It stopped working completely after just a few days of light use. Do not waste your money.,0,Verified Purchase,66
REV04336,user_0294,sunglasses,1,Deeply unsatisfied with this sunglasses. Battery dies within an hour — completely unusable for daily tasks. Buyer beware — stay far away.,0,,94
REV04337,user_0148,screen protector,5,"Great value for money screen protector. Customer support was very responsive when I had questions. Very satisfied, no complaints.",1,Verified Purchase,44
REV04338,user_0615,wallet,5,"Fantastic wallet, works perfectly. The performance quality is incredible for the price. A must-buy!",1,Verified Purchase,72
REV04339,user_0385,gaming mouse,4,Purchased this gaming mouse last month and love it. Setup was easy and it works flawlessly right out of the box. A must-buy!,1,Verified Purchase,3
REV04340,user_0623,backpack,4,"This backpack is a game changer. Setup was easy and it works flawlessly right out of the box. Very satisfied, no complaints.",1,Verified Purchase,149
REV04341,user_0725,coffee maker,5,"Amazing quality coffee maker, highly recommend. Setup was easy and it works flawlessly right out of the box. Already ordered a second one as a gift.",1,Verified Purchase,34
REV04342,user_0715,phone case,5,Couldn't be happier with this phone case. The build quality is top-notch and it arrived quickly. Would definitely buy again!,1,Verified Purchase,125
REV04343,user_0891,power bank,5,Very impressed with this power bank. Much better than my previous one — noticeable improvement. 10/10 would recommend!,1,Verified Purchase,19
REV04344,user_0995,mechanical keyboard,5,"Fantastic mechanical keyboard, works perfectly. Comfortable to use for long periods without any fatigue. 10/10 would recommend!",1,Verified Purchase,29
REV04345,user_0729,charging cable,1,This charging cable stopped working after one week. Very uncomfortable to use and causes strain after just minutes. Do not waste your money.,0,Verified Purchase,141
REV04346,user_0915,wallet,5,"Outstanding wallet, five stars. Durable construction — dropped it a few times with no damage. Highly recommend to anyone looking for reliability.",1,,149
REV04347,user_0107,USB hub,5,Couldn't be happier with this USB hub. Fits perfectly and matches exactly what was shown in the photos. Will be buying more products from this brand.,1,Verified Purchase,39
REV04348,user_0334,webcam,5,This webcam is worth every penny. Much better than my previous one — noticeable improvement. 5 stars without hesitation.,1,Verified Purchase,117
REV04349,user_0574,USB hub,5,"Solid USB hub, highly satisfied. Packaging was great and the product feels premium. 10/10 would recommend!",1,,93
REV04350,user_0190,gaming mouse,1,Regret buying this gaming mouse. Already broke and I only used it twice — total waste of money. Requested a refund right away.,0,Verified Purchase,3
REV04351,user_0589,toaster oven,2,This toaster oven is a total scam. Battery dies within an hour — completely unusable for daily tasks. Absolute rubbish.,0,Verified Purchase,100
REV04352,user_0809,air purifier,5,"Amazing quality air purifier, highly recommend. I've been using it daily for weeks and it still works like new. 5 stars without hesitation.",1,,18
REV04353,user_0857,monitor,5,"Excellent monitor, exactly as described. Fits perfectly and matches exactly what was shown in the photos. 5 stars without hesitation.",1,Verified Purchase,11
REV04354,user_0454,resistance bands,4,"Purchased this resistance bands last month and love it. The design is sleek and modern, looks great on my desk. Very satisfied, no complaints.",1,Verified Purchase,2
REV04355,user_0530,smart bulb,5,"This smart bulb exceeded my expectations. The design is sleek and modern, looks great on my desk. Will be buying more products from this brand.",1,Verified Purchase,57
REV04356,user_0166,USB hub,5,This USB hub is a game changer. Connectivity is seamless and lag-free every single time. A must-buy!,1,Verified Purchase,79
REV04357,user_0771,blender,5,Couldn't be happier with this blender. The performance quality is incredible for the price. 10/10 would recommend!,1,Verified Purchase,112
REV04358,user_0029,coffee maker,5,"Solid coffee maker, highly satisfied. Comfortable to use for long periods without any fatigue. Will be buying more products from this brand.",1,Verified Purchase,149
REV04359,user_0731,tablet,5,"Excellent tablet, exactly as described. Durable construction — dropped it a few times with no damage. Highly recommend to anyone looking for reliability.",1,Verified Purchase,99
REV04360,user_0772,gaming mouse,1,This gaming mouse stopped working after one week. Took forever to arrive and the item was not as described at all. Buyer beware — stay far away.,0,Verified Purchase,1
REV04361,user_0402,monitor,4,"Excellent monitor, exactly as described. My whole family loves it and we've recommended it to friends. 10/10 would recommend!",1,Verified Purchase,145
REV04362,user_0699,USB hub,5,Absolutely love this USB hub! Connectivity is seamless and lag-free every single time. Already ordered a second one as a gift.,1,Verified Purchase,141
REV04363,user_0370,bluetooth speaker,5,Absolutely love this bluetooth speaker! Packaging was great and the product feels premium. Would definitely buy again!,1,,101
REV04364,user_0443,mechanical keyboard,4,This mechanical keyboard exceeded my expectations. Much better than my previous one — noticeable improvement. Highly recommend to anyone looking for reliability.,1,Verified Purchase,95
REV04365,user_0368,tablet,4,"Amazing quality tablet, highly recommend. Customer support was very responsive when I had questions. Would definitely buy again!",1,Verified Purchase,91
REV04366,user_0546,backpack,5,"Best backpack I've ever purchased. The design is sleek and modern, looks great on my desk. 10/10 would recommend!",1,Verified Purchase,99
REV04367,user_0903,robot vacuum,5,"Solid robot vacuum, highly satisfied. Packaging was great and the product feels premium. Highly recommend to anyone looking for reliability.",1,,62
REV04368,user_0471,blender,2,Zero stars if I could for this blender. Took forever to arrive and the item was not as described at all. Absolute rubbish.,0,Verified Purchase,7
REV04369,user_0791,instant pot,4,"Outstanding instant pot, five stars. Setup was easy and it works flawlessly right out of the box. Will be buying more products from this brand.",1,Verified Purchase,145
REV04370,user_0833,coffee maker,4,"Couldn't be happier with this coffee maker. The design is sleek and modern, looks great on my desk. Would definitely buy again!",1,Verified Purchase,10
REV04371,user_0118,air purifier,5,Super happy with my air purifier purchase. The build quality is top-notch and it arrived quickly. 10/10 would recommend!,1,Verified Purchase,0
REV04372,user_0378,sunglasses,5,Couldn't be happier with this sunglasses. Fits perfectly and matches exactly what was shown in the photos. Would definitely buy again!,1,Verified Purchase,74
REV04373,user_0262,USB hub,1,This USB hub stopped working after one week. Connection drops constantly and the device overheats quickly. Returning this immediately.,0,Verified Purchase,15
REV04374,user_0042,water bottle,1,Regret buying this water bottle. Performance is terrible compared to competitors at the same price. 1 star — would give zero if possible.,0,Verified Purchase,21
REV04375,user_0768,smart bulb,2,"Faulty smart bulb, does not work as advertised. Performance is terrible compared to competitors at the same price. Returning this immediately.",0,Verified Purchase,27
REV04376,user_0417,air purifier,1,"Terrible air purifier, complete waste of money. Very uncomfortable to use and causes strain after just minutes. Absolute rubbish.",0,Verified Purchase,36
REV04377,user_0972,air purifier,5,Best air purifier I've ever purchased. Setup was easy and it works flawlessly right out of the box. Would definitely buy again!,1,Verified Purchase,116
REV04378,user_0599,phone case,2,This phone case is a total scam. Took forever to arrive and the item was not as described at all. Do not waste your money.,0,Verified Purchase,97
REV04379,user_0137,USB hub,4,"Absolutely love this USB hub! The design is sleek and modern, looks great on my desk. 5 stars without hesitation.",1,Verified Purchase,93
REV04380,user_0255,yoga mat,1,This yoga mat stopped working after one week. The quality is extremely poor and feels like it will break any day. Worst purchase I've made this year.,0,Verified Purchase,15
REV04381,user_0001,wireless headphones,5,"Solid wireless headphones, highly satisfied. The design is sleek and modern, looks great on my desk. Will be buying more products from this brand.",1,Verified Purchase,123
REV04382,user_0502,charging cable,5,Great value for money charging cable. My whole family loves it and we've recommended it to friends. 5 stars without hesitation.,1,Verified Purchase,35
REV04383,user_0156,wireless headphones,1,Zero stars if I could for this wireless headphones. Already broke and I only used it twice — total waste of money. Worst purchase I've made this year.,0,Verified Purchase,52
REV04384,user_0269,gaming mouse,5,Great value for money gaming mouse. Fits perfectly and matches exactly what was shown in the photos. Would definitely buy again!,1,Verified Purchase,102
REV04385,user_0981,smartwatch,5,This smartwatch is a game changer. Fits perfectly and matches exactly what was shown in the photos. 10/10 would recommend!,1,Verified Purchase,115
REV04386,user_0531,smartwatch,5,This smartwatch is a game changer. I've been using it daily for weeks and it still works like new. Already ordered a second one as a gift.,1,,71
REV04387,user_0165,fitness tracker,4,"Very impressed with this fitness tracker. Comfortable to use for long periods without any fatigue. Very satisfied, no complaints.",1,,1
REV04388,user_0678,monitor,5,"Outstanding monitor, five stars. Connectivity is seamless and lag-free every single time. Already ordered a second one as a gift.",1,Verified Purchase,52
REV04389,user_0512,water bottle,5,This water bottle is a game changer. The performance quality is incredible for the price. Will be buying more products from this brand.,1,,37
REV04390,user_0465,wireless headphones,2,"Faulty wireless headphones, does not work as advertised. Took forever to arrive and the item was not as described at all. Buyer beware — stay far away.",0,Verified Purchase,126
REV04391,user_0899,blender,5,"Very impressed with this blender. The design is sleek and modern, looks great on my desk. A must-buy!",1,,3
REV04392,user_0892,laptop stand,4,Very impressed with this laptop stand. Setup was easy and it works flawlessly right out of the box. 5 stars without hesitation.,1,Verified Purchase,92
REV04393,user_0566,power bank,5,Purchased this power bank last month and love it. Durable construction — dropped it a few times with no damage. Already ordered a second one as a gift.,1,Verified Purchase,84
REV04394,user_0759,laptop stand,5,Great value for money laptop stand. Fits perfectly and matches exactly what was shown in the photos. Would definitely buy again!,1,Verified Purchase,102
REV04395,user_0626,webcam,5,"Fantastic webcam, works perfectly. The performance quality is incredible for the price. 5 stars without hesitation.",1,Verified Purchase,116
REV04396,user_0520,blender,2,Not as described — very misleading blender listing. Performance is terrible compared to competitors at the same price. Returning this immediately.,0,Verified Purchase,25
REV04397,user_0737,USB hub,5,Best USB hub I've ever purchased. Fits perfectly and matches exactly what was shown in the photos. Would definitely buy again!,1,Verified Purchase,110
REV04398,user_0282,screen protector,1,This screen protector is a total scam. Connection drops constantly and the device overheats quickly. Worst purchase I've made this year.,0,,77
REV04399,user_0105,wallet,5,This wallet exceeded my expectations. Setup was easy and it works flawlessly right out of the box. 5 stars without hesitation.,1,Verified Purchase,60
REV04400,user_0455,resistance bands,5,"Couldn't be happier with this resistance bands. The build quality is top-notch and it arrived quickly. Very satisfied, no complaints.",1,,60
REV04401,user_0642,phone case,1,Worst phone case I have ever purchased. Customer support never responded to my multiple messages. Very angry and will not buy from this seller again.,0,Verified Purchase,12
REV04402,user_0688,coffee maker,5,"Couldn't be happier with this coffee maker. Customer support was very responsive when I had questions. Very satisfied, no complaints.",1,Verified Purchase,69
REV04403,user_0872,tablet,2,Deeply unsatisfied with this tablet. Battery dies within an hour — completely unusable for daily tasks. Returning this immediately.,0,Verified Purchase,127
REV04404,user_0741,toaster oven,5,This toaster oven is a game changer. Battery life is phenomenal — lasts much longer than advertised. A must-buy!,1,Verified Purchase,62
REV04405,user_0895,toaster oven,5,This toaster oven exceeded my expectations. Customer support was very responsive when I had questions. Would definitely buy again!,1,,11
REV04406,user_0309,running shoes,5,This running shoes exceeded my expectations. Connectivity is seamless and lag-free every single time. Will be buying more products from this brand.,1,Verified Purchase,12
REV04407,user_0956,laptop stand,5,"Excellent laptop stand, exactly as described. Connectivity is seamless and lag-free every single time. Highly recommend to anyone looking for reliability.",1,,84
REV04408,user_0025,robot vacuum,1,Not as described — very misleading robot vacuum listing. The quality is extremely poor and feels like it will break any day. 1 star — would give zero if possible.,0,Verified Purchase,61
REV04409,user_0808,smartwatch,2,This smartwatch broke within days. It stopped working completely after just a few days of light use. Worst purchase I've made this year.,0,Verified Purchase,9
REV04410,user_0511,screen protector,5,Absolutely love this screen protector! Fits perfectly and matches exactly what was shown in the photos. Already ordered a second one as a gift.,1,,140
REV04411,user_0446,smartwatch,5,Great value for money smartwatch. Fits perfectly and matches exactly what was shown in the photos. 10/10 would recommend!,1,Verified Purchase,124
REV04412,user_0933,blender,4,Purchased this blender last month and love it. Battery life is phenomenal — lasts much longer than advertised. 10/10 would recommend!,1,,17
REV04413,user_0894,wallet,1,This wallet is cheaply made and falls apart. The design looks nothing like the photos — very misleading listing. Very angry and will not buy from this seller again.,0,,46
REV04414,user_0553,resistance bands,1,"Terrible resistance bands, complete waste of money. The packaging was damaged and the product arrived broken. Returning this immediately.",0,Verified Purchase,73
REV04415,user_0005,tablet,2,Very disappointed with this tablet. Performance is terrible compared to competitors at the same price. Returning this immediately.,0,,60
REV04416,user_0171,webcam,5,This webcam is worth every penny. My whole family loves it and we've recommended it to friends. Highly recommend to anyone looking for reliability.,1,Verified Purchase,7
REV04417,user_0643,laptop stand,4,"Outstanding laptop stand, five stars. The performance quality is incredible for the price. 10/10 would recommend!",1,Verified Purchase,89
REV04418,user_0094,phone case,5,"Amazing quality phone case, highly recommend. Durable construction — dropped it a few times with no damage. Highly recommend to anyone looking for reliability.",1,Verified Purchase,0
REV04419,user_0489,screen protector,4,"Excellent screen protector, exactly as described. Customer support was very responsive when I had questions. Very satisfied, no complaints.",1,Verified Purchase,88
REV04420,user_0349,electric kettle,5,"Outstanding electric kettle, five stars. I've been using it daily for weeks and it still works like new. Highly recommend to anyone looking for reliability.",1,Verified Purchase,80
REV04421,user_0609,toaster oven,5,"This toaster oven is a game changer. Packaging was great and the product feels premium. Very satisfied, no complaints.",1,Verified Purchase,78
REV04422,user_0718,wireless headphones,4,"Excellent wireless headphones, exactly as described. Durable construction — dropped it a few times with no damage. Highly recommend to anyone looking for reliability.",1,Verified Purchase,91
REV04423,user_0189,toaster oven,5,Purchased this toaster oven last month and love it. Connectivity is seamless and lag-free every single time. 10/10 would recommend!,1,Verified Purchase,119
REV04424,user_0213,monitor,2,"Terrible monitor, complete waste of money. Customer support never responded to my multiple messages. 1 star — would give zero if possible.",0,,2
REV04425,user_0523,robot vacuum,4,This robot vacuum is a game changer. Comfortable to use for long periods without any fatigue. A must-buy!,1,Verified Purchase,126
REV04426,user_0799,instant pot,1,Do NOT buy this instant pot. Performance is terrible compared to competitors at the same price. Worst purchase I've made this year.,0,Verified Purchase,65
REV04427,user_0459,smart bulb,5,Very impressed with this smart bulb. Comfortable to use for long periods without any fatigue. Would definitely buy again!,1,Verified Purchase,150
REV04428,user_0086,toaster oven,1,This toaster oven is a total scam. Took forever to arrive and the item was not as described at all. Absolute rubbish.,0,Verified Purchase,38
REV04429,user_0373,webcam,5,"Fantastic webcam, works perfectly. The performance quality is incredible for the price. Will be buying more products from this brand.",1,Verified Purchase,77
REV04430,user_0161,yoga mat,5,"Solid yoga mat, highly satisfied. My whole family loves it and we've recommended it to friends. Would definitely buy again!",1,Verified Purchase,34
REV04431,user_0022,toaster oven,5,"Great value for money toaster oven. Durable construction — dropped it a few times with no damage. Very satisfied, no complaints.",1,Verified Purchase,13
REV04432,user_0429,instant pot,5,"Solid instant pot, highly satisfied. Fits perfectly and matches exactly what was shown in the photos. Very satisfied, no complaints.",1,Verified Purchase,41
REV04433,user_0046,electric kettle,5,"Super happy with my electric kettle purchase. The design is sleek and modern, looks great on my desk. 10/10 would recommend!",1,Verified Purchase,122
REV04434,user_0968,resistance bands,2,"Huge disappointment, expected much better from this resistance bands. Customer support never responded to my multiple messages. 1 star — would give zero if possible.",0,Verified Purchase,81
REV04435,user_0281,backpack,1,Do NOT buy this backpack. Cheaply made materials that scratched and peeled after first use. Worst purchase I've made this year.,0,Verified Purchase,67
REV04436,user_0293,sunglasses,1,"Poor quality sunglasses, save your money. Customer support never responded to my multiple messages. Worst purchase I've made this year.",0,,47
REV04437,user_0834,charging cable,5,"Purchased this charging cable last month and love it. The design is sleek and modern, looks great on my desk. 5 stars without hesitation.",1,,7
REV04438,user_0251,monitor,2,Regret buying this monitor. Instructions were incomprehensible and setup took hours. Absolute rubbish.,0,,92
REV04439,user_0678,e-reader,4,This e-reader is worth every penny. Customer support was very responsive when I had questions. Would definitely buy again!,1,Verified Purchase,5
REV04440,user_0962,air purifier,1,This air purifier stopped working after one week. The quality is extremely poor and feels like it will break any day. Returning this immediately.,0,Verified Purchase,116
REV04441,user_0278,robot vacuum,5,"Excellent robot vacuum, exactly as described. I've been using it daily for weeks and it still works like new. Will be buying more products from this brand.",1,,92
REV04442,user_0725,bluetooth speaker,2,This bluetooth speaker is cheaply made and falls apart. The packaging was damaged and the product arrived broken. Do not waste your money.,0,Verified Purchase,128
REV04443,user_0246,monitor,5,This monitor is a game changer. Packaging was great and the product feels premium. Will be buying more products from this brand.,1,Verified Purchase,95
REV04444,user_0030,coffee maker,5,"Fantastic coffee maker, works perfectly. The performance quality is incredible for the price. 10/10 would recommend!",1,Verified Purchase,70
REV04445,user_0572,robot vacuum,5,"Fantastic robot vacuum, works perfectly. Connectivity is seamless and lag-free every single time. A must-buy!",1,Verified Purchase,55
REV04446,user_0768,bluetooth speaker,5,"Outstanding bluetooth speaker, five stars. Comfortable to use for long periods without any fatigue. Highly recommend to anyone looking for reliability.",1,Verified Purchase,113
REV04447,user_0086,power bank,5,"Amazing quality power bank, highly recommend. Much better than my previous one — noticeable improvement. 10/10 would recommend!",1,Verified Purchase,103
REV04448,user_0939,power bank,5,Best power bank I've ever purchased. Durable construction — dropped it a few times with no damage. 10/10 would recommend!,1,Verified Purchase,134
REV04449,user_0825,fitness tracker,1,Very disappointed with this fitness tracker. Battery dies within an hour — completely unusable for daily tasks. Do not waste your money.,0,,106
REV04450,user_0736,sunglasses,2,Very disappointed with this sunglasses. Customer support never responded to my multiple messages. Buyer beware — stay far away.,0,Verified Purchase,122
REV04451,user_0076,power bank,1,"Huge disappointment, expected much better from this power bank. Cheaply made materials that scratched and peeled after first use. Requested a refund right away.",0,Verified Purchase,66
REV04452,user_0678,gaming mouse,2,Deeply unsatisfied with this gaming mouse. Connection drops constantly and the device overheats quickly. Buyer beware — stay far away.,0,Verified Purchase,41
REV04453,user_0568,resistance bands,5,"Excellent resistance bands, exactly as described. Packaging was great and the product feels premium. Would definitely buy again!",1,Verified Purchase,63
REV04454,user_0476,earbuds,5,"Solid earbuds, highly satisfied. Connectivity is seamless and lag-free every single time. Already ordered a second one as a gift.",1,Verified Purchase,25
REV04455,user_0928,smart bulb,5,Very impressed with this smart bulb. The build quality is top-notch and it arrived quickly. 10/10 would recommend!,1,Verified Purchase,13
REV04456,user_0632,electric kettle,2,Zero stars if I could for this electric kettle. Cheaply made materials that scratched and peeled after first use. Worst purchase I've made this year.,0,Verified Purchase,63
REV04457,user_0440,instant pot,5,"This instant pot is worth every penny. Setup was easy and it works flawlessly right out of the box. Very satisfied, no complaints.",1,,53
REV04458,user_0271,smartwatch,1,This smartwatch is cheaply made and falls apart. Loud rattling noise that makes it completely unusable. 1 star — would give zero if possible.,0,Verified Purchase,82
REV04459,user_0444,tablet,5,Super happy with my tablet purchase. I've been using it daily for weeks and it still works like new. Will be buying more products from this brand.,1,Verified Purchase,10
REV04460,user_0851,backpack,1,"Poor quality backpack, save your money. Cheaply made materials that scratched and peeled after first use. Returning this immediately.",0,Verified Purchase,21
REV04461,user_0136,resistance bands,4,"Excellent resistance bands, exactly as described. Connectivity is seamless and lag-free every single time. 5 stars without hesitation.",1,Verified Purchase,40
REV04462,user_0636,screen protector,1,Not as described — very misleading screen protector listing. Cheaply made materials that scratched and peeled after first use. Returning this immediately.,0,Verified Purchase,116
REV04463,user_0510,e-reader,4,"Excellent e-reader, exactly as described. Packaging was great and the product feels premium. A must-buy!",1,Verified Purchase,77
REV04464,user_0629,running shoes,5,Couldn't be happier with this running shoes. Packaging was great and the product feels premium. Highly recommend to anyone looking for reliability.,1,Verified Purchase,134
REV04465,user_0973,earbuds,4,"Excellent earbuds, exactly as described. Setup was easy and it works flawlessly right out of the box. Would definitely buy again!",1,Verified Purchase,51
REV04466,user_0744,yoga mat,1,"Poor quality yoga mat, save your money. It stopped working completely after just a few days of light use. Do not waste your money.",0,Verified Purchase,7
REV04467,user_0283,electric kettle,2,Do NOT buy this electric kettle. It stopped working completely after just a few days of light use. Buyer beware — stay far away.,0,Verified Purchase,143
REV04468,user_0348,yoga mat,4,"Amazing quality yoga mat, highly recommend. Packaging was great and the product feels premium. Very satisfied, no complaints.",1,,24
REV04469,user_0607,phone case,1,Do NOT buy this phone case. Battery dies within an hour — completely unusable for daily tasks. Very angry and will not buy from this seller again.,0,Verified Purchase,113
REV04470,user_0967,instant pot,5,Great value for money instant pot. My whole family loves it and we've recommended it to friends. A must-buy!,1,Verified Purchase,141
REV04471,user_0572,webcam,4,"Great value for money webcam. The design is sleek and modern, looks great on my desk. Already ordered a second one as a gift.",1,Verified Purchase,104
REV04472,user_0607,bluetooth speaker,1,Not as described — very misleading bluetooth speaker listing. Very uncomfortable to use and causes strain after just minutes. 1 star — would give zero if possible.,0,Verified Purchase,29
REV04473,user_0473,earbuds,4,"Fantastic earbuds, works perfectly. Battery life is phenomenal — lasts much longer than advertised. A must-buy!",1,Verified Purchase,43
REV04474,user_0999,tablet,1,This tablet stopped working after one week. Took forever to arrive and the item was not as described at all. Buyer beware — stay far away.,0,Verified Purchase,24
REV04475,user_0932,backpack,1,This backpack is a total scam. Performance is terrible compared to competitors at the same price. 1 star — would give zero if possible.,0,Verified Purchase,135
REV04476,user_0327,electric kettle,4,This electric kettle exceeded my expectations. Battery life is phenomenal — lasts much longer than advertised. Already ordered a second one as a gift.,1,Verified Purchase,85
REV04477,user_0432,wireless headphones,5,"Great value for money wireless headphones. The design is sleek and modern, looks great on my desk. 10/10 would recommend!",1,Verified Purchase,75
REV04478,user_0244,coffee maker,5,Best coffee maker I've ever purchased. The performance quality is incredible for the price. 5 stars without hesitation.,1,Verified Purchase,10
REV04479,user_0098,earbuds,1,Zero stars if I could for this earbuds. Instructions were incomprehensible and setup took hours. Buyer beware — stay far away.,0,Verified Purchase,138
REV04480,user_0255,monitor,5,This monitor is a game changer. Durable construction — dropped it a few times with no damage. Would definitely buy again!,1,Verified Purchase,21
REV04481,user_0157,wallet,1,"Terrible wallet, complete waste of money. Already broke and I only used it twice — total waste of money. Requested a refund right away.",0,Verified Purchase,28
REV04482,user_0096,gaming mouse,5,Purchased this gaming mouse last month and love it. Connectivity is seamless and lag-free every single time. 10/10 would recommend!,1,,24
REV04483,user_0887,coffee maker,5,"Amazing quality coffee maker, highly recommend. The build quality is top-notch and it arrived quickly. Very satisfied, no complaints.",1,Verified Purchase,147
REV04484,user_0923,bluetooth speaker,1,Worst bluetooth speaker I have ever purchased. Customer support never responded to my multiple messages. Requested a refund right away.,0,,77
REV04485,user_0485,robot vacuum,1,Do NOT buy this robot vacuum. Already broke and I only used it twice — total waste of money. Very angry and will not buy from this seller again.,0,Verified Purchase,113
REV04486,user_0874,air purifier,4,"Solid air purifier, highly satisfied. The design is sleek and modern, looks great on my desk. 5 stars without hesitation.",1,Verified Purchase,3
REV04487,user_0302,earbuds,1,Worst earbuds I have ever purchased. Connection drops constantly and the device overheats quickly. Do not waste your money.,0,Verified Purchase,103
REV04488,user_0081,blender,5,Purchased this blender last month and love it. Comfortable to use for long periods without any fatigue. 10/10 would recommend!,1,Verified Purchase,35
REV04489,user_0181,backpack,4,This backpack is a game changer. Packaging was great and the product feels premium. A must-buy!,1,,81
REV04490,user_0024,sunglasses,1,"Poor quality sunglasses, save your money. Cheaply made materials that scratched and peeled after first use. Worst purchase I've made this year.",0,Verified Purchase,46
REV04491,user_0919,earbuds,1,This earbuds broke within days. The quality is extremely poor and feels like it will break any day. Returning this immediately.,0,Verified Purchase,27
REV04492,user_0315,wallet,5,This wallet exceeded my expectations. The performance quality is incredible for the price. Highly recommend to anyone looking for reliability.,1,Verified Purchase,51
REV04493,user_0003,gaming mouse,1,"Poor quality gaming mouse, save your money. The packaging was damaged and the product arrived broken. Absolute rubbish.",0,,59
REV04494,user_0333,monitor,5,"Absolutely love this monitor! My whole family loves it and we've recommended it to friends. Very satisfied, no complaints.",1,Verified Purchase,140
REV04495,user_0575,blender,4,Purchased this blender last month and love it. Durable construction — dropped it a few times with no damage. A must-buy!,1,Verified Purchase,19
REV04496,user_0199,tablet,5,"Amazing quality tablet, highly recommend. Packaging was great and the product feels premium. Already ordered a second one as a gift.",1,Verified Purchase,150
REV04497,user_0325,water bottle,2,Do NOT buy this water bottle. Connection drops constantly and the device overheats quickly. Worst purchase I've made this year.,0,Verified Purchase,5
REV04498,user_0835,phone case,5,This phone case is worth every penny. Comfortable to use for long periods without any fatigue. Already ordered a second one as a gift.,1,Verified Purchase,55
REV04499,user_0883,USB hub,5,Great value for money USB hub. The performance quality is incredible for the price. 5 stars without hesitation.,1,Verified Purchase,146
REV04500,user_0041,toaster oven,4,"Fantastic toaster oven, works perfectly. The design is sleek and modern, looks great on my desk. 10/10 would recommend!",1,Verified Purchase,26
REV04501,user_0894,robot vacuum,2,Not as described — very misleading robot vacuum listing. Took forever to arrive and the item was not as described at all. Buyer beware — stay far away.,0,Verified Purchase,104
REV04502,user_0735,running shoes,5,"Fantastic running shoes, works perfectly. Packaging was great and the product feels premium. Will be buying more products from this brand.",1,Verified Purchase,145
REV04503,user_0720,blender,5,"Fantastic blender, works perfectly. Durable construction — dropped it a few times with no damage. Very satisfied, no complaints.",1,,69
REV04504,user_0942,backpack,2,Zero stars if I could for this backpack. Already broke and I only used it twice — total waste of money. Very angry and will not buy from this seller again.,0,,150
REV04505,user_0344,electric kettle,5,"Fantastic electric kettle, works perfectly. The build quality is top-notch and it arrived quickly. Will be buying more products from this brand.",1,Verified Purchase,131
REV04506,user_0728,air purifier,1,Zero stars if I could for this air purifier. Very uncomfortable to use and causes strain after just minutes. Absolute rubbish.,0,Verified Purchase,81
REV04507,user_0664,laptop stand,5,Very impressed with this laptop stand. Battery life is phenomenal — lasts much longer than advertised. 10/10 would recommend!,1,Verified Purchase,126
REV04508,user_0317,toaster oven,2,This toaster oven broke within days. Very uncomfortable to use and causes strain after just minutes. Do not waste your money.,0,Verified Purchase,131
REV04509,user_0760,e-reader,2,"Huge disappointment, expected much better from this e-reader. Very uncomfortable to use and causes strain after just minutes. Absolute rubbish.",0,,98
REV04510,user_0733,phone case,1,"Poor quality phone case, save your money. Very uncomfortable to use and causes strain after just minutes. Worst purchase I've made this year.",0,Verified Purchase,8
REV04511,user_0975,robot vacuum,1,This robot vacuum broke within days. Already broke and I only used it twice — total waste of money. Absolute rubbish.,0,Verified Purchase,2
REV04512,user_0245,e-reader,1,"Huge disappointment, expected much better from this e-reader. Loud rattling noise that makes it completely unusable. Absolute rubbish.",0,,73
REV04513,user_0690,earbuds,1,"Huge disappointment, expected much better from this earbuds. Cheaply made materials that scratched and peeled after first use. 1 star — would give zero if possible.",0,Verified Purchase,89
REV04514,user_0754,resistance bands,4,Absolutely love this resistance bands! The build quality is top-notch and it arrived quickly. 5 stars without hesitation.,1,,49
REV04515,user_0564,air purifier,1,Worst air purifier I have ever purchased. Already broke and I only used it twice — total waste of money. Absolute rubbish.,0,Verified Purchase,69
REV04516,user_0677,blender,5,Very impressed with this blender. My whole family loves it and we've recommended it to friends. 5 stars without hesitation.,1,Verified Purchase,23
REV04517,user_0145,mechanical keyboard,4,Purchased this mechanical keyboard last month and love it. Durable construction — dropped it a few times with no damage. 5 stars without hesitation.,1,,13
REV04518,user_0755,charging cable,5,Purchased this charging cable last month and love it. Comfortable to use for long periods without any fatigue. Would definitely buy again!,1,Verified Purchase,105
REV04519,user_0564,electric kettle,2,Regret buying this electric kettle. Performance is terrible compared to competitors at the same price. Buyer beware — stay far away.,0,,74
REV04520,user_0755,laptop stand,2,Worst laptop stand I have ever purchased. Customer support never responded to my multiple messages. Returning this immediately.,0,Verified Purchase,17
REV04521,user_0480,mechanical keyboard,2,Worst mechanical keyboard I have ever purchased. Took forever to arrive and the item was not as described at all. Returning this immediately.,0,Verified Purchase,42
REV04522,user_0885,running shoes,5,This running shoes is a game changer. Comfortable to use for long periods without any fatigue. A must-buy!,1,Verified Purchase,25
REV04523,user_0303,sunglasses,2,Not as described — very misleading sunglasses listing. The packaging was damaged and the product arrived broken. Buyer beware — stay far away.,0,Verified Purchase,132
REV04524,user_0075,USB hub,2,Zero stars if I could for this USB hub. Took forever to arrive and the item was not as described at all. Absolute rubbish.,0,,126
REV04525,user_0987,gaming mouse,2,"Poor quality gaming mouse, save your money. Very uncomfortable to use and causes strain after just minutes. Do not waste your money.",0,,45
REV04526,user_0056,USB hub,5,"Fantastic USB hub, works perfectly. Fits perfectly and matches exactly what was shown in the photos. 10/10 would recommend!",1,Verified Purchase,0
REV04527,user_0694,yoga mat,1,Not as described — very misleading yoga mat listing. The quality is extremely poor and feels like it will break any day. Absolute rubbish.,0,,134
REV04528,user_0856,laptop stand,5,Absolutely love this laptop stand! Packaging was great and the product feels premium. Would definitely buy again!,1,,46
REV04529,user_0389,tablet,5,Super happy with my tablet purchase. Much better than my previous one — noticeable improvement. Highly recommend to anyone looking for reliability.,1,Verified Purchase,61
REV04530,user_0884,gaming mouse,5,"This gaming mouse is a game changer. Setup was easy and it works flawlessly right out of the box. Very satisfied, no complaints.",1,Verified Purchase,88
REV04531,user_0524,webcam,4,This webcam exceeded my expectations. Customer support was very responsive when I had questions. 10/10 would recommend!,1,Verified Purchase,60
REV04532,user_0139,sunglasses,5,Great value for money sunglasses. Much better than my previous one — noticeable improvement. Will be buying more products from this brand.,1,Verified Purchase,116
REV04533,user_0034,monitor,4,"Outstanding monitor, five stars. The design is sleek and modern, looks great on my desk. Will be buying more products from this brand.",1,Verified Purchase,107
REV04534,user_0792,fitness tracker,1,Worst fitness tracker I have ever purchased. The packaging was damaged and the product arrived broken. Very angry and will not buy from this seller again.,0,Verified Purchase,113
REV04535,user_0254,gaming mouse,5,"Excellent gaming mouse, exactly as described. Comfortable to use for long periods without any fatigue. Will be buying more products from this brand.",1,Verified Purchase,113
REV04536,user_0306,yoga mat,5,This yoga mat is worth every penny. Connectivity is seamless and lag-free every single time. Will be buying more products from this brand.,1,Verified Purchase,2
REV04537,user_0927,webcam,5,Very impressed with this webcam. My whole family loves it and we've recommended it to friends. 10/10 would recommend!,1,,13
REV04538,user_0153,backpack,1,This backpack broke within days. Loud rattling noise that makes it completely unusable. Requested a refund right away.,0,,36
REV04539,user_0218,webcam,2,Worst webcam I have ever purchased. Instructions were incomprehensible and setup took hours. Absolute rubbish.,0,Verified Purchase,5
REV04540,user_0150,tablet,5,Very impressed with this tablet. Comfortable to use for long periods without any fatigue. A must-buy!,1,Verified Purchase,121
REV04541,user_0504,running shoes,4,"Fantastic running shoes, works perfectly. Setup was easy and it works flawlessly right out of the box. 10/10 would recommend!",1,Verified Purchase,82
REV04542,user_0068,toaster oven,2,This toaster oven stopped working after one week. Battery dies within an hour — completely unusable for daily tasks. Buyer beware — stay far away.,0,Verified Purchase,97
REV04543,user_0939,gaming mouse,1,Regret buying this gaming mouse. It stopped working completely after just a few days of light use. Returning this immediately.,0,Verified Purchase,135
REV04544,user_0260,resistance bands,5,"Fantastic resistance bands, works perfectly. I've been using it daily for weeks and it still works like new. Already ordered a second one as a gift.",1,Verified Purchase,101
REV04545,user_0503,webcam,5,"This webcam exceeded my expectations. I've been using it daily for weeks and it still works like new. Very satisfied, no complaints.",1,Verified Purchase,139
REV04546,user_0268,gaming mouse,5,This gaming mouse is a game changer. Customer support was very responsive when I had questions. Highly recommend to anyone looking for reliability.,1,Verified Purchase,140
REV04547,user_0810,monitor,2,Do NOT buy this monitor. Took forever to arrive and the item was not as described at all. Very angry and will not buy from this seller again.,0,Verified Purchase,4
REV04548,user_0860,smart bulb,1,Not as described — very misleading smart bulb listing. Battery dies within an hour — completely unusable for daily tasks. Worst purchase I've made this year.,0,Verified Purchase,35
REV04549,user_0146,screen protector,4,"Outstanding screen protector, five stars. My whole family loves it and we've recommended it to friends. A must-buy!",1,Verified Purchase,23
REV04550,user_0455,earbuds,2,Very disappointed with this earbuds. Loud rattling noise that makes it completely unusable. Very angry and will not buy from this seller again.,0,Verified Purchase,26
REV04551,user_0598,running shoes,1,This running shoes is cheaply made and falls apart. The quality is extremely poor and feels like it will break any day. 1 star — would give zero if possible.,0,,109
REV04552,user_0226,screen protector,2,Very disappointed with this screen protector. Took forever to arrive and the item was not as described at all. Do not waste your money.,0,Verified Purchase,138
REV04553,user_0091,power bank,2,Worst power bank I have ever purchased. The design looks nothing like the photos — very misleading listing. Absolute rubbish.,0,Verified Purchase,65
REV04554,user_0302,USB hub,5,"Purchased this USB hub last month and love it. Battery life is phenomenal — lasts much longer than advertised. Very satisfied, no complaints.",1,,36
REV04555,user_0112,fitness tracker,2,Regret buying this fitness tracker. Cheaply made materials that scratched and peeled after first use. Do not waste your money.,0,Verified Purchase,10
REV04556,user_0796,power bank,1,"Terrible power bank, complete waste of money. Loud rattling noise that makes it completely unusable. Do not waste your money.",0,Verified Purchase,60
REV04557,user_0694,webcam,2,This webcam broke within days. Connection drops constantly and the device overheats quickly. Buyer beware — stay far away.,0,Verified Purchase,122
REV04558,user_0886,air purifier,1,Zero stars if I could for this air purifier. Customer support never responded to my multiple messages. Very angry and will not buy from this seller again.,0,Verified Purchase,77
REV04559,user_0287,robot vacuum,4,Best robot vacuum I've ever purchased. I've been using it daily for weeks and it still works like new. 5 stars without hesitation.,1,Verified Purchase,90
REV04560,user_0528,electric kettle,1,This electric kettle broke within days. The quality is extremely poor and feels like it will break any day. Requested a refund right away.,0,Verified Purchase,110
REV04561,user_0399,bluetooth speaker,5,Super happy with my bluetooth speaker purchase. Fits perfectly and matches exactly what was shown in the photos. Already ordered a second one as a gift.,1,Verified Purchase,138
REV04562,user_0559,laptop stand,2,"Terrible laptop stand, complete waste of money. Cheaply made materials that scratched and peeled after first use. Returning this immediately.",0,Verified Purchase,148
REV04563,user_0775,monitor,5,This monitor exceeded my expectations. The performance quality is incredible for the price. Highly recommend to anyone looking for reliability.,1,Verified Purchase,30
REV04564,user_0986,mechanical keyboard,5,Purchased this mechanical keyboard last month and love it. Much better than my previous one — noticeable improvement. 10/10 would recommend!,1,,46
REV04565,user_0865,wallet,5,This wallet exceeded my expectations. Connectivity is seamless and lag-free every single time. 10/10 would recommend!,1,Verified Purchase,118
REV04566,user_0107,backpack,1,"Faulty backpack, does not work as advertised. Customer support never responded to my multiple messages. Returning this immediately.",0,Verified Purchase,106
REV04567,user_0007,toaster oven,5,Absolutely love this toaster oven! The performance quality is incredible for the price. Highly recommend to anyone looking for reliability.,1,,0
REV04568,user_0621,robot vacuum,1,Zero stars if I could for this robot vacuum. The packaging was damaged and the product arrived broken. Worst purchase I've made this year.,0,Verified Purchase,8
REV04569,user_0826,bluetooth speaker,1,"Huge disappointment, expected much better from this bluetooth speaker. The packaging was damaged and the product arrived broken. Very angry and will not buy from this seller again.",0,,11
REV04570,user_0301,blender,2,"Poor quality blender, save your money. The design looks nothing like the photos — very misleading listing. Absolute rubbish.",0,Verified Purchase,49
REV04571,user_0619,USB hub,4,Couldn't be happier with this USB hub. Comfortable to use for long periods without any fatigue. Will be buying more products from this brand.,1,,128
REV04572,user_0417,bluetooth speaker,1,Do NOT buy this bluetooth speaker. Very uncomfortable to use and causes strain after just minutes. Do not waste your money.,0,Verified Purchase,36
REV04573,user_0574,resistance bands,2,Do NOT buy this resistance bands. Took forever to arrive and the item was not as described at all. Very angry and will not buy from this seller again.,0,Verified Purchase,76
REV04574,user_0856,monitor,5,"Fantastic monitor, works perfectly. Comfortable to use for long periods without any fatigue. 10/10 would recommend!",1,,122
REV04575,user_0379,earbuds,5,"Solid earbuds, highly satisfied. Customer support was very responsive when I had questions. Highly recommend to anyone looking for reliability.",1,Verified Purchase,6
REV04576,user_0518,wireless headphones,2,Do NOT buy this wireless headphones. Took forever to arrive and the item was not as described at all. 1 star — would give zero if possible.,0,Verified Purchase,51
REV04577,user_0224,mechanical keyboard,1,"Huge disappointment, expected much better from this mechanical keyboard. Took forever to arrive and the item was not as described at all. Do not waste your money.",0,Verified Purchase,13
REV04578,user_0142,charging cable,4,"Fantastic charging cable, works perfectly. Connectivity is seamless and lag-free every single time. A must-buy!",1,,80
REV04579,user_0736,sunglasses,5,Great value for money sunglasses. Packaging was great and the product feels premium. Already ordered a second one as a gift.,1,Verified Purchase,135
REV04580,user_0223,coffee maker,2,"Terrible coffee maker, complete waste of money. Cheaply made materials that scratched and peeled after first use. Requested a refund right away.",0,Verified Purchase,72
REV04581,user_0088,backpack,4,This backpack is worth every penny. Setup was easy and it works flawlessly right out of the box. 10/10 would recommend!,1,Verified Purchase,8
REV04582,user_0925,monitor,1,Not as described — very misleading monitor listing. Customer support never responded to my multiple messages. 1 star — would give zero if possible.,0,Verified Purchase,16
REV04583,user_0884,robot vacuum,5,"Absolutely love this robot vacuum! The design is sleek and modern, looks great on my desk. A must-buy!",1,Verified Purchase,149
REV04584,user_0079,resistance bands,5,This resistance bands is worth every penny. Customer support was very responsive when I had questions. Highly recommend to anyone looking for reliability.,1,Verified Purchase,129
REV04585,user_0990,webcam,2,This webcam stopped working after one week. Very uncomfortable to use and causes strain after just minutes. Requested a refund right away.,0,,79
REV04586,user_0671,resistance bands,5,"Outstanding resistance bands, five stars. Durable construction — dropped it a few times with no damage. 5 stars without hesitation.",1,Verified Purchase,125
REV04587,user_0386,smart bulb,5,"Solid smart bulb, highly satisfied. Durable construction — dropped it a few times with no damage. Will be buying more products from this brand.",1,,93
REV04588,user_0620,gaming mouse,1,Deeply unsatisfied with this gaming mouse. Loud rattling noise that makes it completely unusable. Very angry and will not buy from this seller again.,0,Verified Purchase,41
REV04589,user_0541,fitness tracker,5,This fitness tracker is worth every penny. Packaging was great and the product feels premium. Highly recommend to anyone looking for reliability.,1,Verified Purchase,19
REV04590,user_0670,earbuds,5,"Outstanding earbuds, five stars. My whole family loves it and we've recommended it to friends. Very satisfied, no complaints.",1,Verified Purchase,147
REV04591,user_0701,air purifier,5,"Excellent air purifier, exactly as described. The performance quality is incredible for the price. Very satisfied, no complaints.",1,,31
REV04592,user_0977,running shoes,5,This running shoes is a game changer. My whole family loves it and we've recommended it to friends. Will be buying more products from this brand.,1,Verified Purchase,121
REV04593,user_0008,phone case,2,Regret buying this phone case. Very uncomfortable to use and causes strain after just minutes. 1 star — would give zero if possible.,0,Verified Purchase,28
REV04594,user_0460,wallet,5,"Solid wallet, highly satisfied. Durable construction — dropped it a few times with no damage. Already ordered a second one as a gift.",1,,74
REV04595,user_0225,screen protector,5,"Solid screen protector, highly satisfied. Customer support was very responsive when I had questions. Highly recommend to anyone looking for reliability.",1,Verified Purchase,98
REV04596,user_0039,coffee maker,1,Do NOT buy this coffee maker. Customer support never responded to my multiple messages. Requested a refund right away.,0,Verified Purchase,53
REV04597,user_0879,mechanical keyboard,2,Very disappointed with this mechanical keyboard. Already broke and I only used it twice — total waste of money. 1 star — would give zero if possible.,0,Verified Purchase,36
REV04598,user_0725,phone case,4,"Solid phone case, highly satisfied. My whole family loves it and we've recommended it to friends. Already ordered a second one as a gift.",1,Verified Purchase,2
REV04599,user_0533,smartwatch,4,Absolutely love this smartwatch! Durable construction — dropped it a few times with no damage. Would definitely buy again!,1,Verified Purchase,96
REV04600,user_0521,smartwatch,5,"Amazing quality smartwatch, highly recommend. Connectivity is seamless and lag-free every single time. Already ordered a second one as a gift.",1,,29
REV04601,user_0892,power bank,2,Regret buying this power bank. The packaging was damaged and the product arrived broken. Worst purchase I've made this year.,0,Verified Purchase,111
REV04602,user_0737,electric kettle,2,This electric kettle is cheaply made and falls apart. Battery dies within an hour — completely unusable for daily tasks. Returning this immediately.,0,,3
REV04603,user_0659,yoga mat,1,Do NOT buy this yoga mat. Customer support never responded to my multiple messages. Returning this immediately.,0,,6
REV04604,user_0107,instant pot,5,Absolutely love this instant pot! Connectivity is seamless and lag-free every single time. A must-buy!,1,Verified Purchase,135
REV04605,user_0996,blender,5,Very impressed with this blender. Customer support was very responsive when I had questions. Already ordered a second one as a gift.,1,Verified Purchase,112
REV04606,user_0757,charging cable,2,Deeply unsatisfied with this charging cable. Connection drops constantly and the device overheats quickly. Do not waste your money.,0,Verified Purchase,126
REV04607,user_0932,toaster oven,2,This toaster oven stopped working after one week. The quality is extremely poor and feels like it will break any day. 1 star — would give zero if possible.,0,Verified Purchase,145
REV04608,user_0830,smartwatch,2,Worst smartwatch I have ever purchased. The packaging was damaged and the product arrived broken. Returning this immediately.,0,Verified Purchase,63
REV04609,user_0765,bluetooth speaker,1,Zero stars if I could for this bluetooth speaker. Loud rattling noise that makes it completely unusable. Buyer beware — stay far away.,0,Verified Purchase,124
REV04610,user_0321,wallet,1,This wallet broke within days. Battery dies within an hour — completely unusable for daily tasks. Requested a refund right away.,0,,64
REV04611,user_0310,air purifier,4,This air purifier is worth every penny. Battery life is phenomenal — lasts much longer than advertised. A must-buy!,1,Verified Purchase,117
REV04612,user_0985,toaster oven,5,Very impressed with this toaster oven. The performance quality is incredible for the price. Already ordered a second one as a gift.,1,,10
REV04613,user_0830,phone case,4,Couldn't be happier with this phone case. Comfortable to use for long periods without any fatigue. Already ordered a second one as a gift.,1,Verified Purchase,138
REV04614,user_0788,mechanical keyboard,5,Couldn't be happier with this mechanical keyboard. Comfortable to use for long periods without any fatigue. 10/10 would recommend!,1,,147
REV04615,user_0717,smartwatch,1,Zero stars if I could for this smartwatch. Performance is terrible compared to competitors at the same price. 1 star — would give zero if possible.,0,,122
REV04616,user_0887,toaster oven,2,This toaster oven broke within days. Battery dies within an hour — completely unusable for daily tasks. Absolute rubbish.,0,Verified Purchase,63
REV04617,user_0964,wireless headphones,1,This wireless headphones is cheaply made and falls apart. Connection drops constantly and the device overheats quickly. Absolute rubbish.,0,Verified Purchase,137
REV04618,user_0472,instant pot,5,Couldn't be happier with this instant pot. Connectivity is seamless and lag-free every single time. 10/10 would recommend!,1,Verified Purchase,90
REV04619,user_0498,tablet,2,"Terrible tablet, complete waste of money. The packaging was damaged and the product arrived broken. Worst purchase I've made this year.",0,Verified Purchase,138
REV04620,user_0250,coffee maker,1,Very disappointed with this coffee maker. Cheaply made materials that scratched and peeled after first use. Buyer beware — stay far away.,0,,126
REV04621,user_0712,smartwatch,1,"Terrible smartwatch, complete waste of money. Customer support never responded to my multiple messages. Worst purchase I've made this year.",0,Verified Purchase,30
REV04622,user_0501,earbuds,5,Super happy with my earbuds purchase. Fits perfectly and matches exactly what was shown in the photos. Already ordered a second one as a gift.,1,,4
REV04623,user_0359,instant pot,4,Couldn't be happier with this instant pot. Battery life is phenomenal — lasts much longer than advertised. Highly recommend to anyone looking for reliability.,1,Verified Purchase,102
REV04624,user_0026,monitor,2,Do NOT buy this monitor. Customer support never responded to my multiple messages. 1 star — would give zero if possible.,0,Verified Purchase,11
REV04625,user_0895,tablet,4,"Super happy with my tablet purchase. The design is sleek and modern, looks great on my desk. Would definitely buy again!",1,,143
REV04626,user_0568,smartwatch,5,"Fantastic smartwatch, works perfectly. Comfortable to use for long periods without any fatigue. Already ordered a second one as a gift.",1,Verified Purchase,96
REV04627,user_0451,bluetooth speaker,5,Very impressed with this bluetooth speaker. Setup was easy and it works flawlessly right out of the box. 5 stars without hesitation.,1,Verified Purchase,149
REV04628,user_0172,fitness tracker,5,Great value for money fitness tracker. Durable construction — dropped it a few times with no damage. Will be buying more products from this brand.,1,Verified Purchase,41
REV04629,user_0757,running shoes,5,"Super happy with my running shoes purchase. Customer support was very responsive when I had questions. Very satisfied, no complaints.",1,Verified Purchase,114
REV04630,user_0458,resistance bands,5,This resistance bands exceeded my expectations. Battery life is phenomenal — lasts much longer than advertised. 10/10 would recommend!,1,,142
REV04631,user_0665,running shoes,5,"Excellent running shoes, exactly as described. Packaging was great and the product feels premium. Will be buying more products from this brand.",1,Verified Purchase,105
REV04632,user_0020,smartwatch,1,Deeply unsatisfied with this smartwatch. Connection drops constantly and the device overheats quickly. Buyer beware — stay far away.,0,Verified Purchase,5
REV04633,user_0650,sunglasses,1,"Poor quality sunglasses, save your money. Already broke and I only used it twice — total waste of money. Returning this immediately.",0,,69
REV04634,user_0146,webcam,4,"This webcam exceeded my expectations. The design is sleek and modern, looks great on my desk. Highly recommend to anyone looking for reliability.",1,Verified Purchase,67
REV04635,user_0667,smart bulb,2,This smart bulb stopped working after one week. Very uncomfortable to use and causes strain after just minutes. Very angry and will not buy from this seller again.,0,Verified Purchase,64
REV04636,user_0961,power bank,5,"Amazing quality power bank, highly recommend. My whole family loves it and we've recommended it to friends. A must-buy!",1,Verified Purchase,67
REV04637,user_0623,USB hub,5,Purchased this USB hub last month and love it. My whole family loves it and we've recommended it to friends. Already ordered a second one as a gift.,1,,133
REV04638,user_0929,gaming mouse,4,"Couldn't be happier with this gaming mouse. The design is sleek and modern, looks great on my desk. A must-buy!",1,,76
REV04639,user_0130,coffee maker,1,Not as described — very misleading coffee maker listing. The packaging was damaged and the product arrived broken. Worst purchase I've made this year.,0,Verified Purchase,1
REV04640,user_0344,water bottle,2,Very disappointed with this water bottle. It stopped working completely after just a few days of light use. Do not waste your money.,0,Verified Purchase,24
REV04641,user_0835,wireless headphones,1,Very disappointed with this wireless headphones. Instructions were incomprehensible and setup took hours. Absolute rubbish.,0,Verified Purchase,127
REV04642,user_0091,bluetooth speaker,5,Purchased this bluetooth speaker last month and love it. Customer support was very responsive when I had questions. Would definitely buy again!,1,Verified Purchase,77
REV04643,user_0276,USB hub,5,"Amazing quality USB hub, highly recommend. Customer support was very responsive when I had questions. Very satisfied, no complaints.",1,Verified Purchase,22
REV04644,user_0324,tablet,5,"Solid tablet, highly satisfied. Durable construction — dropped it a few times with no damage. 5 stars without hesitation.",1,Verified Purchase,24
REV04645,user_0071,e-reader,5,"Excellent e-reader, exactly as described. The performance quality is incredible for the price. Highly recommend to anyone looking for reliability.",1,Verified Purchase,103
REV04646,user_0697,backpack,1,Regret buying this backpack. Cheaply made materials that scratched and peeled after first use. Do not waste your money.,0,Verified Purchase,114
REV04647,user_0250,electric kettle,2,"Huge disappointment, expected much better from this electric kettle. It stopped working completely after just a few days of light use. Buyer beware — stay far away.",0,Verified Purchase,107
REV04648,user_0115,water bottle,1,This water bottle is cheaply made and falls apart. Battery dies within an hour — completely unusable for daily tasks. Buyer beware — stay far away.,0,Verified Purchase,84
REV04649,user_0586,e-reader,4,This e-reader exceeded my expectations. The build quality is top-notch and it arrived quickly. Highly recommend to anyone looking for reliability.,1,Verified Purchase,114
REV04650,user_0406,bluetooth speaker,5,Best bluetooth speaker I've ever purchased. Setup was easy and it works flawlessly right out of the box. A must-buy!,1,,12
REV04651,user_0541,coffee maker,2,This coffee maker stopped working after one week. The packaging was damaged and the product arrived broken. Do not waste your money.,0,Verified Purchase,8
REV04652,user_0854,blender,5,"Excellent blender, exactly as described. I've been using it daily for weeks and it still works like new. Very satisfied, no complaints.",1,Verified Purchase,81
REV04653,user_0303,instant pot,1,Deeply unsatisfied with this instant pot. The quality is extremely poor and feels like it will break any day. Returning this immediately.,0,Verified Purchase,129
REV04654,user_0482,e-reader,4,"Outstanding e-reader, five stars. I've been using it daily for weeks and it still works like new. 10/10 would recommend!",1,Verified Purchase,149
REV04655,user_0890,charging cable,5,Couldn't be happier with this charging cable. Connectivity is seamless and lag-free every single time. Will be buying more products from this brand.,1,,32
REV04656,user_0679,electric kettle,5,"Fantastic electric kettle, works perfectly. Comfortable to use for long periods without any fatigue. A must-buy!",1,Verified Purchase,121
REV04657,user_0397,phone case,5,"Amazing quality phone case, highly recommend. Durable construction — dropped it a few times with no damage. Would definitely buy again!",1,Verified Purchase,1
REV04658,user_0054,smartwatch,5,This smartwatch is worth every penny. Fits perfectly and matches exactly what was shown in the photos. 5 stars without hesitation.,1,,95
REV04659,user_0899,webcam,1,Worst webcam I have ever purchased. The design looks nothing like the photos — very misleading listing. Returning this immediately.,0,,19
REV04660,user_0359,e-reader,1,"Huge disappointment, expected much better from this e-reader. Battery dies within an hour — completely unusable for daily tasks. Returning this immediately.",0,Verified Purchase,90
REV04661,user_0120,e-reader,4,"Amazing quality e-reader, highly recommend. Fits perfectly and matches exactly what was shown in the photos. 5 stars without hesitation.",1,Verified Purchase,98
REV04662,user_0074,fitness tracker,5,"This fitness tracker is a game changer. Fits perfectly and matches exactly what was shown in the photos. Very satisfied, no complaints.",1,,72
REV04663,user_0542,running shoes,5,Very impressed with this running shoes. Customer support was very responsive when I had questions. Highly recommend to anyone looking for reliability.,1,,18
REV04664,user_0358,wallet,4,This wallet exceeded my expectations. Much better than my previous one — noticeable improvement. 5 stars without hesitation.,1,Verified Purchase,52
REV04665,user_0388,screen protector,5,Super happy with my screen protector purchase. Setup was easy and it works flawlessly right out of the box. 5 stars without hesitation.,1,Verified Purchase,43
REV04666,user_0283,gaming mouse,5,"Outstanding gaming mouse, five stars. Customer support was very responsive when I had questions. Would definitely buy again!",1,,140
REV04667,user_0538,wallet,2,Deeply unsatisfied with this wallet. Very uncomfortable to use and causes strain after just minutes. Worst purchase I've made this year.,0,Verified Purchase,139
REV04668,user_0655,charging cable,4,Couldn't be happier with this charging cable. I've been using it daily for weeks and it still works like new. 10/10 would recommend!,1,,70
REV04669,user_0442,yoga mat,4,"Fantastic yoga mat, works perfectly. Durable construction — dropped it a few times with no damage. A must-buy!",1,Verified Purchase,71
REV04670,user_0031,air purifier,1,"Poor quality air purifier, save your money. Very uncomfortable to use and causes strain after just minutes. Worst purchase I've made this year.",0,,121
REV04671,user_0872,e-reader,1,"Faulty e-reader, does not work as advertised. The packaging was damaged and the product arrived broken. Returning this immediately.",0,Verified Purchase,41
REV04672,user_0179,screen protector,5,"This screen protector is a game changer. Durable construction — dropped it a few times with no damage. Very satisfied, no complaints.",1,,95
REV04673,user_0095,robot vacuum,5,This robot vacuum is worth every penny. The build quality is top-notch and it arrived quickly. Highly recommend to anyone looking for reliability.,1,,65
REV04674,user_0583,backpack,4,"Fantastic backpack, works perfectly. My whole family loves it and we've recommended it to friends. A must-buy!",1,Verified Purchase,32
REV04675,user_0009,USB hub,1,This USB hub stopped working after one week. Instructions were incomprehensible and setup took hours. Returning this immediately.,0,Verified Purchase,69
REV04676,user_0243,wireless headphones,5,"Amazing quality wireless headphones, highly recommend. The build quality is top-notch and it arrived quickly. Highly recommend to anyone looking for reliability.",1,,62
REV04677,user_0122,bluetooth speaker,2,"Poor quality bluetooth speaker, save your money. Customer support never responded to my multiple messages. Returning this immediately.",0,,0
REV04678,user_0995,robot vacuum,2,Do NOT buy this robot vacuum. Instructions were incomprehensible and setup took hours. Do not waste your money.,0,Verified Purchase,5
REV04679,user_0317,running shoes,2,Deeply unsatisfied with this running shoes. Cheaply made materials that scratched and peeled after first use. Absolute rubbish.,0,Verified Purchase,42
REV04680,user_0563,screen protector,5,Couldn't be happier with this screen protector. Packaging was great and the product feels premium. A must-buy!,1,Verified Purchase,138
REV04681,user_0825,monitor,1,Deeply unsatisfied with this monitor. Connection drops constantly and the device overheats quickly. Do not waste your money.,0,,138
REV04682,user_0038,webcam,1,Regret buying this webcam. The design looks nothing like the photos — very misleading listing. Absolute rubbish.,0,Verified Purchase,24
REV04683,user_0613,fitness tracker,2,"Poor quality fitness tracker, save your money. Loud rattling noise that makes it completely unusable. Buyer beware — stay far away.",0,Verified Purchase,99
REV04684,user_0649,mechanical keyboard,2,"Poor quality mechanical keyboard, save your money. It stopped working completely after just a few days of light use. Do not waste your money.",0,Verified Purchase,79
REV04685,user_0998,mechanical keyboard,2,This mechanical keyboard broke within days. It stopped working completely after just a few days of light use. Worst purchase I've made this year.,0,Verified Purchase,5
REV04686,user_0801,mechanical keyboard,1,This mechanical keyboard stopped working after one week. Connection drops constantly and the device overheats quickly. 1 star — would give zero if possible.,0,,8
REV04687,user_0844,monitor,1,Not as described — very misleading monitor listing. The packaging was damaged and the product arrived broken. Do not waste your money.,0,,64
REV04688,user_0265,bluetooth speaker,5,"Fantastic bluetooth speaker, works perfectly. The performance quality is incredible for the price. Already ordered a second one as a gift.",1,,97
REV04689,user_0863,sunglasses,5,"This sunglasses is a game changer. The design is sleek and modern, looks great on my desk. Highly recommend to anyone looking for reliability.",1,Verified Purchase,97
REV04690,user_0005,charging cable,1,"Poor quality charging cable, save your money. Connection drops constantly and the device overheats quickly. Returning this immediately.",0,Verified Purchase,82
REV04691,user_0239,tablet,4,Best tablet I've ever purchased. The build quality is top-notch and it arrived quickly. A must-buy!,1,Verified Purchase,2
REV04692,user_0975,smart bulb,5,"Amazing quality smart bulb, highly recommend. Durable construction — dropped it a few times with no damage. Will be buying more products from this brand.",1,Verified Purchase,34
REV04693,user_0753,robot vacuum,5,"Best robot vacuum I've ever purchased. Comfortable to use for long periods without any fatigue. Very satisfied, no complaints.",1,,147
REV04694,user_0743,backpack,2,Regret buying this backpack. The packaging was damaged and the product arrived broken. Returning this immediately.,0,Verified Purchase,134
REV04695,user_0411,resistance bands,1,Very disappointed with this resistance bands. The quality is extremely poor and feels like it will break any day. Returning this immediately.,0,Verified Purchase,143
REV04696,user_0180,water bottle,5,"Outstanding water bottle, five stars. The build quality is top-notch and it arrived quickly. Very satisfied, no complaints.",1,Verified Purchase,143
REV04697,user_0465,sunglasses,5,"Amazing quality sunglasses, highly recommend. Connectivity is seamless and lag-free every single time. A must-buy!",1,Verified Purchase,15
REV04698,user_0411,mechanical keyboard,5,"Best mechanical keyboard I've ever purchased. The design is sleek and modern, looks great on my desk. A must-buy!",1,Verified Purchase,52
REV04699,user_0898,sunglasses,5,"Super happy with my sunglasses purchase. Comfortable to use for long periods without any fatigue. Very satisfied, no complaints.",1,Verified Purchase,41
REV04700,user_0968,running shoes,4,Very impressed with this running shoes. The build quality is top-notch and it arrived quickly. Highly recommend to anyone looking for reliability.,1,Verified Purchase,139
REV04701,user_0671,USB hub,5,"Solid USB hub, highly satisfied. Durable construction — dropped it a few times with no damage. Will be buying more products from this brand.",1,Verified Purchase,147
REV04702,user_0332,instant pot,5,"Purchased this instant pot last month and love it. The design is sleek and modern, looks great on my desk. Very satisfied, no complaints.",1,Verified Purchase,22
REV04703,user_0442,blender,1,Do NOT buy this blender. The packaging was damaged and the product arrived broken. Requested a refund right away.,0,Verified Purchase,1
REV04704,user_0998,smartwatch,5,This smartwatch is a game changer. Connectivity is seamless and lag-free every single time. A must-buy!,1,Verified Purchase,24
REV04705,user_0466,sunglasses,1,This sunglasses stopped working after one week. Connection drops constantly and the device overheats quickly. Returning this immediately.,0,,118
REV04706,user_0590,yoga mat,5,"Amazing quality yoga mat, highly recommend. My whole family loves it and we've recommended it to friends. Will be buying more products from this brand.",1,Verified Purchase,28
REV04707,user_0189,backpack,5,Absolutely love this backpack! Packaging was great and the product feels premium. Already ordered a second one as a gift.,1,,136
REV04708,user_0192,water bottle,2,"Huge disappointment, expected much better from this water bottle. Customer support never responded to my multiple messages. Absolute rubbish.",0,Verified Purchase,111
REV04709,user_0139,yoga mat,2,"Faulty yoga mat, does not work as advertised. Loud rattling noise that makes it completely unusable. Very angry and will not buy from this seller again.",0,Verified Purchase,146
REV04710,user_0608,instant pot,1,This instant pot is a total scam. Battery dies within an hour — completely unusable for daily tasks. Do not waste your money.,0,Verified Purchase,95
REV04711,user_0853,smartwatch,5,"Amazing quality smartwatch, highly recommend. My whole family loves it and we've recommended it to friends. Will be buying more products from this brand.",1,Verified Purchase,6
REV04712,user_0465,screen protector,5,Great value for money screen protector. I've been using it daily for weeks and it still works like new. Will be buying more products from this brand.,1,Verified Purchase,129
REV04713,user_0922,robot vacuum,5,"Fantastic robot vacuum, works perfectly. Fits perfectly and matches exactly what was shown in the photos. Highly recommend to anyone looking for reliability.",1,Verified Purchase,65
REV04714,user_0579,sunglasses,5,Purchased this sunglasses last month and love it. Comfortable to use for long periods without any fatigue. Would definitely buy again!,1,Verified Purchase,67
REV04715,user_0994,water bottle,4,Purchased this water bottle last month and love it. Battery life is phenomenal — lasts much longer than advertised. 5 stars without hesitation.,1,Verified Purchase,75
REV04716,user_0746,toaster oven,5,"Outstanding toaster oven, five stars. Packaging was great and the product feels premium. A must-buy!",1,Verified Purchase,60
REV04717,user_0531,blender,5,"Solid blender, highly satisfied. The performance quality is incredible for the price. Would definitely buy again!",1,Verified Purchase,95
REV04718,user_0127,gaming mouse,1,Very disappointed with this gaming mouse. Customer support never responded to my multiple messages. Worst purchase I've made this year.,0,Verified Purchase,141
REV04719,user_0987,smartwatch,5,Super happy with my smartwatch purchase. Much better than my previous one — noticeable improvement. Will be buying more products from this brand.,1,,69
REV04720,user_0757,wallet,1,This wallet stopped working after one week. The quality is extremely poor and feels like it will break any day. Returning this immediately.,0,Verified Purchase,4
REV04721,user_0054,phone case,5,Best phone case I've ever purchased. Battery life is phenomenal — lasts much longer than advertised. Would definitely buy again!,1,Verified Purchase,109
REV04722,user_0002,bluetooth speaker,5,"Solid bluetooth speaker, highly satisfied. The performance quality is incredible for the price. 10/10 would recommend!",1,Verified Purchase,131
REV04723,user_0589,smart bulb,5,"Best smart bulb I've ever purchased. Durable construction — dropped it a few times with no damage. Very satisfied, no complaints.",1,Verified Purchase,131
REV04724,user_0441,e-reader,4,Very impressed with this e-reader. Battery life is phenomenal — lasts much longer than advertised. Would definitely buy again!,1,Verified Purchase,98
REV04725,user_0846,robot vacuum,5,"Solid robot vacuum, highly satisfied. Battery life is phenomenal — lasts much longer than advertised. A must-buy!",1,Verified Purchase,61
REV04726,user_0412,webcam,5,Purchased this webcam last month and love it. Comfortable to use for long periods without any fatigue. A must-buy!,1,Verified Purchase,16
REV04727,user_0480,wallet,5,Absolutely love this wallet! Packaging was great and the product feels premium. Would definitely buy again!,1,,48
REV04728,user_0282,blender,5,"Outstanding blender, five stars. Connectivity is seamless and lag-free every single time. Already ordered a second one as a gift.",1,Verified Purchase,0
REV04729,user_0705,USB hub,5,Couldn't be happier with this USB hub. Setup was easy and it works flawlessly right out of the box. Will be buying more products from this brand.,1,,69
REV04730,user_0877,laptop stand,5,Absolutely love this laptop stand! The build quality is top-notch and it arrived quickly. 5 stars without hesitation.,1,Verified Purchase,32
REV04731,user_0256,smartwatch,4,Purchased this smartwatch last month and love it. Much better than my previous one — noticeable improvement. Already ordered a second one as a gift.,1,Verified Purchase,116
REV04732,user_0694,phone case,1,This phone case is a total scam. Customer support never responded to my multiple messages. Very angry and will not buy from this seller again.,0,Verified Purchase,22
REV04733,user_0095,running shoes,1,Zero stars if I could for this running shoes. Cheaply made materials that scratched and peeled after first use. Absolute rubbish.,0,Verified Purchase,11
REV04734,user_0536,blender,1,This blender is a total scam. Very uncomfortable to use and causes strain after just minutes. Requested a refund right away.,0,Verified Purchase,42
REV04735,user_0264,air purifier,1,Not as described — very misleading air purifier listing. Connection drops constantly and the device overheats quickly. Worst purchase I've made this year.,0,Verified Purchase,120
REV04736,user_0900,instant pot,1,Zero stars if I could for this instant pot. Took forever to arrive and the item was not as described at all. Returning this immediately.,0,,143
REV04737,user_0435,backpack,5,"Fantastic backpack, works perfectly. Battery life is phenomenal — lasts much longer than advertised. Already ordered a second one as a gift.",1,Verified Purchase,147
REV04738,user_0060,wallet,1,Do NOT buy this wallet. Cheaply made materials that scratched and peeled after first use. Returning this immediately.,0,Verified Purchase,47
REV04739,user_0583,air purifier,4,Super happy with my air purifier purchase. Comfortable to use for long periods without any fatigue. 10/10 would recommend!,1,,141
REV04740,user_0967,robot vacuum,1,This robot vacuum stopped working after one week. The quality is extremely poor and feels like it will break any day. Do not waste your money.,0,Verified Purchase,57
REV04741,user_0519,laptop stand,4,Purchased this laptop stand last month and love it. Packaging was great and the product feels premium. A must-buy!,1,Verified Purchase,16
REV04742,user_0688,running shoes,2,Very disappointed with this running shoes. Performance is terrible compared to competitors at the same price. Absolute rubbish.,0,Verified Purchase,124
REV04743,user_0699,backpack,5,Best backpack I've ever purchased. Fits perfectly and matches exactly what was shown in the photos. A must-buy!,1,Verified Purchase,104
REV04744,user_0796,toaster oven,1,This toaster oven broke within days. Took forever to arrive and the item was not as described at all. Do not waste your money.,0,Verified Purchase,101
REV04745,user_0932,fitness tracker,1,This fitness tracker is cheaply made and falls apart. Already broke and I only used it twice — total waste of money. Very angry and will not buy from this seller again.,0,,86
REV04746,user_0229,bluetooth speaker,1,Very disappointed with this bluetooth speaker. Cheaply made materials that scratched and peeled after first use. Do not waste your money.,0,Verified Purchase,40
REV04747,user_0872,tablet,5,Absolutely love this tablet! My whole family loves it and we've recommended it to friends. Will be buying more products from this brand.,1,,53
REV04748,user_0153,wallet,5,This wallet exceeded my expectations. Fits perfectly and matches exactly what was shown in the photos. Would definitely buy again!,1,Verified Purchase,21
REV04749,user_0516,laptop stand,2,This laptop stand stopped working after one week. Battery dies within an hour — completely unusable for daily tasks. Worst purchase I've made this year.,0,Verified Purchase,129
REV04750,user_0475,robot vacuum,1,"Faulty robot vacuum, does not work as advertised. Loud rattling noise that makes it completely unusable. Worst purchase I've made this year.",0,Verified Purchase,117
REV04751,user_0327,bluetooth speaker,1,Zero stars if I could for this bluetooth speaker. Already broke and I only used it twice — total waste of money. Buyer beware — stay far away.,0,,37
REV04752,user_0707,USB hub,1,Zero stars if I could for this USB hub. Took forever to arrive and the item was not as described at all. 1 star — would give zero if possible.,0,,43
REV04753,user_0075,water bottle,5,Great value for money water bottle. Durable construction — dropped it a few times with no damage. 5 stars without hesitation.,1,Verified Purchase,147
REV04754,user_0624,screen protector,4,Purchased this screen protector last month and love it. Fits perfectly and matches exactly what was shown in the photos. Would definitely buy again!,1,Verified Purchase,80
REV04755,user_0969,wallet,5,This wallet exceeded my expectations. Packaging was great and the product feels premium. Already ordered a second one as a gift.,1,Verified Purchase,73
REV04756,user_0475,running shoes,5,Absolutely love this running shoes! I've been using it daily for weeks and it still works like new. Would definitely buy again!,1,Verified Purchase,15
REV04757,user_0230,e-reader,1,Very disappointed with this e-reader. Connection drops constantly and the device overheats quickly. 1 star — would give zero if possible.,0,Verified Purchase,84
REV04758,user_0851,earbuds,2,"Huge disappointment, expected much better from this earbuds. Customer support never responded to my multiple messages. Worst purchase I've made this year.",0,Verified Purchase,125
REV04759,user_0611,yoga mat,5,Absolutely love this yoga mat! Durable construction — dropped it a few times with no damage. Would definitely buy again!,1,Verified Purchase,132
REV04760,user_0818,toaster oven,5,"Super happy with my toaster oven purchase. Customer support was very responsive when I had questions. Very satisfied, no complaints.",1,,148
REV04761,user_0804,instant pot,1,"Poor quality instant pot, save your money. Very uncomfortable to use and causes strain after just minutes. Buyer beware — stay far away.",0,Verified Purchase,146
REV04762,user_0188,tablet,1,This tablet stopped working after one week. Battery dies within an hour — completely unusable for daily tasks. Absolute rubbish.,0,Verified Purchase,104
REV04763,user_0275,coffee maker,4,This coffee maker is worth every penny. Packaging was great and the product feels premium. Highly recommend to anyone looking for reliability.,1,Verified Purchase,97
REV04764,user_0988,air purifier,2,This air purifier stopped working after one week. Instructions were incomprehensible and setup took hours. Worst purchase I've made this year.,0,,6
REV04765,user_0808,wallet,1,Deeply unsatisfied with this wallet. Cheaply made materials that scratched and peeled after first use. Worst purchase I've made this year.,0,,18
REV04766,user_0142,yoga mat,5,This yoga mat is a game changer. I've been using it daily for weeks and it still works like new. 10/10 would recommend!,1,,131
REV04767,user_0750,fitness tracker,1,Regret buying this fitness tracker. The quality is extremely poor and feels like it will break any day. Worst purchase I've made this year.,0,Verified Purchase,75
REV04768,user_0679,USB hub,2,"Terrible USB hub, complete waste of money. Loud rattling noise that makes it completely unusable. Do not waste your money.",0,,112
REV04769,user_0539,toaster oven,1,This toaster oven is cheaply made and falls apart. Instructions were incomprehensible and setup took hours. 1 star — would give zero if possible.,0,Verified Purchase,137
REV04770,user_0367,smartwatch,1,This smartwatch stopped working after one week. The quality is extremely poor and feels like it will break any day. 1 star — would give zero if possible.,0,,90
REV04771,user_0759,phone case,5,"Great value for money phone case. Durable construction — dropped it a few times with no damage. Very satisfied, no complaints.",1,Verified Purchase,138
REV04772,user_0808,wallet,4,"Excellent wallet, exactly as described. Battery life is phenomenal — lasts much longer than advertised. Will be buying more products from this brand.",1,Verified Purchase,38
REV04773,user_0150,smart bulb,5,Great value for money smart bulb. The build quality is top-notch and it arrived quickly. 5 stars without hesitation.,1,Verified Purchase,81
REV04774,user_0160,power bank,5,"Super happy with my power bank purchase. Comfortable to use for long periods without any fatigue. Very satisfied, no complaints.",1,Verified Purchase,86
REV04775,user_0143,webcam,4,Absolutely love this webcam! Packaging was great and the product feels premium. Would definitely buy again!,1,Verified Purchase,82
REV04776,user_0171,blender,4,"Excellent blender, exactly as described. The design is sleek and modern, looks great on my desk. A must-buy!",1,Verified Purchase,140
REV04777,user_0046,electric kettle,4,Couldn't be happier with this electric kettle. Comfortable to use for long periods without any fatigue. Already ordered a second one as a gift.,1,Verified Purchase,3
REV04778,user_0096,webcam,4,"Best webcam I've ever purchased. The design is sleek and modern, looks great on my desk. Would definitely buy again!",1,,33
REV04779,user_0264,bluetooth speaker,5,"Solid bluetooth speaker, highly satisfied. Customer support was very responsive when I had questions. Very satisfied, no complaints.",1,Verified Purchase,29
REV04780,user_0162,fitness tracker,1,Worst fitness tracker I have ever purchased. The packaging was damaged and the product arrived broken. Worst purchase I've made this year.,0,Verified Purchase,8
REV04781,user_0880,USB hub,5,This USB hub is worth every penny. Setup was easy and it works flawlessly right out of the box. A must-buy!,1,,108
REV04782,user_0312,sunglasses,1,This sunglasses is cheaply made and falls apart. Took forever to arrive and the item was not as described at all. Very angry and will not buy from this seller again.,0,Verified Purchase,131
REV04783,user_0362,fitness tracker,5,This fitness tracker is worth every penny. Durable construction — dropped it a few times with no damage. Already ordered a second one as a gift.,1,Verified Purchase,128
REV04784,user_0376,robot vacuum,1,Zero stars if I could for this robot vacuum. Loud rattling noise that makes it completely unusable. Very angry and will not buy from this seller again.,0,Verified Purchase,115
REV04785,user_0328,sunglasses,2,Worst sunglasses I have ever purchased. Instructions were incomprehensible and setup took hours. Very angry and will not buy from this seller again.,0,Verified Purchase,34
REV04786,user_0720,instant pot,1,This instant pot is cheaply made and falls apart. Took forever to arrive and the item was not as described at all. 1 star — would give zero if possible.,0,Verified Purchase,53
REV04787,user_0378,air purifier,4,This air purifier is a game changer. Setup was easy and it works flawlessly right out of the box. 10/10 would recommend!,1,Verified Purchase,74
REV04788,user_0990,e-reader,5,Purchased this e-reader last month and love it. Customer support was very responsive when I had questions. Will be buying more products from this brand.,1,,144
REV04789,user_0055,instant pot,1,Very disappointed with this instant pot. Cheaply made materials that scratched and peeled after first use. 1 star — would give zero if possible.,0,Verified Purchase,12
REV04790,user_0941,charging cable,1,"Terrible charging cable, complete waste of money. Performance is terrible compared to competitors at the same price. Worst purchase I've made this year.",0,,68
REV04791,user_0260,smart bulb,4,Super happy with my smart bulb purchase. Fits perfectly and matches exactly what was shown in the photos. A must-buy!,1,Verified Purchase,132
REV04792,user_0880,water bottle,5,Very impressed with this water bottle. Battery life is phenomenal — lasts much longer than advertised. Would definitely buy again!,1,Verified Purchase,94
REV04793,user_0786,electric kettle,2,Zero stars if I could for this electric kettle. Instructions were incomprehensible and setup took hours. Do not waste your money.,0,Verified Purchase,6
REV04794,user_0270,instant pot,4,This instant pot is worth every penny. Comfortable to use for long periods without any fatigue. Will be buying more products from this brand.,1,Verified Purchase,127
REV04795,user_0560,electric kettle,5,"Solid electric kettle, highly satisfied. Much better than my previous one — noticeable improvement. A must-buy!",1,Verified Purchase,120
REV04796,user_0138,water bottle,2,Very disappointed with this water bottle. Very uncomfortable to use and causes strain after just minutes. Requested a refund right away.,0,Verified Purchase,83
REV04797,user_0637,instant pot,5,This instant pot is worth every penny. Fits perfectly and matches exactly what was shown in the photos. 10/10 would recommend!,1,Verified Purchase,72
REV04798,user_0588,wallet,1,This wallet stopped working after one week. Instructions were incomprehensible and setup took hours. Worst purchase I've made this year.,0,Verified Purchase,47
REV04799,user_0281,robot vacuum,5,"Excellent robot vacuum, exactly as described. The build quality is top-notch and it arrived quickly. Would definitely buy again!",1,Verified Purchase,43
REV04800,user_0494,backpack,1,Do NOT buy this backpack. Performance is terrible compared to competitors at the same price. Worst purchase I've made this year.,0,Verified Purchase,59
REV04801,user_0758,phone case,1,This phone case is a total scam. Loud rattling noise that makes it completely unusable. 1 star — would give zero if possible.,0,Verified Purchase,101
REV04802,user_0806,tablet,5,"Fantastic tablet, works perfectly. Fits perfectly and matches exactly what was shown in the photos. 10/10 would recommend!",1,Verified Purchase,134
REV04803,user_0825,instant pot,5,This instant pot exceeded my expectations. Setup was easy and it works flawlessly right out of the box. A must-buy!,1,,97
REV04804,user_0818,blender,4,Best blender I've ever purchased. Packaging was great and the product feels premium. A must-buy!,1,Verified Purchase,51
REV04805,user_0124,air purifier,5,Best air purifier I've ever purchased. I've been using it daily for weeks and it still works like new. 10/10 would recommend!,1,Verified Purchase,121
REV04806,user_0554,electric kettle,2,Very disappointed with this electric kettle. Loud rattling noise that makes it completely unusable. 1 star — would give zero if possible.,0,,127
REV04807,user_0381,laptop stand,5,"Outstanding laptop stand, five stars. Connectivity is seamless and lag-free every single time. 10/10 would recommend!",1,Verified Purchase,63
REV04808,user_0251,e-reader,1,Worst e-reader I have ever purchased. The design looks nothing like the photos — very misleading listing. Returning this immediately.,0,Verified Purchase,100
REV04809,user_0949,power bank,5,"Fantastic power bank, works perfectly. The build quality is top-notch and it arrived quickly. A must-buy!",1,,73
REV04810,user_0978,smartwatch,5,Great value for money smartwatch. Packaging was great and the product feels premium. Highly recommend to anyone looking for reliability.,1,Verified Purchase,91
REV04811,user_0631,running shoes,2,This running shoes stopped working after one week. The packaging was damaged and the product arrived broken. Buyer beware — stay far away.,0,Verified Purchase,0
REV04812,user_0041,wallet,5,"Best wallet I've ever purchased. The design is sleek and modern, looks great on my desk. Will be buying more products from this brand.",1,Verified Purchase,84
REV04813,user_0295,wallet,4,"Great value for money wallet. The design is sleek and modern, looks great on my desk. Would definitely buy again!",1,,88
REV04814,user_0376,resistance bands,5,"Solid resistance bands, highly satisfied. Fits perfectly and matches exactly what was shown in the photos. 5 stars without hesitation.",1,Verified Purchase,95
REV04815,user_0313,mechanical keyboard,1,Worst mechanical keyboard I have ever purchased. Instructions were incomprehensible and setup took hours. Very angry and will not buy from this seller again.,0,,105
REV04816,user_0067,smart bulb,4,"Fantastic smart bulb, works perfectly. Customer support was very responsive when I had questions. A must-buy!",1,Verified Purchase,67
REV04817,user_0278,wallet,1,"Poor quality wallet, save your money. Cheaply made materials that scratched and peeled after first use. Buyer beware — stay far away.",0,,5
REV04818,user_0246,mechanical keyboard,5,"This mechanical keyboard is a game changer. Packaging was great and the product feels premium. Very satisfied, no complaints.",1,,48
REV04819,user_0168,earbuds,5,Best earbuds I've ever purchased. The build quality is top-notch and it arrived quickly. 10/10 would recommend!,1,,111
REV04820,user_0838,electric kettle,2,"Huge disappointment, expected much better from this electric kettle. Loud rattling noise that makes it completely unusable. Do not waste your money.",0,Verified Purchase,38
REV04821,user_0195,sunglasses,5,"Amazing quality sunglasses, highly recommend. Connectivity is seamless and lag-free every single time. 10/10 would recommend!",1,Verified Purchase,24
REV04822,user_0299,monitor,5,Best monitor I've ever purchased. Packaging was great and the product feels premium. Would definitely buy again!,1,Verified Purchase,37
REV04823,user_0643,backpack,1,This backpack broke within days. Very uncomfortable to use and causes strain after just minutes. Requested a refund right away.,0,,107
REV04824,user_0454,smart bulb,5,Couldn't be happier with this smart bulb. The build quality is top-notch and it arrived quickly. 10/10 would recommend!,1,Verified Purchase,100
REV04825,user_0286,screen protector,5,Absolutely love this screen protector! I've been using it daily for weeks and it still works like new. Highly recommend to anyone looking for reliability.,1,,71
REV04826,user_0430,backpack,4,"Outstanding backpack, five stars. The design is sleek and modern, looks great on my desk. Will be buying more products from this brand.",1,Verified Purchase,98
REV04827,user_0098,power bank,5,"Excellent power bank, exactly as described. My whole family loves it and we've recommended it to friends. Would definitely buy again!",1,Verified Purchase,60
REV04828,user_0073,tablet,5,Great value for money tablet. Setup was easy and it works flawlessly right out of the box. Would definitely buy again!,1,,20
REV04829,user_0650,sunglasses,1,Regret buying this sunglasses. The quality is extremely poor and feels like it will break any day. Very angry and will not buy from this seller again.,0,,147
REV04830,user_0340,monitor,5,This monitor exceeded my expectations. My whole family loves it and we've recommended it to friends. Would definitely buy again!,1,Verified Purchase,92
REV04831,user_0242,sunglasses,5,Super happy with my sunglasses purchase. The build quality is top-notch and it arrived quickly. A must-buy!,1,,132
REV04832,user_0336,instant pot,1,Regret buying this instant pot. Instructions were incomprehensible and setup took hours. Very angry and will not buy from this seller again.,0,Verified Purchase,126
REV04833,user_0669,fitness tracker,4,Absolutely love this fitness tracker! The performance quality is incredible for the price. 5 stars without hesitation.,1,Verified Purchase,9
REV04834,user_0125,tablet,5,"This tablet exceeded my expectations. The design is sleek and modern, looks great on my desk. Highly recommend to anyone looking for reliability.",1,Verified Purchase,15
REV04835,user_0798,gaming mouse,1,"Huge disappointment, expected much better from this gaming mouse. Connection drops constantly and the device overheats quickly. Absolute rubbish.",0,Verified Purchase,4
REV04836,user_0402,charging cable,2,This charging cable is a total scam. Customer support never responded to my multiple messages. Returning this immediately.,0,,99
REV04837,user_0644,robot vacuum,2,Worst robot vacuum I have ever purchased. Instructions were incomprehensible and setup took hours. Buyer beware — stay far away.,0,Verified Purchase,61
REV04838,user_0579,monitor,4,Super happy with my monitor purchase. Packaging was great and the product feels premium. Would definitely buy again!,1,,46
REV04839,user_0731,blender,5,Purchased this blender last month and love it. Much better than my previous one — noticeable improvement. Already ordered a second one as a gift.,1,Verified Purchase,93
REV04840,user_0144,backpack,4,"Amazing quality backpack, highly recommend. Customer support was very responsive when I had questions. Already ordered a second one as a gift.",1,Verified Purchase,59
REV04841,user_0588,monitor,2,"Poor quality monitor, save your money. It stopped working completely after just a few days of light use. Buyer beware — stay far away.",0,Verified Purchase,48
REV04842,user_0416,wallet,5,Absolutely love this wallet! Customer support was very responsive when I had questions. Would definitely buy again!,1,Verified Purchase,106
REV04843,user_0912,smart bulb,5,This smart bulb is worth every penny. The build quality is top-notch and it arrived quickly. Will be buying more products from this brand.,1,Verified Purchase,142
REV04844,user_0296,e-reader,4,Best e-reader I've ever purchased. Customer support was very responsive when I had questions. A must-buy!,1,,97
REV04845,user_0970,robot vacuum,5,This robot vacuum is a game changer. Packaging was great and the product feels premium. Will be buying more products from this brand.,1,Verified Purchase,127
REV04846,user_0171,instant pot,1,Regret buying this instant pot. The packaging was damaged and the product arrived broken. Absolute rubbish.,0,,147
REV04847,user_0442,electric kettle,5,"Fantastic electric kettle, works perfectly. My whole family loves it and we've recommended it to friends. Will be buying more products from this brand.",1,,105
REV04848,user_0674,wireless headphones,1,"Terrible wireless headphones, complete waste of money. Cheaply made materials that scratched and peeled after first use. Buyer beware — stay far away.",0,,119
REV04849,user_0385,bluetooth speaker,5,This bluetooth speaker is worth every penny. I've been using it daily for weeks and it still works like new. 10/10 would recommend!,1,Verified Purchase,96
REV04850,user_0490,fitness tracker,2,Not as described — very misleading fitness tracker listing. It stopped working completely after just a few days of light use. Worst purchase I've made this year.,0,Verified Purchase,10
REV04851,user_0468,sunglasses,2,"Terrible sunglasses, complete waste of money. Performance is terrible compared to competitors at the same price. Returning this immediately.",0,Verified Purchase,142
REV04852,user_0873,mechanical keyboard,1,"Faulty mechanical keyboard, does not work as advertised. Cheaply made materials that scratched and peeled after first use. Absolute rubbish.",0,,130
REV04853,user_0212,wireless headphones,5,"Amazing quality wireless headphones, highly recommend. Much better than my previous one — noticeable improvement. 5 stars without hesitation.",1,,99
REV04854,user_0206,running shoes,1,This running shoes is cheaply made and falls apart. Customer support never responded to my multiple messages. 1 star — would give zero if possible.,0,Verified Purchase,125
REV04855,user_0434,monitor,5,"Very impressed with this monitor. I've been using it daily for weeks and it still works like new. Very satisfied, no complaints.",1,Verified Purchase,63
REV04856,user_0761,laptop stand,4,"Outstanding laptop stand, five stars. I've been using it daily for weeks and it still works like new. Will be buying more products from this brand.",1,Verified Purchase,16
REV04857,user_0020,phone case,4,This phone case exceeded my expectations. Comfortable to use for long periods without any fatigue. Highly recommend to anyone looking for reliability.,1,,110
REV04858,user_0137,bluetooth speaker,1,"Faulty bluetooth speaker, does not work as advertised. The design looks nothing like the photos — very misleading listing. 1 star — would give zero if possible.",0,,36
REV04859,user_0152,wireless headphones,1,"Faulty wireless headphones, does not work as advertised. Loud rattling noise that makes it completely unusable. Returning this immediately.",0,,67
REV04860,user_0543,power bank,1,Deeply unsatisfied with this power bank. Very uncomfortable to use and causes strain after just minutes. Requested a refund right away.,0,Verified Purchase,82
REV04861,user_0423,fitness tracker,5,"Super happy with my fitness tracker purchase. Durable construction — dropped it a few times with no damage. Very satisfied, no complaints.",1,Verified Purchase,41
REV04862,user_0375,electric kettle,1,Regret buying this electric kettle. The quality is extremely poor and feels like it will break any day. Very angry and will not buy from this seller again.,0,Verified Purchase,143
REV04863,user_0422,power bank,4,"Outstanding power bank, five stars. Customer support was very responsive when I had questions. Already ordered a second one as a gift.",1,,55
REV04864,user_0672,fitness tracker,5,"Purchased this fitness tracker last month and love it. Fits perfectly and matches exactly what was shown in the photos. Very satisfied, no complaints.",1,,101
REV04865,user_0571,phone case,5,"Great value for money phone case. Connectivity is seamless and lag-free every single time. Very satisfied, no complaints.",1,Verified Purchase,21
REV04866,user_0462,phone case,4,"Amazing quality phone case, highly recommend. The design is sleek and modern, looks great on my desk. 5 stars without hesitation.",1,Verified Purchase,47
REV04867,user_0411,running shoes,1,This running shoes broke within days. The packaging was damaged and the product arrived broken. Returning this immediately.,0,,8
REV04868,user_0041,fitness tracker,5,"Best fitness tracker I've ever purchased. Comfortable to use for long periods without any fatigue. Very satisfied, no complaints.",1,,8
REV04869,user_0409,robot vacuum,1,"Terrible robot vacuum, complete waste of money. It stopped working completely after just a few days of light use. Returning this immediately.",0,Verified Purchase,117
REV04870,user_0761,power bank,5,This power bank exceeded my expectations. Comfortable to use for long periods without any fatigue. Will be buying more products from this brand.,1,Verified Purchase,32
REV04871,user_0835,smart bulb,5,This smart bulb is worth every penny. Fits perfectly and matches exactly what was shown in the photos. Already ordered a second one as a gift.,1,Verified Purchase,111
REV04872,user_0592,backpack,1,Worst backpack I have ever purchased. Took forever to arrive and the item was not as described at all. Buyer beware — stay far away.,0,Verified Purchase,41
REV04873,user_0505,e-reader,1,This e-reader stopped working after one week. Performance is terrible compared to competitors at the same price. Do not waste your money.,0,Verified Purchase,128
REV04874,user_0601,instant pot,2,Do NOT buy this instant pot. Loud rattling noise that makes it completely unusable. Requested a refund right away.,0,Verified Purchase,62
REV04875,user_0226,wireless headphones,4,This wireless headphones is a game changer. Much better than my previous one — noticeable improvement. Already ordered a second one as a gift.,1,Verified Purchase,42
REV04876,user_0342,wallet,4,Absolutely love this wallet! Packaging was great and the product feels premium. Highly recommend to anyone looking for reliability.,1,Verified Purchase,51
REV04877,user_0539,instant pot,4,"Solid instant pot, highly satisfied. Setup was easy and it works flawlessly right out of the box. 10/10 would recommend!",1,,3
REV04878,user_0206,air purifier,5,"Solid air purifier, highly satisfied. Durable construction — dropped it a few times with no damage. Very satisfied, no complaints.",1,Verified Purchase,74
REV04879,user_0008,air purifier,4,"Excellent air purifier, exactly as described. Customer support was very responsive when I had questions. A must-buy!",1,Verified Purchase,143
REV04880,user_0600,smartwatch,5,"Fantastic smartwatch, works perfectly. Packaging was great and the product feels premium. Highly recommend to anyone looking for reliability.",1,,13
REV04881,user_0167,e-reader,4,Super happy with my e-reader purchase. The build quality is top-notch and it arrived quickly. Highly recommend to anyone looking for reliability.,1,Verified Purchase,87
REV04882,user_0843,bluetooth speaker,5,"Excellent bluetooth speaker, exactly as described. I've been using it daily for weeks and it still works like new. Already ordered a second one as a gift.",1,Verified Purchase,59
REV04883,user_0792,charging cable,1,Do NOT buy this charging cable. Very uncomfortable to use and causes strain after just minutes. Returning this immediately.,0,Verified Purchase,2
REV04884,user_0940,tablet,4,This tablet is worth every penny. Customer support was very responsive when I had questions. 5 stars without hesitation.,1,,137
REV04885,user_0837,power bank,5,"Excellent power bank, exactly as described. Connectivity is seamless and lag-free every single time. Would definitely buy again!",1,Verified Purchase,105
REV04886,user_0953,electric kettle,1,Worst electric kettle I have ever purchased. The design looks nothing like the photos — very misleading listing. 1 star — would give zero if possible.,0,Verified Purchase,76
REV04887,user_0858,earbuds,2,Deeply unsatisfied with this earbuds. It stopped working completely after just a few days of light use. Returning this immediately.,0,,105
REV04888,user_0935,electric kettle,5,"Outstanding electric kettle, five stars. My whole family loves it and we've recommended it to friends. Already ordered a second one as a gift.",1,Verified Purchase,59
REV04889,user_0967,laptop stand,4,"Solid laptop stand, highly satisfied. The performance quality is incredible for the price. Already ordered a second one as a gift.",1,Verified Purchase,67
REV04890,user_0706,wallet,5,Very impressed with this wallet. My whole family loves it and we've recommended it to friends. 5 stars without hesitation.,1,Verified Purchase,115
REV04891,user_0609,coffee maker,1,This coffee maker broke within days. Customer support never responded to my multiple messages. 1 star — would give zero if possible.,0,Verified Purchase,48
REV04892,user_0515,wireless headphones,1,Worst wireless headphones I have ever purchased. Battery dies within an hour — completely unusable for daily tasks. Absolute rubbish.,0,Verified Purchase,106
REV04893,user_0470,robot vacuum,4,Purchased this robot vacuum last month and love it. Connectivity is seamless and lag-free every single time. Highly recommend to anyone looking for reliability.,1,Verified Purchase,18
REV04894,user_0721,screen protector,2,"Faulty screen protector, does not work as advertised. Already broke and I only used it twice — total waste of money. 1 star — would give zero if possible.",0,,112
REV04895,user_0266,USB hub,1,"Huge disappointment, expected much better from this USB hub. Very uncomfortable to use and causes strain after just minutes. Buyer beware — stay far away.",0,Verified Purchase,88
REV04896,user_0519,USB hub,1,Regret buying this USB hub. Loud rattling noise that makes it completely unusable. Very angry and will not buy from this seller again.,0,Verified Purchase,115
REV04897,user_0501,charging cable,1,"Terrible charging cable, complete waste of money. The quality is extremely poor and feels like it will break any day. Buyer beware — stay far away.",0,Verified Purchase,55
REV04898,user_0216,electric kettle,5,"Amazing quality electric kettle, highly recommend. My whole family loves it and we've recommended it to friends. 10/10 would recommend!",1,Verified Purchase,13
REV04899,user_0863,power bank,1,Do NOT buy this power bank. It stopped working completely after just a few days of light use. 1 star — would give zero if possible.,0,Verified Purchase,108
REV04900,user_0642,laptop stand,5,Purchased this laptop stand last month and love it. Comfortable to use for long periods without any fatigue. 10/10 would recommend!,1,,35
REV04901,user_0549,mechanical keyboard,5,"Excellent mechanical keyboard, exactly as described. The build quality is top-notch and it arrived quickly. Already ordered a second one as a gift.",1,Verified Purchase,40
REV04902,user_0420,running shoes,5,Couldn't be happier with this running shoes. Much better than my previous one — noticeable improvement. 5 stars without hesitation.,1,Verified Purchase,42
REV04903,user_0366,fitness tracker,5,"Outstanding fitness tracker, five stars. Much better than my previous one — noticeable improvement. 10/10 would recommend!",1,Verified Purchase,17
REV04904,user_0324,water bottle,2,"Faulty water bottle, does not work as advertised. The quality is extremely poor and feels like it will break any day. Worst purchase I've made this year.",0,Verified Purchase,107
REV04905,user_0459,USB hub,1,Deeply unsatisfied with this USB hub. Battery dies within an hour — completely unusable for daily tasks. Do not waste your money.,0,,78
REV04906,user_0994,gaming mouse,1,Zero stars if I could for this gaming mouse. Battery dies within an hour — completely unusable for daily tasks. Very angry and will not buy from this seller again.,0,,99
REV04907,user_0549,electric kettle,1,Worst electric kettle I have ever purchased. Customer support never responded to my multiple messages. Absolute rubbish.,0,Verified Purchase,124
REV04908,user_0493,sunglasses,1,Deeply unsatisfied with this sunglasses. The design looks nothing like the photos — very misleading listing. Absolute rubbish.,0,Verified Purchase,138
REV04909,user_0430,running shoes,2,Very disappointed with this running shoes. The packaging was damaged and the product arrived broken. Very angry and will not buy from this seller again.,0,,101
REV04910,user_0095,running shoes,5,Purchased this running shoes last month and love it. The build quality is top-notch and it arrived quickly. Already ordered a second one as a gift.,1,Verified Purchase,58
REV04911,user_0292,wireless headphones,5,Couldn't be happier with this wireless headphones. Fits perfectly and matches exactly what was shown in the photos. Highly recommend to anyone looking for reliability.,1,,139
REV04912,user_0182,tablet,1,Deeply unsatisfied with this tablet. The design looks nothing like the photos — very misleading listing. Absolute rubbish.,0,Verified Purchase,37
REV04913,user_0479,phone case,5,"Amazing quality phone case, highly recommend. Comfortable to use for long periods without any fatigue. Would definitely buy again!",1,,136
REV04914,user_0716,robot vacuum,5,"Fantastic robot vacuum, works perfectly. Fits perfectly and matches exactly what was shown in the photos. Highly recommend to anyone looking for reliability.",1,,61
REV04915,user_0694,coffee maker,5,"Very impressed with this coffee maker. The design is sleek and modern, looks great on my desk. Would definitely buy again!",1,Verified Purchase,122
REV04916,user_0081,gaming mouse,1,This gaming mouse broke within days. Took forever to arrive and the item was not as described at all. Buyer beware — stay far away.,0,,77
REV04917,user_0330,toaster oven,5,Great value for money toaster oven. Customer support was very responsive when I had questions. 10/10 would recommend!,1,Verified Purchase,134
REV04918,user_0481,backpack,2,"Terrible backpack, complete waste of money. Battery dies within an hour — completely unusable for daily tasks. Buyer beware — stay far away.",0,Verified Purchase,93
REV04919,user_0375,running shoes,5,"Best running shoes I've ever purchased. I've been using it daily for weeks and it still works like new. Very satisfied, no complaints.",1,Verified Purchase,102
REV04920,user_0436,screen protector,1,Not as described — very misleading screen protector listing. Customer support never responded to my multiple messages. Absolute rubbish.,0,Verified Purchase,137
REV04921,user_0852,smart bulb,2,Deeply unsatisfied with this smart bulb. Customer support never responded to my multiple messages. Requested a refund right away.,0,,92
REV04922,user_0047,sunglasses,5,"Fantastic sunglasses, works perfectly. Setup was easy and it works flawlessly right out of the box. Would definitely buy again!",1,Verified Purchase,99
REV04923,user_0570,monitor,5,"Fantastic monitor, works perfectly. The build quality is top-notch and it arrived quickly. A must-buy!",1,Verified Purchase,33
REV04924,user_0531,blender,5,"Excellent blender, exactly as described. Comfortable to use for long periods without any fatigue. A must-buy!",1,Verified Purchase,17
REV04925,user_0966,fitness tracker,1,Worst fitness tracker I have ever purchased. Connection drops constantly and the device overheats quickly. Buyer beware — stay far away.,0,Verified Purchase,52
REV04926,user_0912,blender,5,"Excellent blender, exactly as described. The design is sleek and modern, looks great on my desk. 10/10 would recommend!",1,Verified Purchase,87
REV04927,user_0100,bluetooth speaker,1,"Faulty bluetooth speaker, does not work as advertised. Very uncomfortable to use and causes strain after just minutes. Very angry and will not buy from this seller again.",0,Verified Purchase,144
REV04928,user_0907,mechanical keyboard,5,"This mechanical keyboard is a game changer. The design is sleek and modern, looks great on my desk. Would definitely buy again!",1,Verified Purchase,60
REV04929,user_0994,USB hub,5,Absolutely love this USB hub! Comfortable to use for long periods without any fatigue. Will be buying more products from this brand.,1,Verified Purchase,3
REV04930,user_0092,water bottle,4,"Solid water bottle, highly satisfied. Customer support was very responsive when I had questions. 5 stars without hesitation.",1,,14
REV04931,user_0251,monitor,5,"This monitor is worth every penny. Fits perfectly and matches exactly what was shown in the photos. Very satisfied, no complaints.",1,,17
REV04932,user_0421,resistance bands,4,"Fantastic resistance bands, works perfectly. Fits perfectly and matches exactly what was shown in the photos. Will be buying more products from this brand.",1,,25
REV04933,user_0536,screen protector,5,Best screen protector I've ever purchased. My whole family loves it and we've recommended it to friends. Will be buying more products from this brand.,1,,75
REV04934,user_0814,sunglasses,5,Best sunglasses I've ever purchased. Packaging was great and the product feels premium. A must-buy!,1,Verified Purchase,130
REV04935,user_0286,air purifier,5,Absolutely love this air purifier! Comfortable to use for long periods without any fatigue. Will be buying more products from this brand.,1,Verified Purchase,144
REV04936,user_0767,monitor,4,Purchased this monitor last month and love it. I've been using it daily for weeks and it still works like new. Would definitely buy again!,1,Verified Purchase,149
REV04937,user_0081,earbuds,1,This earbuds is cheaply made and falls apart. Customer support never responded to my multiple messages. Buyer beware — stay far away.,0,Verified Purchase,28
REV04938,user_0834,backpack,5,Best backpack I've ever purchased. Fits perfectly and matches exactly what was shown in the photos. 5 stars without hesitation.,1,Verified Purchase,69
REV04939,user_0477,laptop stand,1,Very disappointed with this laptop stand. It stopped working completely after just a few days of light use. Absolute rubbish.,0,Verified Purchase,32
REV04940,user_0913,earbuds,2,Worst earbuds I have ever purchased. Connection drops constantly and the device overheats quickly. Do not waste your money.,0,Verified Purchase,14
REV04941,user_0926,robot vacuum,1,Deeply unsatisfied with this robot vacuum. Instructions were incomprehensible and setup took hours. Do not waste your money.,0,Verified Purchase,28
REV04942,user_0551,water bottle,1,Deeply unsatisfied with this water bottle. Loud rattling noise that makes it completely unusable. 1 star — would give zero if possible.,0,Verified Purchase,24
REV04943,user_0445,phone case,5,"Solid phone case, highly satisfied. The performance quality is incredible for the price. A must-buy!",1,Verified Purchase,22
REV04944,user_0716,gaming mouse,5,Purchased this gaming mouse last month and love it. Customer support was very responsive when I had questions. Will be buying more products from this brand.,1,Verified Purchase,58
REV04945,user_0665,phone case,5,Best phone case I've ever purchased. Durable construction — dropped it a few times with no damage. A must-buy!,1,Verified Purchase,44
REV04946,user_0033,toaster oven,2,This toaster oven is cheaply made and falls apart. Very uncomfortable to use and causes strain after just minutes. Absolute rubbish.,0,Verified Purchase,43
REV04947,user_0189,instant pot,1,This instant pot is a total scam. It stopped working completely after just a few days of light use. Very angry and will not buy from this seller again.,0,Verified Purchase,96
REV04948,user_0775,air purifier,5,Best air purifier I've ever purchased. The build quality is top-notch and it arrived quickly. Already ordered a second one as a gift.,1,Verified Purchase,94
REV04949,user_0959,air purifier,1,"Terrible air purifier, complete waste of money. Instructions were incomprehensible and setup took hours. Worst purchase I've made this year.",0,Verified Purchase,52
REV04950,user_0042,bluetooth speaker,4,"Excellent bluetooth speaker, exactly as described. Durable construction — dropped it a few times with no damage. A must-buy!",1,Verified Purchase,150
REV04951,user_0571,earbuds,4,Best earbuds I've ever purchased. Connectivity is seamless and lag-free every single time. 10/10 would recommend!,1,Verified Purchase,31
REV04952,user_0232,e-reader,5,Couldn't be happier with this e-reader. Fits perfectly and matches exactly what was shown in the photos. 10/10 would recommend!,1,Verified Purchase,104
REV04953,user_0139,webcam,1,This webcam broke within days. Instructions were incomprehensible and setup took hours. Requested a refund right away.,0,Verified Purchase,118
REV04954,user_0781,power bank,2,This power bank broke within days. Connection drops constantly and the device overheats quickly. Worst purchase I've made this year.,0,Verified Purchase,106
REV04955,user_0164,monitor,1,"Poor quality monitor, save your money. Loud rattling noise that makes it completely unusable. Absolute rubbish.",0,Verified Purchase,150
REV04956,user_0089,phone case,2,Very disappointed with this phone case. Loud rattling noise that makes it completely unusable. 1 star — would give zero if possible.,0,Verified Purchase,122
REV04957,user_0756,tablet,5,"Fantastic tablet, works perfectly. Connectivity is seamless and lag-free every single time. 10/10 would recommend!",1,Verified Purchase,50
REV04958,user_0781,screen protector,5,Purchased this screen protector last month and love it. Comfortable to use for long periods without any fatigue. Would definitely buy again!,1,Verified Purchase,40
REV04959,user_0400,robot vacuum,2,"Huge disappointment, expected much better from this robot vacuum. Already broke and I only used it twice — total waste of money. Requested a refund right away.",0,Verified Purchase,115
REV04960,user_0533,tablet,5,This tablet is a game changer. Much better than my previous one — noticeable improvement. Would definitely buy again!,1,Verified Purchase,18
REV04961,user_0275,bluetooth speaker,4,"Fantastic bluetooth speaker, works perfectly. Fits perfectly and matches exactly what was shown in the photos. Very satisfied, no complaints.",1,,121
REV04962,user_0544,laptop stand,5,"Outstanding laptop stand, five stars. The performance quality is incredible for the price. 5 stars without hesitation.",1,Verified Purchase,46
REV04963,user_0814,power bank,2,Deeply unsatisfied with this power bank. Performance is terrible compared to competitors at the same price. Very angry and will not buy from this seller again.,0,,52
REV04964,user_0776,gaming mouse,5,"Excellent gaming mouse, exactly as described. My whole family loves it and we've recommended it to friends. Very satisfied, no complaints.",1,Verified Purchase,72
REV04965,user_0991,monitor,2,"Huge disappointment, expected much better from this monitor. The quality is extremely poor and feels like it will break any day. Requested a refund right away.",0,Verified Purchase,44
REV04966,user_0597,tablet,5,"Outstanding tablet, five stars. The design is sleek and modern, looks great on my desk. Already ordered a second one as a gift.",1,,21
REV04967,user_0741,screen protector,1,Regret buying this screen protector. It stopped working completely after just a few days of light use. Returning this immediately.,0,Verified Purchase,51
REV04968,user_0017,running shoes,4,"Great value for money running shoes. Much better than my previous one — noticeable improvement. Very satisfied, no complaints.",1,Verified Purchase,38
REV04969,user_0800,bluetooth speaker,4,Super happy with my bluetooth speaker purchase. The build quality is top-notch and it arrived quickly. A must-buy!,1,Verified Purchase,90
REV04970,user_0899,yoga mat,1,Deeply unsatisfied with this yoga mat. Took forever to arrive and the item was not as described at all. Requested a refund right away.,0,Verified Purchase,60
REV04971,user_0903,monitor,2,This monitor is a total scam. Battery dies within an hour — completely unusable for daily tasks. Requested a refund right away.,0,,121
REV04972,user_0243,yoga mat,1,Very disappointed with this yoga mat. Very uncomfortable to use and causes strain after just minutes. Returning this immediately.,0,Verified Purchase,101
REV04973,user_0417,earbuds,5,Couldn't be happier with this earbuds. My whole family loves it and we've recommended it to friends. Highly recommend to anyone looking for reliability.,1,Verified Purchase,23
REV04974,user_0728,running shoes,2,Regret buying this running shoes. Connection drops constantly and the device overheats quickly. Worst purchase I've made this year.,0,,50
REV04975,user_0190,toaster oven,5,This toaster oven is worth every penny. Comfortable to use for long periods without any fatigue. Highly recommend to anyone looking for reliability.,1,,48
REV04976,user_0481,laptop stand,4,"Amazing quality laptop stand, highly recommend. Setup was easy and it works flawlessly right out of the box. Would definitely buy again!",1,Verified Purchase,64
REV04977,user_0577,coffee maker,5,Best coffee maker I've ever purchased. Much better than my previous one — noticeable improvement. 5 stars without hesitation.,1,Verified Purchase,149
REV04978,user_0580,yoga mat,1,Zero stars if I could for this yoga mat. Performance is terrible compared to competitors at the same price. Returning this immediately.,0,Verified Purchase,58
REV04979,user_0499,running shoes,2,"Faulty running shoes, does not work as advertised. It stopped working completely after just a few days of light use. Very angry and will not buy from this seller again.",0,Verified Purchase,71
REV04980,user_0069,monitor,4,"Fantastic monitor, works perfectly. Much better than my previous one — noticeable improvement. A must-buy!",1,Verified Purchase,65
REV04981,user_0349,tablet,1,Zero stars if I could for this tablet. The quality is extremely poor and feels like it will break any day. Absolute rubbish.,0,Verified Purchase,140
REV04982,user_0937,charging cable,1,Deeply unsatisfied with this charging cable. The packaging was damaged and the product arrived broken. Do not waste your money.,0,,110
REV04983,user_0535,yoga mat,5,"Outstanding yoga mat, five stars. My whole family loves it and we've recommended it to friends. Will be buying more products from this brand.",1,Verified Purchase,104
REV04984,user_0329,gaming mouse,2,Deeply unsatisfied with this gaming mouse. Very uncomfortable to use and causes strain after just minutes. Absolute rubbish.,0,Verified Purchase,23
REV04985,user_0227,water bottle,4,This water bottle is a game changer. Packaging was great and the product feels premium. 10/10 would recommend!,1,Verified Purchase,71
REV04986,user_0703,earbuds,5,Best earbuds I've ever purchased. Packaging was great and the product feels premium. A must-buy!,1,Verified Purchase,149
REV04987,user_0224,phone case,4,"Excellent phone case, exactly as described. The design is sleek and modern, looks great on my desk. Highly recommend to anyone looking for reliability.",1,Verified Purchase,107
REV04988,user_0704,smart bulb,1,This smart bulb is a total scam. Performance is terrible compared to competitors at the same price. Do not waste your money.,0,,74
REV04989,user_0592,resistance bands,5,"Excellent resistance bands, exactly as described. The design is sleek and modern, looks great on my desk. Highly recommend to anyone looking for reliability.",1,,125
REV04990,user_0069,tablet,5,"Solid tablet, highly satisfied. My whole family loves it and we've recommended it to friends. 10/10 would recommend!",1,Verified Purchase,136
REV04991,user_0991,running shoes,5,Absolutely love this running shoes! Fits perfectly and matches exactly what was shown in the photos. Will be buying more products from this brand.,1,Verified Purchase,55
REV04992,user_0960,smartwatch,5,"Amazing quality smartwatch, highly recommend. Battery life is phenomenal — lasts much longer than advertised. 5 stars without hesitation.",1,,46
REV04993,user_0707,air purifier,5,"Amazing quality air purifier, highly recommend. My whole family loves it and we've recommended it to friends. Will be buying more products from this brand.",1,Verified Purchase,106
REV04994,user_0448,electric kettle,1,This electric kettle is cheaply made and falls apart. Customer support never responded to my multiple messages. Buyer beware — stay far away.,0,Verified Purchase,62
REV04995,user_0228,webcam,1,"Poor quality webcam, save your money. It stopped working completely after just a few days of light use. 1 star — would give zero if possible.",0,Verified Purchase,112
REV04996,user_0685,power bank,2,Zero stars if I could for this power bank. The quality is extremely poor and feels like it will break any day. Do not waste your money.,0,Verified Purchase,114
REV04997,user_0888,water bottle,5,"This water bottle is worth every penny. The design is sleek and modern, looks great on my desk. 10/10 would recommend!",1,Verified Purchase,22
REV04998,user_0340,mechanical keyboard,1,"Terrible mechanical keyboard, complete waste of money. Cheaply made materials that scratched and peeled after first use. Buyer beware — stay far away.",0,Verified Purchase,4
REV04999,user_0794,gaming mouse,1,Deeply unsatisfied with this gaming mouse. The quality is extremely poor and feels like it will break any day. Worst purchase I've made this year.,0,Verified Purchase,29
REV05000,user_0016,earbuds,4,Couldn't be happier with this earbuds. Battery life is phenomenal — lasts much longer than advertised. Highly recommend to anyone looking for reliability.,1,Verified Purchase,146
